# This file uses centimeters as units for non-parametric coordinates.

v 29.878021 8.005772 61.958268
v 29.878021 8.005772 58.875637
v 30.085024 8.075626 62.086471
v 30.085024 8.075626 58.747434
v 24.693760 8.075626 62.086471
v 24.693760 8.075626 58.747434
v 24.900763 8.005772 61.958268
v 24.900763 8.005772 58.875637
v 24.912508 8.075626 62.086471
v 29.866282 8.075626 62.086471
v 29.676076 8.005772 61.958268
v 25.102714 8.005772 61.958268
v 29.676076 8.005772 58.875637
v 25.102714 8.005772 58.875637
v 29.866282 8.075626 58.747434
v 24.912508 8.075626 58.747434
v 29.878021 8.005772 58.932954
v 29.878021 8.005772 61.900951
v 30.085024 8.075626 62.024391
v 30.085024 8.075626 58.809514
v 29.866282 8.075626 61.934989
v 29.866282 8.075626 58.809514
v 24.912508 8.075626 62.024391
v 24.912508 8.075626 58.809514
v 24.693760 8.075626 62.024391
v 24.693760 8.075626 58.809514
v 24.900763 8.005772 61.900951
v 24.900763 8.005772 58.932954
v 25.102714 8.005772 61.900951
v 25.102714 8.005772 58.932954
v 29.676076 8.005772 61.900951
v 29.676076 8.005772 58.932954
v 25.488050 8.075626 62.086471
v 25.245344 8.075626 62.086471
v 25.245344 8.075626 62.024391
v 25.488050 8.075626 62.024391
v 25.245344 8.075626 58.809514
v 25.488050 8.075626 58.809514
v 25.245344 8.075626 58.747434
v 25.488050 8.075626 58.747434
v 25.409990 8.005772 58.875637
v 25.634060 8.005772 58.875637
v 25.409990 8.005772 58.932954
v 25.634060 8.005772 58.932954
v 25.409990 8.005772 61.900951
v 25.634060 8.005772 61.900951
v 25.409990 8.005772 61.958268
v 25.634060 8.005772 61.958268
v 26.297128 8.075626 62.086471
v 26.054429 8.075626 62.086471
v 26.054429 8.075626 62.024391
v 26.297128 8.075626 62.024391
v 26.054429 8.075626 58.809514
v 26.297128 8.075626 58.809514
v 26.054429 8.075626 58.747434
v 26.297128 8.075626 58.747434
v 26.156944 8.005772 58.875637
v 26.381007 8.005772 58.875637
v 26.156944 8.005772 58.932954
v 26.381007 8.005772 58.932954
v 26.156944 8.005772 61.900951
v 26.381007 8.005772 61.900951
v 26.156944 8.005772 61.958268
v 26.381007 8.005772 61.958268
v 27.106207 8.075626 62.086471
v 26.863507 8.075626 62.086471
v 26.863507 8.075626 62.024391
v 27.106207 8.075626 62.024391
v 26.863507 8.075626 58.809514
v 27.106207 8.075626 58.809514
v 26.863507 8.075626 58.747434
v 27.106207 8.075626 58.747434
v 26.903891 8.005772 58.875637
v 27.127954 8.005772 58.875637
v 26.903891 8.005772 58.932954
v 27.127954 8.005772 58.932954
v 26.903891 8.005772 61.900951
v 27.127954 8.005772 61.900951
v 26.903891 8.005772 61.958268
v 27.127954 8.005772 61.958268
v 27.915285 8.075626 62.086471
v 27.672589 8.075626 62.086471
v 27.672589 8.075626 62.024391
v 27.915285 8.075626 62.024391
v 27.672589 8.075626 58.809514
v 27.915285 8.075626 58.809514
v 27.672589 8.075626 58.747434
v 27.915285 8.075626 58.747434
v 27.650842 8.005772 58.875637
v 27.874901 8.005772 58.875637
v 27.650842 8.005772 58.932954
v 27.874901 8.005772 58.932954
v 27.650842 8.005772 61.900951
v 27.874901 8.005772 61.900951
v 27.650842 8.005772 61.958268
v 27.874901 8.005772 61.958268
v 28.724360 8.075626 62.086471
v 28.481664 8.075626 62.086471
v 28.481664 8.075626 62.024391
v 28.724360 8.075626 61.934989
v 28.481664 8.075626 58.809514
v 28.724360 8.075626 58.809514
v 28.481664 8.075626 58.747434
v 28.724360 8.075626 58.747434
v 28.397786 8.005772 58.875637
v 28.621845 8.005772 58.875637
v 28.397786 8.005772 58.932954
v 28.621845 8.005772 58.932954
v 28.397786 8.005772 61.900951
v 28.621845 8.005772 61.900951
v 28.397786 8.005772 61.958268
v 28.621845 8.005772 61.958268
v 29.533438 8.075626 62.086471
v 29.290742 8.075626 62.086471
v 29.290742 8.075626 61.934989
v 29.533438 8.075626 61.934989
v 29.290742 8.075626 58.809514
v 29.533438 8.075626 58.809514
v 29.290742 8.075626 58.747434
v 29.533438 8.075626 58.747434
v 29.144733 8.005772 58.875637
v 29.368792 8.005772 58.875637
v 29.144733 8.005772 58.932954
v 29.368792 8.005772 58.932954
v 29.144733 8.005772 61.900951
v 29.368792 8.005772 61.900951
v 29.144733 8.005772 61.958268
v 29.368792 8.005772 61.958268
v 29.878021 8.005772 59.420536
v 29.878021 8.005772 59.293361
v 29.676076 8.005772 59.293361
v 29.676076 8.005772 59.420536
v 29.368792 8.005772 59.293361
v 29.368792 8.005772 59.420536
v 29.144733 8.005772 59.293361
v 29.144733 8.005772 59.420536
v 28.621845 8.005772 59.293361
v 28.621845 8.005772 59.420536
v 28.397786 8.005772 59.293361
v 28.397786 8.005772 59.420536
v 27.874901 8.005772 59.293361
v 27.874901 8.005772 59.420536
v 27.650842 8.005772 59.293361
v 27.650842 8.005772 59.420536
v 27.127954 8.005772 59.293361
v 27.127954 8.005772 59.420536
v 26.903891 8.005772 59.293361
v 26.903891 8.005772 59.420536
v 26.381007 8.005772 59.293361
v 26.381007 8.005772 59.420536
v 26.156944 8.005772 59.293361
v 26.156944 8.005772 59.420536
v 25.634060 8.005772 59.293361
v 25.634060 8.005772 59.420536
v 25.409990 8.005772 59.293361
v 25.409990 8.005772 59.420536
v 25.102714 8.005772 59.293361
v 25.102714 8.005772 59.420536
v 24.900763 8.005772 59.293361
v 24.900763 8.005772 59.420536
v 24.693760 8.075626 59.199895
v 24.693760 8.075626 59.337660
v 24.912508 8.075626 59.199895
v 24.912508 8.075626 59.337660
v 25.245344 8.075626 59.199895
v 25.245344 8.075626 59.337660
v 25.488050 8.075626 59.199895
v 25.488050 8.075626 59.337660
v 26.054429 8.075626 59.199895
v 26.054429 8.075626 59.337660
v 26.297128 8.075626 59.199895
v 26.297128 8.075626 59.337660
v 26.863507 8.075626 59.199895
v 26.863507 8.075626 59.337660
v 27.106207 8.075626 59.199895
v 27.106207 8.075626 59.337660
v 27.672589 8.075626 59.199895
v 27.672589 8.075626 59.337660
v 27.915285 8.075626 59.199895
v 27.915285 8.075626 59.337660
v 28.481664 8.075626 59.199895
v 28.481664 8.075626 59.337660
v 28.724360 8.075626 59.199895
v 28.724360 8.075626 59.337660
v 29.290742 8.075626 59.199895
v 29.290742 8.075626 59.337660
v 29.533438 8.075626 59.199895
v 29.533438 8.075626 59.337660
v 29.866282 8.075626 59.199895
v 29.866282 8.075626 59.337660
v 30.085024 8.075626 59.199895
v 30.085024 8.075626 59.337660
v 29.878021 8.005772 59.844555
v 29.878021 8.005772 59.717355
v 29.676076 8.005772 59.717355
v 29.676076 8.005772 59.844555
v 29.368792 8.005772 59.717355
v 29.368792 8.005772 59.844555
v 29.144733 8.005772 59.717355
v 29.144733 8.005772 59.844555
v 28.621845 8.005772 59.717355
v 28.621845 8.005772 59.844555
v 28.397786 8.005772 59.717355
v 28.397786 8.005772 59.844555
v 27.874901 8.005772 59.717355
v 27.874901 8.005772 59.844555
v 27.650842 8.005772 59.717355
v 27.650842 8.005772 59.844555
v 27.127954 8.005772 59.717355
v 27.127954 8.005772 59.844555
v 26.903891 8.005772 59.717355
v 26.903891 8.005772 59.844555
v 26.381007 8.005772 59.717355
v 26.381007 8.005772 59.844555
v 26.156944 8.005772 59.717355
v 26.156944 8.005772 59.844555
v 25.634060 8.005772 59.717355
v 25.634060 8.005772 59.844555
v 25.409990 8.005772 59.717355
v 25.409990 8.005772 59.844555
v 25.102714 8.005772 59.717355
v 25.102714 8.005772 59.844555
v 24.900763 8.005772 59.717355
v 24.900763 8.005772 59.844555
v 24.693760 8.075626 59.659165
v 24.693760 8.075626 59.796942
v 24.912508 8.075626 59.659165
v 24.912508 8.075626 59.796942
v 25.245344 8.075626 59.659165
v 25.245344 8.075626 59.796942
v 25.488050 8.075626 59.659165
v 25.488050 8.075626 59.796942
v 26.054429 8.075626 59.659165
v 26.054429 8.075626 59.796942
v 26.297128 8.075626 59.659165
v 26.297128 8.075626 59.796942
v 26.863507 8.075626 59.659165
v 26.863507 8.075626 59.796942
v 27.106207 8.075626 59.659165
v 27.106207 8.075626 59.796942
v 27.672589 8.075626 59.659165
v 27.672589 8.075626 59.796942
v 27.915285 8.075626 59.659165
v 27.915285 8.075626 59.796942
v 28.481664 8.075626 59.659165
v 28.481664 8.075626 59.796942
v 28.724360 8.075626 59.659165
v 28.724360 8.075626 59.796942
v 29.290742 8.075626 59.659165
v 29.290742 8.075626 59.796942
v 29.533438 8.075626 59.659165
v 29.533438 8.075626 59.796942
v 29.866282 8.075626 59.659165
v 29.866282 8.075626 59.796942
v 30.085024 8.075626 59.659165
v 30.085024 8.075626 59.796942
v 29.878021 8.005772 60.268549
v 29.878021 8.005772 60.141362
v 29.676076 8.005772 60.141362
v 29.676076 8.005772 60.268549
v 29.368792 8.005772 60.141362
v 29.368792 8.005772 60.268549
v 29.144733 8.005772 60.141362
v 29.144733 8.005772 60.268549
v 28.621845 8.005772 60.141362
v 28.621845 8.005772 60.268549
v 28.397786 8.005772 60.141362
v 28.397786 8.005772 60.268549
v 27.874901 8.005772 60.141362
v 27.874901 8.005772 60.268549
v 27.650842 8.005772 60.141362
v 27.650842 8.005772 60.268549
v 27.127954 8.005772 60.141362
v 27.127954 8.005772 60.268549
v 26.903891 8.005772 60.141362
v 26.903891 8.005772 60.268549
v 26.381007 8.005772 60.141362
v 26.381007 8.005772 60.268549
v 26.156944 8.005772 60.141362
v 26.156944 8.005772 60.268549
v 25.634060 8.005772 60.141362
v 25.634060 8.005772 60.268549
v 25.409990 8.005772 60.141362
v 25.409990 8.005772 60.268549
v 25.102714 8.005772 60.141362
v 25.102714 8.005772 60.268549
v 24.900763 8.005772 60.141362
v 24.900763 8.005772 60.268549
v 24.693760 8.075626 60.118435
v 24.693760 8.075626 60.256200
v 24.912508 8.075626 60.118435
v 24.912508 8.075626 60.256200
v 25.245344 8.075626 60.118435
v 25.245344 8.075626 60.256200
v 25.488050 8.075626 60.118435
v 25.488050 8.075626 60.256200
v 26.054429 8.075626 60.118435
v 26.054429 8.075626 60.256200
v 26.297128 8.075626 60.118435
v 26.297128 8.075626 60.256200
v 26.863507 8.075626 60.118435
v 26.863507 8.075626 60.256200
v 27.106207 8.075626 60.118435
v 27.106207 8.075626 60.256200
v 27.672589 8.075626 60.118435
v 27.672589 8.075626 60.256200
v 27.915285 8.075626 60.118435
v 27.915285 8.075626 60.256200
v 28.481664 8.075626 60.118435
v 28.481664 8.075626 60.256200
v 28.724360 8.075626 60.118435
v 28.724360 8.075626 60.256200
v 29.290742 8.075626 60.118435
v 29.290742 8.075626 60.256200
v 29.533438 8.075626 60.118435
v 29.533438 8.075626 60.256200
v 29.866282 8.075626 60.118435
v 29.866282 8.075626 60.256200
v 30.085024 8.075626 60.118435
v 30.085024 8.075626 60.256200
v 29.878021 8.005772 60.692543
v 29.878021 8.005772 60.565356
v 29.676076 8.005772 60.565356
v 29.676076 8.005772 60.692543
v 29.368792 8.005772 60.565356
v 29.368792 8.005772 60.692543
v 29.144733 8.005772 60.565356
v 29.144733 8.005772 60.692543
v 28.621845 8.005772 60.565356
v 28.621845 8.005772 60.692543
v 28.397786 8.005772 60.565356
v 28.397786 8.005772 60.692543
v 27.874901 8.005772 60.565356
v 27.874901 8.005772 60.692543
v 27.650842 8.005772 60.565356
v 27.650842 8.005772 60.692543
v 27.127954 8.005772 60.565356
v 27.127954 8.005772 60.692543
v 26.903891 8.005772 60.565356
v 26.903891 8.005772 60.692543
v 26.381007 8.005772 60.565356
v 26.381007 8.005772 60.692543
v 26.156944 8.005772 60.565356
v 26.156944 8.005772 60.692543
v 25.634060 8.005772 60.565356
v 25.634060 8.005772 60.692543
v 25.409990 8.005772 60.565356
v 25.409990 8.005772 60.692543
v 25.102714 8.005772 60.565356
v 25.102714 8.005772 60.692543
v 24.900763 8.005772 60.565356
v 24.900763 8.005772 60.692543
v 24.693760 8.075626 60.577705
v 24.693760 8.075626 60.715470
v 24.912508 8.075626 60.577705
v 24.912508 8.075626 60.715470
v 25.245344 8.075626 60.577705
v 25.245344 8.075626 60.715470
v 25.488050 8.075626 60.577705
v 25.488050 8.075626 60.715470
v 26.054429 8.075626 60.577705
v 26.054429 8.075626 60.715470
v 26.297128 8.075626 60.577705
v 26.297128 8.075626 60.715470
v 26.863507 8.075626 60.577705
v 26.863507 8.075626 60.715470
v 27.106207 8.075626 60.577705
v 27.106207 8.075626 60.715470
v 27.672589 8.075626 60.577705
v 27.672589 8.075626 60.715470
v 27.915285 8.075626 60.577705
v 27.915285 8.075626 60.715470
v 28.481664 8.075626 60.577705
v 28.481664 8.075626 60.715470
v 28.724360 8.075626 60.577705
v 28.724360 8.075626 60.715470
v 29.290742 8.075626 60.577705
v 29.290742 8.075626 60.715470
v 29.533438 8.075626 60.577705
v 29.533438 8.075626 60.715470
v 29.866282 8.075626 60.577705
v 29.866282 8.075626 60.715470
v 30.085024 8.075626 60.577705
v 30.085024 8.075626 60.715470
v 29.878021 8.005772 61.116550
v 29.878021 8.005772 60.989350
v 29.676076 8.005772 60.989350
v 29.676076 8.005772 61.116550
v 29.368792 8.005772 60.989350
v 29.368792 8.005772 61.116550
v 29.144733 8.005772 60.989350
v 29.144733 8.005772 61.116550
v 28.621845 8.005772 60.989350
v 28.621845 8.005772 61.116550
v 28.397786 8.005772 60.989350
v 28.397786 8.005772 61.116550
v 27.874901 8.005772 60.989350
v 27.874901 8.005772 61.116550
v 27.650842 8.005772 60.989350
v 27.650842 8.005772 61.116550
v 27.127954 8.005772 60.989350
v 27.127954 8.005772 61.116550
v 26.903891 8.005772 60.989350
v 26.903891 8.005772 61.116550
v 26.381007 8.005772 60.989350
v 26.381007 8.005772 61.116550
v 26.156944 8.005772 60.989350
v 26.156944 8.005772 61.116550
v 25.634060 8.005772 60.989350
v 25.634060 8.005772 61.116550
v 25.409990 8.005772 60.989350
v 25.409990 8.005772 61.116550
v 25.102714 8.005772 60.989350
v 25.102714 8.005772 61.116550
v 24.900763 8.005772 60.989350
v 24.900763 8.005772 61.116550
v 24.693760 8.075626 61.036963
v 24.693760 8.075626 61.174740
v 24.912508 8.075626 61.036963
v 24.912508 8.075626 61.174740
v 25.245344 8.075626 61.036963
v 25.245344 8.075626 61.174740
v 25.488050 8.075626 61.036963
v 25.488050 8.075626 61.174740
v 26.054429 8.075626 61.036963
v 26.054429 8.075626 61.174740
v 26.297128 8.075626 61.036963
v 26.297128 8.075626 61.174740
v 26.863507 8.075626 61.036963
v 26.863507 8.075626 61.174740
v 27.106207 8.075626 61.036963
v 27.106207 8.075626 61.174740
v 27.672589 8.075626 61.036963
v 27.672589 8.075626 61.174740
v 27.915285 8.075626 61.036963
v 27.915285 8.075626 61.174740
v 28.481664 8.075626 61.036963
v 28.481664 8.075626 61.174740
v 28.724360 8.075626 61.036963
v 28.724360 8.075626 61.174740
v 29.290742 8.075626 61.036963
v 29.290742 8.075626 61.174740
v 29.533438 8.075626 61.036963
v 29.533438 8.075626 61.174740
v 29.866282 8.075626 61.036963
v 29.866282 8.075626 61.174740
v 30.085024 8.075626 61.036963
v 30.085024 8.075626 61.174740
v 29.878021 8.005772 61.540544
v 29.878021 8.005772 61.413369
v 29.676076 8.005772 61.413369
v 29.676076 8.005772 61.540544
v 29.368792 8.005772 61.413369
v 29.368792 8.005772 61.540544
v 29.144733 8.005772 61.413369
v 29.144733 8.005772 61.540544
v 28.621845 8.005772 61.413369
v 28.621845 8.005772 61.540544
v 28.397786 8.005772 61.413369
v 28.397786 8.005772 61.540544
v 27.874901 8.005772 61.413369
v 27.874901 8.005772 61.540544
v 27.650842 8.005772 61.413369
v 27.650842 8.005772 61.540544
v 27.127954 8.005772 61.413369
v 27.127954 8.005772 61.540544
v 26.903891 8.005772 61.413369
v 26.903891 8.005772 61.540544
v 26.381007 8.005772 61.413369
v 26.381007 8.005772 61.540544
v 26.156944 8.005772 61.413369
v 26.156944 8.005772 61.540544
v 25.634060 8.005772 61.413369
v 25.634060 8.005772 61.540544
v 25.409990 8.005772 61.413369
v 25.409990 8.005772 61.540544
v 25.102714 8.005772 61.413369
v 25.102714 8.005772 61.540544
v 24.900763 8.005772 61.413369
v 24.900763 8.005772 61.540544
v 24.693760 8.075626 61.496245
v 24.693760 8.075626 61.634010
v 24.912508 8.075626 61.496245
v 24.912508 8.075626 61.634010
v 25.245344 8.075626 61.496245
v 25.245344 8.075626 61.634010
v 25.488050 8.075626 61.496245
v 25.488050 8.075626 61.634010
v 26.054429 8.075626 61.496245
v 26.054429 8.075626 61.634010
v 26.297128 8.075626 61.496245
v 26.297128 8.075626 61.634010
v 26.863507 8.075626 61.496245
v 26.863507 8.075626 61.634010
v 27.106207 8.075626 61.496245
v 27.106207 8.075626 61.634010
v 27.672589 8.075626 61.496245
v 27.672589 8.075626 61.634010
v 27.915285 8.075626 61.496245
v 27.915285 8.075626 61.634010
v 28.481664 8.075626 61.496245
v 28.481664 8.075626 61.634010
v 28.724360 8.075626 61.496245
v 28.724360 8.075626 61.634010
v 29.290742 8.075626 61.496245
v 29.290742 8.075626 61.634010
v 29.533438 8.075626 61.496245
v 29.533438 8.075626 61.634010
v 29.866282 8.075626 61.496245
v 29.866282 8.075626 61.634010
v 30.085024 8.075626 61.496245
v 30.085024 8.075626 61.634010
v 30.698924 8.983446 62.280698
v 30.698924 8.983446 62.466677
v 30.430365 8.983446 62.280698
v 30.430365 8.983446 62.466677
v 24.348429 8.983446 62.280698
v 24.348429 8.983446 62.466677
v 24.079861 8.983446 62.280698
v 24.079861 8.983446 62.466677
v 30.698924 8.983446 58.553207
v 30.430365 8.983446 58.553207
v 30.698924 8.983446 58.367228
v 30.430365 8.983446 58.367228
v 24.348429 8.983446 58.553207
v 24.079861 8.983446 58.553207
v 24.348429 8.983446 58.367228
v 24.079861 8.983446 58.367228
v 25.055039 8.983446 62.466677
v 24.757068 8.983446 62.466677
v 25.055039 8.983446 62.280698
v 24.757068 8.983446 62.280698
v 25.055039 8.983446 58.553207
v 24.757068 8.983446 58.553207
v 25.055039 8.983446 58.367228
v 24.757068 8.983446 58.367228
v 26.048378 8.983446 62.466677
v 25.750406 8.983446 62.466677
v 26.048378 8.983446 62.280698
v 25.750406 8.983446 62.280698
v 26.048378 8.983446 58.553207
v 25.750406 8.983446 58.553207
v 26.048378 8.983446 58.367228
v 25.750406 8.983446 58.367228
v 27.041709 8.983446 62.466677
v 26.743738 8.983446 62.466677
v 27.041709 8.983446 62.280698
v 26.743738 8.983446 62.280698
v 27.041709 8.983446 58.553207
v 26.743738 8.983446 58.553207
v 27.041709 8.983446 58.367228
v 26.743738 8.983446 58.367228
v 28.035051 8.983446 62.466677
v 27.737080 8.983446 62.466677
v 28.035051 8.983446 62.280698
v 27.737080 8.983446 62.280698
v 28.035051 8.983446 58.553207
v 27.737080 8.983446 58.553207
v 28.035051 8.983446 58.367228
v 27.737080 8.983446 58.367228
v 29.028382 8.983446 62.466677
v 28.730418 8.983446 62.466677
v 29.028382 8.983446 62.280698
v 28.730418 8.983446 62.280698
v 29.028382 8.983446 58.553207
v 28.730418 8.983446 58.553207
v 29.028382 8.983446 58.367228
v 28.730418 8.983446 58.367228
v 30.021721 8.983446 62.466677
v 29.723753 8.983446 62.466677
v 30.021721 8.983446 62.280698
v 29.723753 8.983446 62.280698
v 30.021721 8.983446 58.553207
v 29.723753 8.983446 58.553207
v 30.021721 8.983446 58.367228
v 29.723753 8.983446 58.367228
v 24.079861 8.983446 59.091875
v 24.079861 8.983446 58.922726
v 24.348429 8.983446 59.091875
v 24.348429 8.983446 58.922726
v 30.430365 8.983446 59.091875
v 30.430365 8.983446 58.922726
v 30.698924 8.983446 59.091875
v 30.698924 8.983446 58.922726
v 24.079861 8.983446 59.655743
v 24.079861 8.983446 59.486582
v 24.348429 8.983446 59.655743
v 24.348429 8.983446 59.486582
v 30.430365 8.983446 59.655743
v 30.430365 8.983446 59.486582
v 30.698924 8.983446 59.655743
v 30.698924 8.983446 59.486582
v 24.079861 8.983446 60.219599
v 24.079861 8.983446 60.050438
v 24.348429 8.983446 60.219599
v 24.348429 8.983446 60.050438
v 30.430365 8.983446 60.219599
v 30.430365 8.983446 60.050438
v 30.698924 8.983446 60.219599
v 30.698924 8.983446 60.050438
v 24.079861 8.983446 60.783467
v 24.079861 8.983446 60.614306
v 24.348429 8.983446 60.783467
v 24.348429 8.983446 60.614306
v 30.430365 8.983446 60.783467
v 30.430365 8.983446 60.614306
v 30.698924 8.983446 60.783467
v 30.698924 8.983446 60.614306
v 24.079861 8.983446 61.347323
v 24.079861 8.983446 61.178162
v 24.348429 8.983446 61.347323
v 24.348429 8.983446 61.178162
v 30.430365 8.983446 61.347323
v 30.430365 8.983446 61.178162
v 30.698924 8.983446 61.347323
v 30.698924 8.983446 61.178162
v 24.079861 8.983446 61.911179
v 24.079861 8.983446 61.742030
v 24.348429 8.983446 61.911179
v 24.348429 8.983446 61.742030
v 30.430365 8.983446 61.911179
v 30.430365 8.983446 61.742030
v 30.698924 8.983446 61.911179
v 30.698924 8.983446 61.742030
v 30.698924 9.055549 62.280698
v 30.698924 9.055549 62.466677
v 30.430365 9.055549 62.280698
v 30.430365 9.055549 62.466677
v 24.348429 9.055549 62.280698
v 24.348429 9.055549 62.466677
v 24.079861 9.055549 62.280698
v 24.079861 9.055549 62.466677
v 30.698924 9.055549 58.553207
v 30.430365 9.055549 58.553207
v 30.698924 9.055549 58.367228
v 30.430365 9.055549 58.367228
v 24.348429 9.055549 58.553207
v 24.079861 9.055549 58.553207
v 24.348429 9.055549 58.367228
v 24.079861 9.055549 58.367228
v 25.055039 9.055549 62.466677
v 24.757068 9.055549 62.466677
v 25.055039 9.055549 62.280698
v 24.757068 9.055549 62.280698
v 25.055039 9.055549 58.553207
v 24.757068 9.055549 58.553207
v 25.055039 9.055549 58.367228
v 24.757068 9.055549 58.367228
v 26.048378 9.055549 62.466677
v 25.750406 9.055549 62.466677
v 26.048378 9.055549 62.280698
v 25.750406 9.055549 62.280698
v 26.048378 9.055549 58.553207
v 25.750406 9.055549 58.553207
v 26.048378 9.055549 58.367228
v 25.750406 9.055549 58.367228
v 27.041709 9.055549 62.466677
v 26.743738 9.055549 62.466677
v 27.041709 9.055549 62.280698
v 26.743738 9.055549 62.280698
v 27.041709 9.055549 58.553207
v 26.743738 9.055549 58.553207
v 27.041709 9.055549 58.367228
v 26.743738 9.055549 58.367228
v 28.035051 9.055549 62.466677
v 27.737080 9.055549 62.466677
v 28.035051 9.055549 62.280698
v 27.737080 9.055549 62.280698
v 28.035051 9.055549 58.553207
v 27.737080 9.055549 58.553207
v 28.035051 9.055549 58.367228
v 27.737080 9.055549 58.367228
v 29.028382 9.055549 62.466677
v 28.730418 9.055549 62.466677
v 29.028382 9.055549 62.280698
v 28.730418 9.055549 62.280698
v 29.028382 9.055549 58.553207
v 28.730418 9.055549 58.553207
v 29.028382 9.055549 58.367228
v 28.730418 9.055549 58.367228
v 30.021721 9.055549 62.466677
v 29.723753 9.055549 62.466677
v 30.021721 9.055549 62.280698
v 29.723753 9.055549 62.280698
v 30.021721 9.055549 58.553207
v 29.723753 9.055549 58.553207
v 30.021721 9.055549 58.367228
v 29.723753 9.055549 58.367228
v 24.079861 9.055549 59.091875
v 24.079861 9.055549 58.922726
v 24.348429 9.055549 59.091875
v 24.348429 9.055549 58.922726
v 30.430365 9.055549 59.091875
v 30.430365 9.055549 58.922726
v 30.698924 9.055549 59.091875
v 30.698924 9.055549 58.922726
v 24.079861 9.055549 59.655743
v 24.079861 9.055549 59.486582
v 24.348429 9.055549 59.655743
v 24.348429 9.055549 59.486582
v 30.430365 9.055549 59.655743
v 30.430365 9.055549 59.486582
v 30.698924 9.055549 59.655743
v 30.698924 9.055549 59.486582
v 24.079861 9.055549 60.219599
v 24.079861 9.055549 60.050438
v 24.348429 9.055549 60.219599
v 24.348429 9.055549 60.050438
v 30.430365 9.055549 60.219599
v 30.430365 9.055549 60.050438
v 30.698924 9.055549 60.219599
v 30.698924 9.055549 60.050438
v 24.079861 9.055549 60.783467
v 24.079861 9.055549 60.614306
v 24.348429 9.055549 60.783467
v 24.348429 9.055549 60.614306
v 30.430365 9.055549 60.783467
v 30.430365 9.055549 60.614306
v 30.698924 9.055549 60.783467
v 30.698924 9.055549 60.614306
v 24.079861 9.055549 61.347323
v 24.079861 9.055549 61.178162
v 24.348429 9.055549 61.347323
v 24.348429 9.055549 61.178162
v 30.430365 9.055549 61.347323
v 30.430365 9.055549 61.178162
v 30.698924 9.055549 61.347323
v 30.698924 9.055549 61.178162
v 24.079861 9.055549 61.911179
v 24.079861 9.055549 61.742030
v 24.348429 9.055549 61.911179
v 24.348429 9.055549 61.742030
v 30.430365 9.055549 61.911179
v 30.430365 9.055549 61.742030
v 30.698924 9.055549 61.911179
v 30.698924 9.055549 61.742030
v 30.698924 9.196156 62.280698
v 30.698924 9.196156 62.466677
v 30.430365 9.196156 62.466677
v 24.348429 9.196156 62.466677
v 24.079861 9.196156 62.280698
v 24.079861 9.196156 62.466677
v 30.698924 9.196156 58.553207
v 30.698924 9.196156 58.367228
v 30.430365 9.196156 58.367228
v 24.079861 9.196156 58.553207
v 24.348429 9.196156 58.367228
v 24.079861 9.196156 58.367228
v 25.055039 9.196156 62.466677
v 24.757068 9.196156 62.466677
v 25.055039 9.196156 58.367228
v 24.757068 9.196156 58.367228
v 26.048378 9.196156 62.466677
v 25.750406 9.196156 62.466677
v 26.048378 9.196156 58.367228
v 25.750406 9.196156 58.367228
v 27.041709 9.196156 62.466677
v 26.743738 9.196156 62.466677
v 27.041709 9.196156 58.367228
v 26.743738 9.196156 58.367228
v 28.035051 9.196156 62.466677
v 27.737080 9.196156 62.466677
v 28.035051 9.196156 58.367228
v 27.737080 9.196156 58.367228
v 29.028382 9.196156 62.466677
v 28.730418 9.196156 62.466677
v 29.028382 9.196156 58.367228
v 28.730418 9.196156 58.367228
v 30.021721 9.196156 62.466677
v 29.723753 9.196156 62.466677
v 30.021721 9.196156 58.367228
v 29.723753 9.196156 58.367228
v 24.079861 9.196156 59.091875
v 24.079861 9.196156 58.922726
v 30.698924 9.196156 59.091875
v 30.698924 9.196156 58.922726
v 24.079861 9.196156 59.655743
v 24.079861 9.196156 59.486582
v 30.698924 9.196156 59.655743
v 30.698924 9.196156 59.486582
v 24.079861 9.196156 60.219599
v 24.079861 9.196156 60.050438
v 30.698924 9.196156 60.219599
v 30.698924 9.196156 60.050438
v 24.079861 9.196156 60.783467
v 24.079861 9.196156 60.614306
v 30.698924 9.196156 60.783467
v 30.698924 9.196156 60.614306
v 24.079861 9.196156 61.347323
v 24.079861 9.196156 61.178162
v 30.698924 9.196156 61.347323
v 30.698924 9.196156 61.178162
v 24.079861 9.196156 61.911179
v 24.079861 9.196156 61.742030
v 30.698924 9.196156 61.911179
v 30.698924 9.196156 61.742030
v 30.350757 8.260718 62.084627
v 30.291683 8.090962 62.051359
v 30.291469 8.090832 62.214332
v 30.350974 8.260848 62.251173
v 30.055776 8.090702 62.214196
v 30.110849 8.260978 62.251310
v 29.697467 8.090702 62.214196
v 29.745139 8.260978 62.251310
v 29.436206 8.090702 62.214196
v 29.478482 8.260978 62.251310
v 28.826492 8.090702 62.214196
v 28.856172 8.260978 62.251310
v 28.565230 8.090702 62.214196
v 28.589515 8.260978 62.251310
v 27.955516 8.090702 62.214196
v 27.967208 8.260978 62.251310
v 27.694251 8.090702 62.214196
v 27.700547 8.260978 62.251310
v 27.084544 8.090702 62.214196
v 27.078245 8.260978 62.251310
v 26.823265 8.090702 62.214196
v 26.811580 8.260978 62.251310
v 26.213569 8.090702 62.214196
v 26.189278 8.260978 62.251310
v 25.952304 8.090702 62.214196
v 25.922613 8.260978 62.251310
v 25.342594 8.090702 62.214196
v 25.300311 8.260978 62.251310
v 25.081321 8.090702 62.214196
v 25.033646 8.260978 62.251310
v 24.723015 8.090702 62.214196
v 24.667945 8.260978 62.251310
v 24.487321 8.090832 62.214332
v 24.427814 8.260848 62.251173
v 24.487104 8.090962 62.051359
v 24.428031 8.260718 62.084627
v 24.487104 8.090962 61.727319
v 24.428031 8.260718 61.753993
v 24.487104 8.090962 61.578976
v 24.428031 8.260718 61.602626
v 24.487104 8.090962 61.232834
v 24.428031 8.260718 61.249448
v 24.487104 8.090962 61.084491
v 24.428031 8.260718 61.098081
v 24.487104 8.090962 60.738361
v 24.428031 8.260718 60.744903
v 24.487104 8.090962 60.590030
v 24.428031 8.260718 60.593547
v 24.487104 8.090962 60.243875
v 24.428031 8.260718 60.240357
v 24.487104 8.090962 60.095544
v 24.428031 8.260718 60.089002
v 24.487104 8.090962 59.749414
v 24.428031 8.260718 59.735824
v 24.487104 8.090962 59.601071
v 24.428031 8.260718 59.584457
v 24.487104 8.090962 59.254929
v 24.428031 8.260718 59.231279
v 24.487104 8.090962 59.106585
v 24.428031 8.260718 59.079912
v 24.487104 8.090962 58.782546
v 24.428031 8.260718 58.749277
v 24.487321 8.090832 58.619573
v 24.427814 8.260848 58.582732
v 24.723015 8.090702 58.619709
v 24.667945 8.260978 58.582595
v 25.081321 8.090702 58.619709
v 25.033646 8.260978 58.582595
v 25.342594 8.090702 58.619709
v 25.300311 8.260978 58.582595
v 25.952304 8.090702 58.619709
v 25.922613 8.260978 58.582595
v 26.213569 8.090702 58.619709
v 26.189278 8.260978 58.582595
v 26.823265 8.090702 58.619709
v 26.811580 8.260978 58.582595
v 27.084544 8.090702 58.619709
v 27.078245 8.260978 58.582595
v 27.694251 8.090702 58.619709
v 27.700547 8.260978 58.582595
v 27.955516 8.090702 58.619709
v 27.967208 8.260978 58.582595
v 28.565230 8.090702 58.619709
v 28.589515 8.260978 58.582595
v 28.826492 8.090702 58.619709
v 28.856172 8.260978 58.582595
v 29.436206 8.090702 58.619709
v 29.478482 8.260978 58.582595
v 29.697467 8.090702 58.619709
v 29.745139 8.260978 58.582595
v 30.055776 8.090702 58.619709
v 30.110849 8.260978 58.582595
v 30.291469 8.090832 58.619573
v 30.350974 8.260848 58.582732
v 30.291683 8.090962 58.782546
v 30.350757 8.260718 58.749277
v 30.291683 8.090962 59.106585
v 30.350757 8.260718 59.079912
v 30.291683 8.090962 59.254929
v 30.350757 8.260718 59.231279
v 30.291683 8.090962 59.601071
v 30.350757 8.260718 59.584457
v 30.291683 8.090962 59.749414
v 30.350757 8.260718 59.735824
v 30.291683 8.090962 60.095544
v 30.350757 8.260718 60.089002
v 30.291683 8.090962 60.243875
v 30.350757 8.260718 60.240357
v 30.291683 8.090962 60.590030
v 30.350757 8.260718 60.593547
v 30.291683 8.090962 60.738361
v 30.350757 8.260718 60.744903
v 30.291683 8.090962 61.084491
v 30.350757 8.260718 61.098081
v 30.291683 8.090962 61.232834
v 30.350757 8.260718 61.249448
v 30.291683 8.090962 61.578976
v 30.350757 8.260718 61.602626
v 30.291683 8.090962 61.727319
v 30.350757 8.260718 61.753993
v 25.212967 8.983446 62.154611
v 25.239484 9.001125 62.133437
v 24.965053 9.001470 62.133437
v 24.936212 8.983446 62.153860
v 24.936212 9.055549 62.153860
v 24.965053 9.037525 62.133437
v 25.239484 9.037870 62.133437
v 25.212967 9.055549 62.154611
v 25.239484 9.001125 58.700467
v 25.212967 8.983446 58.679294
v 24.936212 8.983446 58.680045
v 24.965053 9.001470 58.700467
v 25.212967 9.055549 58.679294
v 25.239484 9.037870 58.700467
v 24.965053 9.037525 58.700467
v 24.936212 9.055549 58.680045
v 26.137485 8.983446 62.156864
v 26.154336 8.999956 62.133437
v 25.879905 9.000294 62.133437
v 25.859852 8.983446 62.156238
v 25.859852 9.055549 62.156238
v 25.879905 9.038701 62.133437
v 26.154336 9.039039 62.133437
v 26.137485 9.055549 62.156864
v 26.154336 8.999956 58.700467
v 26.137485 8.983446 58.677041
v 25.859852 8.983446 58.677667
v 25.879905 9.000294 58.700467
v 26.137485 9.055549 58.677041
v 26.154336 9.039039 58.700467
v 25.879905 9.038701 58.700467
v 25.859852 9.055549 58.677667
v 27.064569 8.983446 62.158161
v 27.069182 8.999179 62.133437
v 26.794751 8.999332 62.133437
v 26.786276 8.983446 62.157922
v 26.786276 9.055549 62.157922
v 26.794751 9.039664 62.133437
v 27.069182 9.039816 62.133437
v 27.064569 9.055549 62.158161
v 27.069182 8.999179 58.700467
v 27.064569 8.983446 58.675744
v 26.786276 8.983446 58.675983
v 26.794751 8.999332 58.700467
v 27.064569 9.055549 58.675744
v 27.069182 9.039816 58.700467
v 26.794751 9.039664 58.700467
v 26.786276 9.055549 58.675983
v 27.992513 8.983446 62.157922
v 27.984034 8.999332 62.133437
v 27.709611 8.999179 62.133437
v 27.714224 8.983446 62.158161
v 27.714224 9.055549 62.158161
v 27.709611 9.039816 62.133437
v 27.984034 9.039664 62.133437
v 27.992513 9.055549 62.157922
v 27.984034 8.999332 58.700467
v 27.992513 8.983446 58.675983
v 27.714224 8.983446 58.675744
v 27.709611 8.999179 58.700467
v 27.992513 9.055549 58.675983
v 27.984034 9.039664 58.700467
v 27.709611 9.039816 58.700467
v 27.714224 9.055549 58.675744
v 28.918941 8.983446 62.156238
v 28.898884 9.000294 62.133437
v 28.624460 8.999956 62.133437
v 28.641310 8.983446 62.156864
v 28.641310 9.055549 62.156864
v 28.624460 9.039039 62.133437
v 28.898884 9.038701 62.133437
v 28.918941 9.055549 62.156238
v 28.898884 9.000294 58.700467
v 28.918941 8.983446 58.677667
v 28.641310 8.983446 58.677041
v 28.624460 8.999956 58.700467
v 28.918941 9.055549 58.677667
v 28.898884 9.038701 58.700467
v 28.624460 9.039039 58.700467
v 28.641310 9.055549 58.677041
v 29.842584 8.983446 62.153860
v 29.813736 9.001470 62.133437
v 29.539309 9.001125 62.133437
v 29.565822 8.983446 62.154611
v 29.565822 9.055549 62.154611
v 29.539309 9.037870 62.133437
v 29.813736 9.037525 62.133437
v 29.842584 9.055549 62.153860
v 29.813736 9.001470 58.700467
v 29.842584 8.983446 58.680045
v 29.565822 8.983446 58.679294
v 29.539309 9.001125 58.700467
v 29.842584 9.055549 58.680045
v 29.813736 9.037525 58.700467
v 29.539309 9.037870 58.700467
v 29.565822 9.055549 58.679294
v 24.588697 8.999114 62.133437
v 24.557316 8.983446 62.158275
v 24.557316 9.055549 62.158275
v 24.588697 9.039881 62.133437
v 24.557316 8.983446 58.675630
v 24.588697 8.999114 58.700467
v 24.588697 9.039881 58.700467
v 24.557316 9.055549 58.675630
v 30.221471 8.983446 62.158275
v 30.190094 8.999114 62.133437
v 30.190094 9.039881 62.133437
v 30.221471 9.055549 62.158275
v 30.190094 8.999114 58.700467
v 30.221471 8.983446 58.675630
v 30.221471 9.055549 58.675630
v 30.190094 9.039881 58.700467
v 24.559243 8.983446 59.183739
v 24.588697 9.000021 59.196570
v 24.588697 9.000224 59.040781
v 24.559708 8.983446 59.026541
v 24.559708 9.055549 59.026541
v 24.588697 9.038771 59.040781
v 24.588697 9.038974 59.196570
v 24.559243 9.055549 59.183739
v 30.190094 9.000021 59.196570
v 30.219541 8.983446 59.183739
v 30.219076 8.983446 59.026541
v 30.190094 9.000224 59.040781
v 30.219541 9.055549 59.183739
v 30.190094 9.038974 59.196570
v 30.190094 9.038771 59.040781
v 30.219076 9.055549 59.026541
v 24.557998 8.983446 59.708199
v 24.588697 8.999445 59.715885
v 24.588697 8.999596 59.560097
v 24.558320 8.983446 59.550808
v 24.558320 9.055549 59.550808
v 24.588697 9.039399 59.560097
v 24.588697 9.039550 59.715885
v 24.557998 9.055549 59.708199
v 30.190094 8.999445 59.715885
v 30.220793 8.983446 59.708199
v 30.220477 8.983446 59.550808
v 30.190094 8.999596 59.560097
v 30.220793 9.055549 59.708199
v 30.190094 9.039550 59.715885
v 30.190094 9.039399 59.560097
v 30.220477 9.055549 59.550808
v 24.557366 8.983446 60.233165
v 24.588697 8.999138 60.235189
v 24.588697 8.999194 60.079400
v 24.557483 8.983446 60.075641
v 24.557483 9.055549 60.075641
v 24.588697 9.039801 60.079400
v 24.588697 9.039858 60.235189
v 24.557366 9.055549 60.233165
v 30.190094 8.999138 60.235189
v 30.221425 8.983446 60.233165
v 30.221310 8.983446 60.075641
v 30.190094 8.999194 60.079400
v 30.221425 9.055549 60.233165
v 30.190094 9.039858 60.235189
v 30.190094 9.039801 60.079400
v 30.221310 9.055549 60.075641
v 24.557483 8.983446 60.758263
v 24.588697 8.999194 60.754505
v 24.588697 8.999138 60.598716
v 24.557366 8.983446 60.600740
v 24.557366 9.055549 60.600740
v 24.588697 9.039858 60.598716
v 24.588697 9.039801 60.754505
v 24.557483 9.055549 60.758263
v 30.190094 8.999194 60.754505
v 30.221310 8.983446 60.758263
v 30.221425 8.983446 60.600740
v 30.190094 8.999138 60.598716
v 30.221310 9.055549 60.758263
v 30.190094 9.039801 60.754505
v 30.190094 9.039858 60.598716
v 30.221425 9.055549 60.600740
v 24.558320 8.983446 61.283097
v 24.588697 8.999596 61.273808
v 24.588697 8.999445 61.118020
v 24.557998 8.983446 61.125706
v 24.557998 9.055549 61.125706
v 24.588697 9.039550 61.118020
v 24.588697 9.039399 61.273808
v 24.558320 9.055549 61.283097
v 30.190094 8.999596 61.273808
v 30.220477 8.983446 61.283097
v 30.220793 8.983446 61.125706
v 30.190094 8.999445 61.118020
v 30.220477 9.055549 61.283097
v 30.190094 9.039399 61.273808
v 30.190094 9.039550 61.118020
v 30.220793 9.055549 61.125706
v 24.559708 8.983446 61.807364
v 24.588697 9.000224 61.793124
v 24.588697 9.000021 61.637335
v 24.559243 8.983446 61.650166
v 24.559243 9.055549 61.650166
v 24.588697 9.038974 61.637335
v 24.588697 9.038771 61.793124
v 24.559708 9.055549 61.807364
v 30.190094 9.000224 61.793124
v 30.219076 8.983446 61.807364
v 30.219541 8.983446 61.650166
v 30.190094 9.000021 61.637335
v 30.219076 9.055549 61.807364
v 30.190094 9.038771 61.793124
v 30.190094 9.038974 61.637335
v 30.219541 9.055549 61.650166
v 25.055039 9.160949 62.280698
v 25.055039 9.196156 62.336483
v 24.757068 9.196156 62.336483
v 24.757068 9.160949 62.280698
v 25.055039 9.196156 58.497422
v 25.055039 9.160949 58.553207
v 24.757068 9.160949 58.553207
v 24.757068 9.196156 58.497422
v 26.048378 9.160949 62.280698
v 26.048378 9.196156 62.336483
v 25.750406 9.196156 62.336483
v 25.750406 9.160949 62.280698
v 26.048378 9.196156 58.497422
v 26.048378 9.160949 58.553207
v 25.750406 9.160949 58.553207
v 25.750406 9.196156 58.497422
v 27.041709 9.160949 62.280698
v 27.041709 9.196156 62.336483
v 26.743738 9.196156 62.336483
v 26.743738 9.160949 62.280698
v 27.041709 9.196156 58.497422
v 27.041709 9.160949 58.553207
v 26.743738 9.160949 58.553207
v 26.743738 9.196156 58.497422
v 28.035051 9.160949 62.280698
v 28.035051 9.196156 62.336483
v 27.737080 9.196156 62.336483
v 27.737080 9.160949 62.280698
v 28.035051 9.196156 58.497422
v 28.035051 9.160949 58.553207
v 27.737080 9.160949 58.553207
v 27.737080 9.196156 58.497422
v 29.028382 9.160949 62.280698
v 29.028382 9.196156 62.336483
v 28.730418 9.196156 62.336483
v 28.730418 9.160949 62.280698
v 29.028382 9.196156 58.497422
v 29.028382 9.160949 58.553207
v 28.730418 9.160949 58.553207
v 28.730418 9.196156 58.497422
v 30.021721 9.160949 62.280698
v 30.021721 9.196156 62.336483
v 29.723753 9.196156 62.336483
v 29.723753 9.160949 62.280698
v 30.021721 9.196156 58.497422
v 30.021721 9.160949 58.553207
v 29.723753 9.160949 58.553207
v 29.723753 9.196156 58.497422
v 24.277920 9.196156 62.336483
v 24.348429 9.160949 62.280698
v 24.348429 9.160949 58.553207
v 24.277920 9.196156 58.497422
v 30.430365 9.160949 62.280698
v 30.500874 9.196156 62.336483
v 30.500874 9.196156 58.497422
v 30.430365 9.160949 58.553207
v 24.348429 9.160949 59.091875
v 24.277920 9.196156 59.091875
v 24.277920 9.196156 58.922726
v 24.348429 9.160949 58.922726
v 30.500874 9.196156 59.091875
v 30.430365 9.160949 59.091875
v 30.430365 9.160949 58.922726
v 30.500874 9.196156 58.922726
v 24.348429 9.160949 59.655743
v 24.277920 9.196156 59.655743
v 24.277920 9.196156 59.486582
v 24.348429 9.160949 59.486582
v 30.500874 9.196156 59.655743
v 30.430365 9.160949 59.655743
v 30.430365 9.160949 59.486582
v 30.500874 9.196156 59.486582
v 24.348429 9.160949 60.219599
v 24.277920 9.196156 60.219599
v 24.277920 9.196156 60.050438
v 24.348429 9.160949 60.050438
v 30.500874 9.196156 60.219599
v 30.430365 9.160949 60.219599
v 30.430365 9.160949 60.050438
v 30.500874 9.196156 60.050438
v 24.348429 9.160949 60.783467
v 24.277920 9.196156 60.783467
v 24.277920 9.196156 60.614306
v 24.348429 9.160949 60.614306
v 30.500874 9.196156 60.783467
v 30.430365 9.160949 60.783467
v 30.430365 9.160949 60.614306
v 30.500874 9.196156 60.614306
v 24.348429 9.160949 61.347323
v 24.277920 9.196156 61.347323
v 24.277920 9.196156 61.178162
v 24.348429 9.160949 61.178162
v 30.500874 9.196156 61.347323
v 30.430365 9.160949 61.347323
v 30.430365 9.160949 61.178162
v 30.500874 9.196156 61.178162
v 24.348429 9.160949 61.911179
v 24.277920 9.196156 61.911179
v 24.277920 9.196156 61.742030
v 24.348429 9.160949 61.742030
v 30.500874 9.196156 61.911179
v 30.430365 9.160949 61.911179
v 30.430365 9.160949 61.742030
v 30.500874 9.196156 61.742030
v 30.759764 9.196156 62.275806
v 30.820592 9.165782 62.280698
v 30.759757 9.165782 62.514815
v 30.708425 9.196156 62.473378
v 30.430365 9.165782 62.562954
v 30.424796 9.196156 62.514827
v 24.070353 9.196156 62.473378
v 24.019027 9.165782 62.514815
v 23.958187 9.165782 62.280698
v 24.019015 9.196156 62.275806
v 24.353995 9.196156 62.514827
v 24.348429 9.165782 62.562954
v 30.708425 9.196156 58.360527
v 30.759757 9.165782 58.319090
v 30.820592 9.165782 58.553207
v 30.759764 9.196156 58.558099
v 30.424796 9.196156 58.319078
v 30.430365 9.165782 58.270951
v 24.070353 9.196156 58.360527
v 24.019027 9.165782 58.319090
v 24.348429 9.165782 58.270951
v 24.353995 9.196156 58.319078
v 24.019015 9.196156 58.558099
v 23.958187 9.165782 58.553207
v 25.055039 9.196156 62.514827
v 25.055039 9.165782 62.562954
v 24.757068 9.165782 62.562954
v 24.757068 9.196156 62.514827
v 24.757068 9.196156 58.319078
v 24.757068 9.165782 58.270951
v 25.055039 9.165782 58.270951
v 25.055039 9.196156 58.319078
v 26.048378 9.196156 62.514827
v 26.048378 9.165782 62.562954
v 25.750406 9.165782 62.562954
v 25.750406 9.196156 62.514827
v 25.750406 9.196156 58.319078
v 25.750406 9.165782 58.270951
v 26.048378 9.165782 58.270951
v 26.048378 9.196156 58.319078
v 27.041709 9.196156 62.514827
v 27.041709 9.165782 62.562954
v 26.743738 9.165782 62.562954
v 26.743738 9.196156 62.514827
v 26.743738 9.196156 58.319078
v 26.743738 9.165782 58.270951
v 27.041709 9.165782 58.270951
v 27.041709 9.196156 58.319078
v 28.035051 9.196156 62.514827
v 28.035051 9.165782 62.562954
v 27.737080 9.165782 62.562954
v 27.737080 9.196156 62.514827
v 27.737080 9.196156 58.319078
v 27.737080 9.165782 58.270951
v 28.035051 9.165782 58.270951
v 28.035051 9.196156 58.319078
v 29.028382 9.196156 62.514827
v 29.028382 9.165782 62.562954
v 28.730418 9.165782 62.562954
v 28.730418 9.196156 62.514827
v 28.730418 9.196156 58.319078
v 28.730418 9.165782 58.270951
v 29.028382 9.165782 58.270951
v 29.028382 9.196156 58.319078
v 30.021721 9.196156 62.514827
v 30.021721 9.165782 62.562954
v 29.723753 9.165782 62.562954
v 29.723753 9.196156 62.514827
v 29.723753 9.196156 58.319078
v 29.723753 9.165782 58.270951
v 30.021721 9.165782 58.270951
v 30.021721 9.196156 58.319078
v 24.019015 9.196156 59.091875
v 23.958187 9.165782 59.091875
v 23.958187 9.165782 58.922726
v 24.019015 9.196156 58.922726
v 30.759764 9.196156 58.922726
v 30.820592 9.165782 58.922726
v 30.820592 9.165782 59.091875
v 30.759764 9.196156 59.091875
v 24.019015 9.196156 59.655743
v 23.958187 9.165782 59.655743
v 23.958187 9.165782 59.486582
v 24.019015 9.196156 59.486582
v 30.759764 9.196156 59.486582
v 30.820592 9.165782 59.486582
v 30.820592 9.165782 59.655743
v 30.759764 9.196156 59.655743
v 24.019015 9.196156 60.219599
v 23.958187 9.165782 60.219599
v 23.958187 9.165782 60.050438
v 24.019015 9.196156 60.050438
v 30.759764 9.196156 60.050438
v 30.820592 9.165782 60.050438
v 30.820592 9.165782 60.219599
v 30.759764 9.196156 60.219599
v 24.019015 9.196156 60.783467
v 23.958187 9.165782 60.783467
v 23.958187 9.165782 60.614306
v 24.019015 9.196156 60.614306
v 30.759764 9.196156 60.614306
v 30.820592 9.165782 60.614306
v 30.820592 9.165782 60.783467
v 30.759764 9.196156 60.783467
v 24.019015 9.196156 61.347323
v 23.958187 9.165782 61.347323
v 23.958187 9.165782 61.178162
v 24.019015 9.196156 61.178162
v 30.759764 9.196156 61.178162
v 30.820592 9.165782 61.178162
v 30.820592 9.165782 61.347323
v 30.759764 9.196156 61.347323
v 24.019015 9.196156 61.911179
v 23.958187 9.165782 61.911179
v 23.958187 9.165782 61.742030
v 24.019015 9.196156 61.742030
v 30.759764 9.196156 61.742030
v 30.820592 9.165782 61.742030
v 30.820592 9.165782 61.911179
v 30.759764 9.196156 61.911179
v 30.759764 9.055549 62.275806
v 30.820592 9.085923 62.280698
v 30.708425 9.055549 62.473378
v 30.759757 9.085923 62.514815
v 30.424796 9.055549 62.514827
v 30.430365 9.085923 62.562954
v 24.070353 9.055549 62.473378
v 24.019027 9.085923 62.514815
v 24.019015 9.055549 62.275806
v 23.958187 9.085923 62.280698
v 24.353995 9.055549 62.514827
v 24.348429 9.085923 62.562954
v 30.708425 9.055549 58.360527
v 30.759757 9.085923 58.319090
v 30.759764 9.055549 58.558099
v 30.820592 9.085923 58.553207
v 30.424796 9.055549 58.319078
v 30.430365 9.085923 58.270951
v 24.070353 9.055549 58.360527
v 24.019027 9.085923 58.319090
v 24.353995 9.055549 58.319078
v 24.348429 9.085923 58.270951
v 24.019015 9.055549 58.558099
v 23.958187 9.085923 58.553207
v 25.055039 9.055549 62.514827
v 25.055039 9.085923 62.562954
v 24.757068 9.055549 62.514827
v 24.757068 9.085923 62.562954
v 25.055039 9.055549 58.319078
v 25.055039 9.085923 58.270951
v 24.757068 9.055549 58.319078
v 24.757068 9.085923 58.270951
v 26.048378 9.055549 62.514827
v 26.048378 9.085923 62.562954
v 25.750406 9.055549 62.514827
v 25.750406 9.085923 62.562954
v 26.048378 9.055549 58.319078
v 26.048378 9.085923 58.270951
v 25.750406 9.055549 58.319078
v 25.750406 9.085923 58.270951
v 27.041709 9.055549 62.514827
v 27.041709 9.085923 62.562954
v 26.743738 9.055549 62.514827
v 26.743738 9.085923 62.562954
v 27.041709 9.055549 58.319078
v 27.041709 9.085923 58.270951
v 26.743738 9.055549 58.319078
v 26.743738 9.085923 58.270951
v 28.035051 9.055549 62.514827
v 28.035051 9.085923 62.562954
v 27.737080 9.055549 62.514827
v 27.737080 9.085923 62.562954
v 28.035051 9.055549 58.319078
v 28.035051 9.085923 58.270951
v 27.737080 9.055549 58.319078
v 27.737080 9.085923 58.270951
v 29.028382 9.055549 62.514827
v 29.028382 9.085923 62.562954
v 28.730418 9.055549 62.514827
v 28.730418 9.085923 62.562954
v 29.028382 9.055549 58.319078
v 29.028382 9.085923 58.270951
v 28.730418 9.055549 58.319078
v 28.730418 9.085923 58.270951
v 30.021721 9.055549 62.514827
v 30.021721 9.085923 62.562954
v 29.723753 9.055549 62.514827
v 29.723753 9.085923 62.562954
v 30.021721 9.055549 58.319078
v 30.021721 9.085923 58.270951
v 29.723753 9.055549 58.319078
v 29.723753 9.085923 58.270951
v 24.019015 9.055549 59.091875
v 23.958187 9.085923 59.091875
v 24.019015 9.055549 58.922726
v 23.958187 9.085923 58.922726
v 30.759764 9.055549 58.922726
v 30.820592 9.085923 58.922726
v 30.759764 9.055549 59.091875
v 30.820592 9.085923 59.091875
v 24.019015 9.055549 59.655743
v 23.958187 9.085923 59.655743
v 24.019015 9.055549 59.486582
v 23.958187 9.085923 59.486582
v 30.759764 9.055549 59.486582
v 30.820592 9.085923 59.486582
v 30.759764 9.055549 59.655743
v 30.820592 9.085923 59.655743
v 24.019015 9.055549 60.219599
v 23.958187 9.085923 60.219599
v 24.019015 9.055549 60.050438
v 23.958187 9.085923 60.050438
v 30.759764 9.055549 60.050438
v 30.820592 9.085923 60.050438
v 30.759764 9.055549 60.219599
v 30.820592 9.085923 60.219599
v 24.019015 9.055549 60.783467
v 23.958187 9.085923 60.783467
v 24.019015 9.055549 60.614306
v 23.958187 9.085923 60.614306
v 30.759764 9.055549 60.614306
v 30.820592 9.085923 60.614306
v 30.759764 9.055549 60.783467
v 30.820592 9.085923 60.783467
v 24.019015 9.055549 61.347323
v 23.958187 9.085923 61.347323
v 24.019015 9.055549 61.178162
v 23.958187 9.085923 61.178162
v 30.759764 9.055549 61.178162
v 30.820592 9.085923 61.178162
v 30.759764 9.055549 61.347323
v 30.820592 9.085923 61.347323
v 24.019015 9.055549 61.911179
v 23.958187 9.085923 61.911179
v 24.019015 9.055549 61.742030
v 23.958187 9.085923 61.742030
v 30.759764 9.055549 61.742030
v 30.820592 9.085923 61.742030
v 30.759764 9.055549 61.911179
v 30.820592 9.085923 61.911179
v 30.148325 8.090962 62.107849
v 30.148325 8.090962 61.772595
v 30.148325 8.090962 61.619143
v 30.148325 8.090962 61.261038
v 30.148325 8.090962 61.107562
v 30.148325 8.090962 60.749469
v 30.148325 8.090962 60.596005
v 30.148325 8.090962 60.237900
v 30.148325 8.090962 60.084436
v 30.148325 8.090962 59.726343
v 30.148325 8.090962 59.572867
v 30.148325 8.090962 59.214762
v 30.148325 8.090962 59.061310
v 30.148325 8.090962 58.726056
v 29.777579 8.090962 58.726056
v 29.507248 8.090962 58.726056
v 28.876371 8.090962 58.726056
v 28.606039 8.090962 58.726056
v 27.975170 8.090962 58.726056
v 27.704835 8.090962 58.726056
v 27.073958 8.090962 58.726056
v 26.803623 8.090962 58.726056
v 26.172753 8.090962 58.726056
v 25.902418 8.090962 58.726056
v 25.271548 8.090962 58.726056
v 25.001206 8.090962 58.726056
v 24.630472 8.090962 58.726056
v 24.630472 8.090962 59.061310
v 24.630472 8.090962 59.214762
v 24.630472 8.090962 59.572867
v 24.630472 8.090962 59.726343
v 24.630472 8.090962 60.084436
v 24.630472 8.090962 60.237900
v 24.630472 8.090962 60.596005
v 24.630472 8.090962 60.749469
v 24.630472 8.090962 61.107562
v 24.630472 8.090962 61.261038
v 24.630472 8.090962 61.619143
v 24.630472 8.090962 61.772595
v 24.630472 8.090962 62.107849
v 25.001206 8.090962 62.107849
v 25.271548 8.090962 62.107849
v 25.902418 8.090962 62.107849
v 26.172753 8.090962 62.107849
v 26.803623 8.090962 62.107849
v 27.073958 8.090962 62.107849
v 27.704835 8.090962 62.107849
v 27.975170 8.090962 62.107849
v 28.606039 8.090962 62.107849
v 28.876371 8.090962 62.107849
v 29.507248 8.090962 62.107849
v 29.777579 8.090962 62.107849
v 30.289343 8.260718 62.194273
v 30.289343 8.260718 61.753993
v 30.289343 8.260718 61.602626
v 30.289343 8.260718 61.249448
v 30.289343 8.260718 61.098081
v 30.289343 8.260718 60.744903
v 30.289343 8.260718 60.593547
v 30.289343 8.260718 60.240357
v 30.289343 8.260718 60.089002
v 30.289343 8.260718 59.735824
v 30.289343 8.260718 59.584457
v 30.289343 8.260718 59.231279
v 30.289343 8.260718 59.079912
v 30.289343 8.260718 58.639631
v 29.745139 8.260718 58.639631
v 29.478482 8.260718 58.639631
v 28.856172 8.260718 58.639631
v 28.589515 8.260718 58.639631
v 27.967208 8.260718 58.639631
v 27.700547 8.260718 58.639631
v 27.078245 8.260718 58.639631
v 26.811580 8.260718 58.639631
v 26.189278 8.260718 58.639631
v 25.922613 8.260718 58.639631
v 25.300311 8.260718 58.639631
v 25.033646 8.260718 58.639631
v 24.489447 8.260718 58.639631
v 24.489447 8.260718 59.079912
v 24.489447 8.260718 59.231279
v 24.489447 8.260718 59.584457
v 24.489447 8.260718 59.735824
v 24.489447 8.260718 60.089002
v 24.489447 8.260718 60.240357
v 24.489447 8.260718 60.593547
v 24.489447 8.260718 60.744903
v 24.489447 8.260718 61.098081
v 24.489447 8.260718 61.249448
v 24.489447 8.260718 61.602626
v 24.489447 8.260718 61.753993
v 24.489447 8.260718 62.194273
v 25.033646 8.260718 62.194273
v 25.300311 8.260718 62.194273
v 25.922613 8.260718 62.194273
v 26.189278 8.260718 62.194273
v 26.811580 8.260718 62.194273
v 27.078245 8.260718 62.194273
v 27.700547 8.260718 62.194273
v 27.967208 8.260718 62.194273
v 28.589515 8.260718 62.194273
v 28.856172 8.260718 62.194273
v 29.478482 8.260718 62.194273
v 29.745139 8.260718 62.194273
vt 0.525096 0.641189
vt 0.525099 0.638460
vt 0.541579 0.638460
vt 0.541579 0.641189
vt 0.508616 0.641189
vt 0.508616 0.638460
vt 0.525099 0.643917
vt 0.541578 0.643916
vt 0.492136 0.638460
vt 0.492135 0.641189
vt 0.508615 0.643916
vt 0.525097 0.646645
vt 0.541580 0.646645
vt 0.492137 0.643916
vt 0.525097 0.649374
vt 0.541580 0.649374
vt 0.508615 0.646645
vt 0.492137 0.646645
vt 0.508615 0.649374
vt 0.525097 0.652103
vt 0.541576 0.652103
vt 0.492137 0.649374
vt 0.525097 0.654828
vt 0.541576 0.654828
vt 0.508615 0.652099
vt 0.492137 0.652099
vt 0.508615 0.654828
vt 0.525097 0.657557
vt 0.541576 0.657557
vt 0.492132 0.654828
vt 0.525093 0.660286
vt 0.541576 0.660286
vt 0.508615 0.657557
vt 0.492132 0.657557
vt 0.508615 0.660286
vt 0.525093 0.663015
vt 0.541576 0.663015
vt 0.492132 0.660286
vt 0.525093 0.665742
vt 0.541576 0.665742
vt 0.508615 0.663015
vt 0.492132 0.663015
vt 0.508615 0.665742
vt 0.525093 0.668471
vt 0.541576 0.668471
vt 0.492132 0.665742
vt 0.525093 0.671197
vt 0.541573 0.671197
vt 0.508613 0.668471
vt 0.492132 0.668471
vt 0.508613 0.671197
vt 0.525093 0.673926
vt 0.541573 0.673926
vt 0.492132 0.671197
vt 0.525093 0.676653
vt 0.541573 0.676653
vt 0.508613 0.673926
vt 0.492132 0.673926
vt 0.508611 0.676653
vt 0.525091 0.679382
vt 0.541573 0.679382
vt 0.492130 0.676653
vt 0.508611 0.679382
vt 0.492130 0.679382
vt 0.525101 0.597539
vt 0.525102 0.594811
vt 0.541582 0.594811
vt 0.541582 0.597539
vt 0.508621 0.597539
vt 0.508621 0.594811
vt 0.525102 0.592083
vt 0.541582 0.592082
vt 0.492140 0.594811
vt 0.492140 0.597539
vt 0.508621 0.592082
vt 0.525102 0.589355
vt 0.541582 0.589355
vt 0.492140 0.592082
vt 0.525102 0.586627
vt 0.541583 0.586627
vt 0.492140 0.589355
vt 0.508621 0.589355
vt 0.508622 0.586627
vt 0.525102 0.583898
vt 0.541583 0.583898
vt 0.492140 0.586627
vt 0.525102 0.581170
vt 0.541583 0.581170
vt 0.492140 0.583898
vt 0.508622 0.583898
vt 0.508622 0.581170
vt 0.525102 0.578442
vt 0.541584 0.578442
vt 0.492141 0.581170
vt 0.525102 0.575714
vt 0.541583 0.575714
vt 0.492141 0.578442
vt 0.508622 0.578442
vt 0.508622 0.575714
vt 0.525102 0.572985
vt 0.541583 0.572985
vt 0.492141 0.575714
vt 0.525102 0.570257
vt 0.541583 0.570257
vt 0.492141 0.572985
vt 0.508622 0.572985
vt 0.508621 0.570257
vt 0.525102 0.567529
vt 0.541583 0.567529
vt 0.492141 0.570257
vt 0.525103 0.564801
vt 0.541584 0.564801
vt 0.492141 0.567529
vt 0.508622 0.567529
vt 0.508622 0.564801
vt 0.525102 0.562073
vt 0.541584 0.562073
vt 0.492141 0.564801
vt 0.525102 0.559345
vt 0.541583 0.559345
vt 0.492141 0.562073
vt 0.508622 0.562073
vt 0.508622 0.559345
vt 0.525102 0.556617
vt 0.541583 0.556617
vt 0.492141 0.559345
vt 0.508622 0.556617
vt 0.492141 0.556617
vt 0.504423 0.597684
vt 0.506857 0.597684
vt 0.506857 0.600117
vt 0.504423 0.600117
vt 0.504423 0.595250
vt 0.506857 0.595250
vt 0.509290 0.597684
vt 0.509290 0.600118
vt 0.506857 0.602550
vt 0.504423 0.602550
vt 0.504423 0.592816
vt 0.506857 0.592816
vt 0.509290 0.595250
vt 0.511724 0.597684
vt 0.511724 0.600117
vt 0.509290 0.602550
vt 0.506857 0.604984
vt 0.504423 0.604984
vt 0.509290 0.592816
vt 0.511724 0.595250
vt 0.511724 0.602550
vt 0.509290 0.604984
vt 0.506857 0.607418
vt 0.504423 0.607418
vt 0.511724 0.592816
vt 0.511724 0.604984
vt 0.509290 0.607418
vt 0.506857 0.609852
vt 0.504423 0.609852
vt 0.511724 0.607418
vt 0.509290 0.609852
vt 0.506857 0.612285
vt 0.504423 0.612285
vt 0.511724 0.609852
vt 0.509290 0.612285
vt 0.506857 0.614719
vt 0.504423 0.614719
vt 0.511724 0.612285
vt 0.509290 0.614718
vt 0.506857 0.617152
vt 0.504423 0.617152
vt 0.511724 0.614719
vt 0.509290 0.617152
vt 0.506857 0.619586
vt 0.504423 0.619586
vt 0.511724 0.617152
vt 0.509290 0.619586
vt 0.506857 0.622020
vt 0.504423 0.622020
vt 0.511724 0.619586
vt 0.509290 0.622020
vt 0.506857 0.624453
vt 0.504423 0.624453
vt 0.511724 0.622020
vt 0.509290 0.624453
vt 0.511724 0.624453
vt 0.506857 0.556312
vt 0.504423 0.556312
vt 0.504423 0.553879
vt 0.506857 0.553879
vt 0.506857 0.558746
vt 0.504423 0.558746
vt 0.504423 0.551445
vt 0.506857 0.551445
vt 0.509290 0.553879
vt 0.509290 0.556312
vt 0.509290 0.558746
vt 0.506857 0.561179
vt 0.504423 0.561179
vt 0.504423 0.549011
vt 0.506857 0.549011
vt 0.509290 0.551445
vt 0.511724 0.556312
vt 0.511724 0.553879
vt 0.511724 0.558746
vt 0.509290 0.561179
vt 0.504423 0.546578
vt 0.506857 0.546578
vt 0.509290 0.549011
vt 0.511724 0.551445
vt 0.511724 0.561179
vt 0.504423 0.544144
vt 0.506857 0.544144
vt 0.509290 0.546578
vt 0.511724 0.549011
vt 0.504423 0.541711
vt 0.506857 0.541711
vt 0.509290 0.544144
vt 0.511724 0.546578
vt 0.504423 0.539277
vt 0.506857 0.539277
vt 0.509290 0.541711
vt 0.511724 0.544144
vt 0.504423 0.536843
vt 0.506857 0.536843
vt 0.509290 0.539277
vt 0.511724 0.541711
vt 0.504423 0.534410
vt 0.506857 0.534410
vt 0.509290 0.536843
vt 0.511724 0.539277
vt 0.504423 0.531976
vt 0.506857 0.531976
vt 0.509290 0.534410
vt 0.511724 0.536843
vt 0.504423 0.529542
vt 0.506857 0.529542
vt 0.509290 0.531976
vt 0.511724 0.534410
vt 0.509290 0.529542
vt 0.511724 0.531976
vt 0.511724 0.529542
vt 0.577392 0.608264
vt 0.577392 0.605169
vt 0.580486 0.605169
vt 0.580486 0.608264
vt 0.577392 0.602075
vt 0.580486 0.602075
vt 0.583581 0.608264
vt 0.583581 0.605169
vt 0.577392 0.611359
vt 0.580486 0.611359
vt 0.583581 0.602075
vt 0.583581 0.611359
vt 0.583581 0.614454
vt 0.580486 0.614454
vt 0.583581 0.617548
vt 0.580486 0.617548
vt 0.583581 0.620642
vt 0.580486 0.620642
vt 0.577392 0.617548
vt 0.577392 0.614454
vt 0.583581 0.623737
vt 0.580486 0.623737
vt 0.577392 0.620642
vt 0.583581 0.626831
vt 0.580486 0.626831
vt 0.577392 0.623737
vt 0.583581 0.629926
vt 0.580486 0.629926
vt 0.577392 0.626831
vt 0.583581 0.633020
vt 0.580486 0.633020
vt 0.577392 0.629926
vt 0.583581 0.636115
vt 0.580486 0.636115
vt 0.583581 0.639210
vt 0.580486 0.639210
vt 0.577392 0.636115
vt 0.577392 0.633020
vt 0.583581 0.642304
vt 0.580486 0.642304
vt 0.577392 0.639210
vt 0.577392 0.642304
vt 0.577392 0.558752
vt 0.577392 0.555657
vt 0.580486 0.555657
vt 0.580486 0.558752
vt 0.577392 0.552563
vt 0.580486 0.552563
vt 0.583581 0.555657
vt 0.583581 0.558752
vt 0.577392 0.561846
vt 0.580486 0.561846
vt 0.583581 0.552563
vt 0.583581 0.561846
vt 0.580486 0.549468
vt 0.583581 0.549468
vt 0.580486 0.546374
vt 0.583581 0.546374
vt 0.577392 0.549468
vt 0.577392 0.546374
vt 0.580486 0.543279
vt 0.583581 0.543279
vt 0.577392 0.543279
vt 0.580486 0.540185
vt 0.583581 0.540185
vt 0.577392 0.540185
vt 0.580486 0.537090
vt 0.583581 0.537090
vt 0.577392 0.537090
vt 0.580486 0.533996
vt 0.583581 0.533996
vt 0.577392 0.533996
vt 0.580486 0.530901
vt 0.583581 0.530901
vt 0.580486 0.527807
vt 0.583581 0.527807
vt 0.577392 0.530901
vt 0.577392 0.527807
vt 0.580486 0.524713
vt 0.583581 0.524713
vt 0.577392 0.524713
vt 0.580486 0.521618
vt 0.583581 0.521618
vt 0.577392 0.521618
vt 0.450796 0.518185
vt 0.450796 0.515705
vt 0.453277 0.515705
vt 0.453277 0.518186
vt 0.448315 0.515705
vt 0.448315 0.518185
vt 0.455758 0.515705
vt 0.455758 0.518186
vt 0.450796 0.520667
vt 0.453277 0.520667
vt 0.448315 0.520667
vt 0.455758 0.520667
vt 0.450796 0.523148
vt 0.453277 0.523148
vt 0.448315 0.523148
vt 0.455758 0.523148
vt 0.450796 0.525629
vt 0.453277 0.525629
vt 0.448315 0.525629
vt 0.455758 0.525629
vt 0.450796 0.528109
vt 0.453277 0.528109
vt 0.448315 0.528109
vt 0.455758 0.528109
vt 0.450796 0.530591
vt 0.453277 0.530591
vt 0.448315 0.530591
vt 0.455758 0.530591
vt 0.450796 0.533072
vt 0.453277 0.533072
vt 0.448315 0.533072
vt 0.455758 0.533072
vt 0.450796 0.535552
vt 0.453277 0.535552
vt 0.448315 0.535552
vt 0.455758 0.535552
vt 0.450796 0.538034
vt 0.453277 0.538034
vt 0.448315 0.538034
vt 0.455758 0.538034
vt 0.450796 0.540515
vt 0.453277 0.540515
vt 0.448315 0.540515
vt 0.455758 0.540515
vt 0.450796 0.542995
vt 0.453277 0.542995
vt 0.448315 0.542995
vt 0.455758 0.542995
vt 0.450796 0.545476
vt 0.453277 0.545476
vt 0.448315 0.545476
vt 0.455758 0.545476
vt 0.450796 0.547958
vt 0.453277 0.547958
vt 0.448315 0.547958
vt 0.455758 0.547958
vt 0.450796 0.550438
vt 0.453277 0.550438
vt 0.448315 0.550438
vt 0.455757 0.550439
vt 0.450796 0.552919
vt 0.453277 0.552919
vt 0.448315 0.552919
vt 0.455758 0.552919
vt 0.450796 0.627349
vt 0.450796 0.624868
vt 0.453277 0.624867
vt 0.453277 0.627349
vt 0.448315 0.627349
vt 0.448315 0.624868
vt 0.450796 0.622387
vt 0.453277 0.622387
vt 0.455758 0.627349
vt 0.455758 0.624867
vt 0.448315 0.622387
vt 0.450796 0.619906
vt 0.453277 0.619906
vt 0.455758 0.622387
vt 0.448315 0.619906
vt 0.450796 0.617424
vt 0.453277 0.617424
vt 0.455758 0.619906
vt 0.448315 0.617424
vt 0.450796 0.614944
vt 0.453277 0.614944
vt 0.455758 0.617424
vt 0.448315 0.614944
vt 0.450796 0.612463
vt 0.453277 0.612463
vt 0.455758 0.614944
vt 0.448315 0.612463
vt 0.450796 0.609982
vt 0.453277 0.609982
vt 0.455758 0.612463
vt 0.448315 0.609982
vt 0.450796 0.607501
vt 0.453277 0.607501
vt 0.455758 0.609982
vt 0.448315 0.607501
vt 0.450796 0.605020
vt 0.453277 0.605020
vt 0.455758 0.607501
vt 0.448315 0.605020
vt 0.450796 0.602539
vt 0.453277 0.602539
vt 0.455758 0.605020
vt 0.448315 0.602539
vt 0.450796 0.600058
vt 0.453277 0.600058
vt 0.455758 0.602539
vt 0.448315 0.600058
vt 0.450796 0.597577
vt 0.453277 0.597577
vt 0.455758 0.600058
vt 0.448315 0.597577
vt 0.450796 0.595096
vt 0.453277 0.595096
vt 0.455758 0.597577
vt 0.448315 0.595096
vt 0.450796 0.592615
vt 0.453277 0.592615
vt 0.455758 0.595096
vt 0.448315 0.592615
vt 0.450796 0.590134
vt 0.453277 0.590134
vt 0.455758 0.592615
vt 0.448315 0.590134
vt 0.455758 0.590134
vt 0.566946 0.632868
vt 0.566946 0.630112
vt 0.569701 0.630112
vt 0.569701 0.632868
vt 0.572457 0.630112
vt 0.572457 0.632868
vt 0.566946 0.635623
vt 0.569701 0.635623
vt 0.566946 0.638378
vt 0.569701 0.638378
vt 0.572457 0.635623
vt 0.572457 0.638378
vt 0.566945 0.641134
vt 0.569701 0.641134
vt 0.566945 0.643889
vt 0.569701 0.643889
vt 0.572456 0.641134
vt 0.572456 0.643889
vt 0.566945 0.646644
vt 0.569701 0.646644
vt 0.566945 0.649400
vt 0.569701 0.649400
vt 0.572456 0.646644
vt 0.572456 0.649400
vt 0.566945 0.652155
vt 0.569701 0.652155
vt 0.566945 0.654911
vt 0.569701 0.654911
vt 0.572456 0.652155
vt 0.572456 0.654911
vt 0.566945 0.657666
vt 0.569701 0.657666
vt 0.566945 0.660422
vt 0.569701 0.660421
vt 0.572456 0.657666
vt 0.572456 0.660422
vt 0.566945 0.663177
vt 0.569701 0.663177
vt 0.566945 0.665932
vt 0.569701 0.665932
vt 0.572456 0.663177
vt 0.572456 0.665932
vt 0.566946 0.561227
vt 0.566946 0.558472
vt 0.569701 0.558471
vt 0.569701 0.561227
vt 0.572457 0.558471
vt 0.572457 0.561227
vt 0.566946 0.563982
vt 0.569701 0.563982
vt 0.566946 0.566738
vt 0.569701 0.566738
vt 0.572457 0.563982
vt 0.572457 0.566738
vt 0.566946 0.569493
vt 0.569701 0.569493
vt 0.566946 0.572249
vt 0.569701 0.572249
vt 0.572457 0.569493
vt 0.572457 0.572249
vt 0.566945 0.575004
vt 0.569701 0.575004
vt 0.566945 0.577759
vt 0.569701 0.577759
vt 0.572456 0.575004
vt 0.572456 0.577759
vt 0.566946 0.580515
vt 0.569701 0.580515
vt 0.566946 0.583270
vt 0.569701 0.583270
vt 0.572456 0.580515
vt 0.572456 0.583270
vt 0.566946 0.586026
vt 0.569701 0.586026
vt 0.566946 0.588781
vt 0.569701 0.588781
vt 0.572456 0.586026
vt 0.572456 0.588781
vt 0.566946 0.591536
vt 0.569701 0.591536
vt 0.566946 0.594292
vt 0.569701 0.594292
vt 0.572456 0.591536
vt 0.572456 0.594292
vt 0.546240 0.608464
vt 0.575787 0.608464
vt 0.575787 0.638011
vt 0.546240 0.638011
vt 0.487148 0.608464
vt 0.516694 0.608464
vt 0.516694 0.638011
vt 0.487148 0.638011
vt 0.546225 0.608480
vt 0.575740 0.608480
vt 0.575740 0.637995
vt 0.546225 0.637995
vt 0.487195 0.608480
vt 0.516710 0.608480
vt 0.516710 0.637995
vt 0.487195 0.637995
vt 0.546217 0.608488
vt 0.575716 0.608488
vt 0.575716 0.637987
vt 0.546217 0.637987
vt 0.487218 0.608488
vt 0.516718 0.608488
vt 0.516718 0.637987
vt 0.487218 0.637987
vt 0.546217 0.608488
vt 0.575716 0.608488
vt 0.575716 0.637987
vt 0.546217 0.637987
vt 0.487218 0.608488
vt 0.516718 0.608488
vt 0.516718 0.637987
vt 0.487218 0.637987
vt 0.546225 0.608480
vt 0.575740 0.608480
vt 0.575740 0.637995
vt 0.546225 0.637995
vt 0.487195 0.608480
vt 0.516710 0.608480
vt 0.516710 0.637995
vt 0.487195 0.637995
vt 0.487148 0.608464
vt 0.516694 0.608464
vt 0.516694 0.638011
vt 0.487148 0.638011
vt 0.546240 0.608464
vt 0.575787 0.608464
vt 0.575787 0.638011
vt 0.546240 0.638011
vt 0.546240 0.608465
vt 0.575786 0.608465
vt 0.575786 0.638010
vt 0.546240 0.638010
vt 0.487148 0.608465
vt 0.516694 0.608465
vt 0.516694 0.638010
vt 0.487148 0.638010
vt 0.546224 0.608480
vt 0.575739 0.608480
vt 0.575739 0.637995
vt 0.546224 0.637995
vt 0.487195 0.608480
vt 0.516710 0.608480
vt 0.516710 0.637995
vt 0.487195 0.637995
vt 0.546217 0.608488
vt 0.575715 0.608488
vt 0.575715 0.637987
vt 0.546217 0.637987
vt 0.487219 0.608488
vt 0.516718 0.608488
vt 0.516718 0.637987
vt 0.487219 0.637987
vt 0.546217 0.608488
vt 0.575715 0.608488
vt 0.575715 0.637987
vt 0.546217 0.637987
vt 0.487219 0.608488
vt 0.516718 0.608488
vt 0.516718 0.637987
vt 0.487219 0.637987
vt 0.546224 0.608480
vt 0.575739 0.608480
vt 0.575739 0.637995
vt 0.546224 0.637995
vt 0.487195 0.608480
vt 0.516710 0.608480
vt 0.516710 0.637995
vt 0.487195 0.637995
vt 0.487148 0.608465
vt 0.516694 0.608465
vt 0.516694 0.638010
vt 0.487148 0.638010
vt 0.546240 0.608465
vt 0.575786 0.608465
vt 0.575786 0.638010
vt 0.546240 0.638010
vt 0.552083 0.563565
vt 0.546972 0.563565
vt 0.546972 0.558455
vt 0.552083 0.558455
vt 0.552083 0.568676
vt 0.546972 0.568676
vt 0.541862 0.563565
vt 0.541862 0.558455
vt 0.546972 0.553344
vt 0.557194 0.558455
vt 0.557194 0.563565
vt 0.557194 0.568676
vt 0.546972 0.573786
vt 0.552083 0.573786
vt 0.541862 0.568676
vt 0.536751 0.558455
vt 0.536751 0.563565
vt 0.541862 0.553344
vt 0.546972 0.548234
vt 0.562304 0.558454
vt 0.562304 0.563565
vt 0.562304 0.568676
vt 0.557194 0.573786
vt 0.541862 0.573786
vt 0.552083 0.578897
vt 0.546972 0.578897
vt 0.536751 0.568676
vt 0.536751 0.553344
vt 0.531641 0.563565
vt 0.531641 0.558455
vt 0.541862 0.548234
vt 0.562304 0.573786
vt 0.557194 0.578897
vt 0.536751 0.573786
vt 0.541862 0.578897
vt 0.546972 0.584008
vt 0.552083 0.584008
vt 0.531641 0.568676
vt 0.531641 0.553344
vt 0.536751 0.548234
vt 0.526530 0.558455
vt 0.526530 0.563565
vt 0.562304 0.578897
vt 0.557194 0.584008
vt 0.536751 0.578897
vt 0.531641 0.573787
vt 0.541862 0.584008
vt 0.552083 0.589118
vt 0.546972 0.589118
vt 0.526530 0.568676
vt 0.526530 0.553344
vt 0.531641 0.548234
vt 0.521419 0.563566
vt 0.521419 0.558455
vt 0.562304 0.584008
vt 0.557194 0.589118
vt 0.536751 0.584008
vt 0.531641 0.578897
vt 0.526530 0.573787
vt 0.541862 0.589118
vt 0.546972 0.594229
vt 0.552083 0.594229
vt 0.521419 0.568676
vt 0.521419 0.553344
vt 0.526530 0.548234
vt 0.516309 0.558455
vt 0.516309 0.563566
vt 0.562304 0.589118
vt 0.557194 0.594229
vt 0.536751 0.589118
vt 0.531641 0.584008
vt 0.526530 0.578897
vt 0.521419 0.573787
vt 0.541862 0.594229
vt 0.552083 0.599339
vt 0.546972 0.599339
vt 0.516309 0.568676
vt 0.516309 0.553344
vt 0.521419 0.548234
vt 0.511198 0.563566
vt 0.511198 0.558455
vt 0.562304 0.594229
vt 0.557194 0.599339
vt 0.536752 0.594229
vt 0.531641 0.589118
vt 0.526530 0.584008
vt 0.521419 0.578897
vt 0.516309 0.573787
vt 0.541862 0.599339
vt 0.546972 0.604450
vt 0.552083 0.604450
vt 0.511198 0.568676
vt 0.511198 0.553344
vt 0.516309 0.548234
vt 0.506088 0.558455
vt 0.506088 0.563566
vt 0.562304 0.599339
vt 0.557194 0.604450
vt 0.536752 0.599340
vt 0.531641 0.594229
vt 0.526530 0.589119
vt 0.521420 0.584008
vt 0.516309 0.578897
vt 0.511198 0.573787
vt 0.541862 0.604450
vt 0.552083 0.609561
vt 0.546972 0.609561
vt 0.506088 0.568676
vt 0.506088 0.553345
vt 0.511198 0.548234
vt 0.500977 0.563566
vt 0.500977 0.558455
vt 0.562304 0.604450
vt 0.557194 0.609561
vt 0.536752 0.604450
vt 0.531641 0.599340
vt 0.526530 0.594229
vt 0.521420 0.589119
vt 0.516309 0.584008
vt 0.511198 0.578897
vt 0.506088 0.573787
vt 0.541862 0.609561
vt 0.546972 0.614671
vt 0.552083 0.614671
vt 0.500977 0.568676
vt 0.500977 0.553345
vt 0.506088 0.548234
vt 0.495866 0.558455
vt 0.495866 0.563566
vt 0.562304 0.609561
vt 0.557194 0.614671
vt 0.536752 0.609561
vt 0.531641 0.604450
vt 0.526530 0.599340
vt 0.521420 0.594229
vt 0.516309 0.589119
vt 0.511198 0.584008
vt 0.506088 0.578897
vt 0.500977 0.573787
vt 0.541862 0.614671
vt 0.552083 0.619782
vt 0.546972 0.619782
vt 0.495866 0.568676
vt 0.495866 0.553345
vt 0.500977 0.548234
vt 0.490756 0.563566
vt 0.490756 0.558455
vt 0.562304 0.614671
vt 0.557194 0.619782
vt 0.536752 0.614672
vt 0.531641 0.609561
vt 0.526530 0.604450
vt 0.521420 0.599340
vt 0.516309 0.594229
vt 0.511198 0.589119
vt 0.506088 0.584008
vt 0.500977 0.578897
vt 0.495866 0.573787
vt 0.541862 0.619782
vt 0.546972 0.624892
vt 0.552083 0.624892
vt 0.490756 0.568676
vt 0.490756 0.553345
vt 0.495866 0.548234
vt 0.485645 0.558455
vt 0.485645 0.563566
vt 0.562304 0.619782
vt 0.557194 0.624892
vt 0.536752 0.619782
vt 0.531641 0.614672
vt 0.526530 0.609561
vt 0.521420 0.604451
vt 0.516309 0.599340
vt 0.511198 0.594229
vt 0.506088 0.589119
vt 0.500977 0.584008
vt 0.495867 0.578897
vt 0.490756 0.573787
vt 0.541862 0.624892
vt 0.552083 0.630003
vt 0.546972 0.630003
vt 0.485645 0.568676
vt 0.485645 0.553345
vt 0.490756 0.548234
vt 0.480535 0.558455
vt 0.480535 0.563566
vt 0.562304 0.624892
vt 0.557194 0.630003
vt 0.536752 0.624893
vt 0.531641 0.619782
vt 0.526530 0.614672
vt 0.521420 0.609561
vt 0.516309 0.604451
vt 0.511198 0.599340
vt 0.506088 0.594229
vt 0.500977 0.589119
vt 0.495867 0.584008
vt 0.490756 0.578898
vt 0.485645 0.573787
vt 0.541862 0.630003
vt 0.552083 0.635114
vt 0.546972 0.635114
vt 0.480535 0.568676
vt 0.480535 0.553345
vt 0.485645 0.548234
vt 0.475424 0.563566
vt 0.475424 0.558455
vt 0.562304 0.630003
vt 0.557194 0.635114
vt 0.536752 0.630003
vt 0.531641 0.624893
vt 0.526530 0.619782
vt 0.521420 0.614672
vt 0.516309 0.609561
vt 0.511198 0.604451
vt 0.506088 0.599340
vt 0.500977 0.594229
vt 0.495867 0.589119
vt 0.490756 0.584008
vt 0.485645 0.578898
vt 0.480535 0.573787
vt 0.541862 0.635114
vt 0.546972 0.640224
vt 0.475424 0.568676
vt 0.470313 0.558455
vt 0.480534 0.548234
vt 0.470313 0.563566
vt 0.562304 0.635114
vt 0.536752 0.635114
vt 0.531641 0.630004
vt 0.526530 0.624893
vt 0.521420 0.619782
vt 0.516309 0.614672
vt 0.511198 0.609561
vt 0.506088 0.604451
vt 0.500977 0.599340
vt 0.495867 0.594229
vt 0.490756 0.589119
vt 0.485645 0.584008
vt 0.480535 0.578898
vt 0.475424 0.573787
vt 0.541862 0.640224
vt 0.546972 0.645335
vt 0.470313 0.568676
vt 0.465203 0.558455
vt 0.465203 0.563566
vt 0.536752 0.640225
vt 0.531641 0.635114
vt 0.526530 0.630004
vt 0.521420 0.624893
vt 0.516309 0.619782
vt 0.511198 0.614672
vt 0.506088 0.609561
vt 0.500977 0.604451
vt 0.495867 0.599340
vt 0.490756 0.594230
vt 0.485645 0.589119
vt 0.480535 0.584008
vt 0.475424 0.578898
vt 0.470313 0.573787
vt 0.541862 0.645335
vt 0.465203 0.568676
vt 0.536752 0.645335
vt 0.531641 0.640225
vt 0.526530 0.635114
vt 0.521420 0.630004
vt 0.516309 0.624893
vt 0.511198 0.619782
vt 0.506088 0.614672
vt 0.500977 0.609561
vt 0.495867 0.604451
vt 0.490756 0.599340
vt 0.485645 0.594230
vt 0.480535 0.589119
vt 0.475424 0.584008
vt 0.470313 0.578898
vt 0.465203 0.573787
vt 0.531641 0.645335
vt 0.526530 0.640225
vt 0.521420 0.635114
vt 0.516309 0.630004
vt 0.511198 0.624893
vt 0.506088 0.619783
vt 0.500977 0.614672
vt 0.495867 0.609561
vt 0.490756 0.604451
vt 0.485645 0.599340
vt 0.480535 0.594230
vt 0.475424 0.589119
vt 0.470313 0.584008
vt 0.465203 0.578898
vt 0.526530 0.645335
vt 0.521420 0.640225
vt 0.516309 0.635114
vt 0.511198 0.630004
vt 0.506088 0.624893
vt 0.500977 0.619783
vt 0.495867 0.614672
vt 0.490756 0.609561
vt 0.485645 0.604451
vt 0.480535 0.599340
vt 0.475424 0.594230
vt 0.470313 0.589119
vt 0.465203 0.584008
vt 0.521420 0.645335
vt 0.516309 0.640225
vt 0.511198 0.635114
vt 0.506088 0.630004
vt 0.500977 0.624893
vt 0.495867 0.619783
vt 0.490756 0.614672
vt 0.485645 0.609561
vt 0.480535 0.604451
vt 0.475424 0.599340
vt 0.470313 0.594230
vt 0.465203 0.589119
vt 0.516309 0.645335
vt 0.511198 0.640225
vt 0.506088 0.635114
vt 0.500977 0.630004
vt 0.495867 0.624893
vt 0.490756 0.619783
vt 0.485645 0.614672
vt 0.480535 0.609561
vt 0.475424 0.604451
vt 0.470313 0.599340
vt 0.465203 0.594230
vt 0.511198 0.645336
vt 0.506088 0.640225
vt 0.500977 0.635114
vt 0.495867 0.630004
vt 0.490756 0.624893
vt 0.485645 0.619783
vt 0.480535 0.614672
vt 0.475424 0.609561
vt 0.470313 0.604451
vt 0.465203 0.599340
vt 0.506088 0.645336
vt 0.500977 0.640225
vt 0.495867 0.635114
vt 0.490756 0.630004
vt 0.485645 0.624893
vt 0.480535 0.619783
vt 0.475424 0.614672
vt 0.470313 0.609561
vt 0.465203 0.604451
vt 0.500977 0.645336
vt 0.495867 0.640225
vt 0.490756 0.635114
vt 0.485645 0.630004
vt 0.480535 0.624893
vt 0.475424 0.619783
vt 0.470313 0.614672
vt 0.465203 0.609561
vt 0.495867 0.645336
vt 0.490756 0.640225
vt 0.485645 0.635114
vt 0.480535 0.630004
vt 0.475424 0.624893
vt 0.470313 0.619783
vt 0.465203 0.614672
vt 0.490756 0.645336
vt 0.485645 0.640225
vt 0.480535 0.635114
vt 0.475424 0.630004
vt 0.470314 0.624893
vt 0.465203 0.619783
vt 0.485645 0.645336
vt 0.480535 0.640225
vt 0.475424 0.635114
vt 0.470314 0.630004
vt 0.465203 0.624893
vt 0.480535 0.645336
vt 0.475424 0.640225
vt 0.465203 0.630004
vt 0.475424 0.645336
vt 0.481512 0.558681
vt 0.487374 0.558681
vt 0.487374 0.564543
vt 0.481512 0.564543
vt 0.481512 0.552819
vt 0.487374 0.552819
vt 0.493236 0.558681
vt 0.493236 0.564543
vt 0.487374 0.570405
vt 0.481512 0.570405
vt 0.475650 0.564543
vt 0.475650 0.558681
vt 0.475650 0.552819
vt 0.493236 0.552819
vt 0.499098 0.558681
vt 0.499098 0.564543
vt 0.493236 0.570405
vt 0.487374 0.576267
vt 0.481512 0.576267
vt 0.475650 0.570405
vt 0.469788 0.564543
vt 0.499098 0.552819
vt 0.504961 0.558681
vt 0.504961 0.564543
vt 0.499098 0.570405
vt 0.493236 0.576267
vt 0.487374 0.582129
vt 0.481512 0.582129
vt 0.475650 0.576267
vt 0.469788 0.570405
vt 0.504961 0.552819
vt 0.510823 0.558681
vt 0.510823 0.564543
vt 0.504961 0.570405
vt 0.499098 0.576267
vt 0.493236 0.582129
vt 0.487374 0.587991
vt 0.481512 0.587991
vt 0.475650 0.582129
vt 0.469788 0.576267
vt 0.510823 0.552819
vt 0.516685 0.558681
vt 0.516685 0.564543
vt 0.510823 0.570405
vt 0.504961 0.576267
vt 0.499098 0.582129
vt 0.493236 0.587991
vt 0.487374 0.593853
vt 0.481512 0.593853
vt 0.475650 0.587991
vt 0.469788 0.582129
vt 0.516685 0.552819
vt 0.522547 0.558681
vt 0.522547 0.564543
vt 0.516685 0.570405
vt 0.510823 0.576267
vt 0.504961 0.582129
vt 0.499098 0.587991
vt 0.493236 0.593853
vt 0.487374 0.599715
vt 0.481512 0.599715
vt 0.475650 0.593853
vt 0.469788 0.587991
vt 0.522547 0.552819
vt 0.528409 0.558681
vt 0.528409 0.564543
vt 0.522547 0.570405
vt 0.516685 0.576267
vt 0.510823 0.582129
vt 0.504961 0.587991
vt 0.499098 0.593853
vt 0.493236 0.599715
vt 0.487374 0.605578
vt 0.481512 0.605578
vt 0.475650 0.599715
vt 0.469788 0.593853
vt 0.528409 0.552819
vt 0.534271 0.558681
vt 0.534271 0.564543
vt 0.528409 0.570405
vt 0.522547 0.576267
vt 0.516685 0.582129
vt 0.510823 0.587991
vt 0.504961 0.593853
vt 0.499098 0.599715
vt 0.493236 0.605578
vt 0.487374 0.611440
vt 0.481512 0.611440
vt 0.475650 0.605578
vt 0.469788 0.599715
vt 0.534271 0.552819
vt 0.540133 0.558681
vt 0.540133 0.564543
vt 0.534271 0.570405
vt 0.528409 0.576267
vt 0.522547 0.582129
vt 0.516685 0.587991
vt 0.510823 0.593853
vt 0.504961 0.599715
vt 0.499098 0.605578
vt 0.493236 0.611440
vt 0.487374 0.617302
vt 0.481512 0.617302
vt 0.475650 0.611440
vt 0.469788 0.605578
vt 0.540133 0.552819
vt 0.545995 0.558681
vt 0.545995 0.564543
vt 0.540133 0.570405
vt 0.534271 0.576267
vt 0.528409 0.582129
vt 0.522547 0.587991
vt 0.516685 0.593853
vt 0.510823 0.599715
vt 0.504960 0.605578
vt 0.499098 0.611440
vt 0.493236 0.617302
vt 0.487374 0.623164
vt 0.481512 0.623164
vt 0.475650 0.617302
vt 0.469788 0.611440
vt 0.545995 0.552819
vt 0.551857 0.564543
vt 0.551857 0.558681
vt 0.545995 0.570405
vt 0.540133 0.576267
vt 0.534271 0.582129
vt 0.528409 0.587991
vt 0.522547 0.593853
vt 0.516685 0.599715
vt 0.510823 0.605578
vt 0.504960 0.611440
vt 0.499098 0.617302
vt 0.493236 0.623164
vt 0.487374 0.629026
vt 0.481512 0.629026
vt 0.475650 0.623164
vt 0.469788 0.617302
vt 0.551857 0.552819
vt 0.551857 0.570405
vt 0.557719 0.564543
vt 0.545995 0.576267
vt 0.540133 0.582129
vt 0.534271 0.587991
vt 0.528409 0.593853
vt 0.522547 0.599715
vt 0.516685 0.605578
vt 0.510823 0.611440
vt 0.504960 0.617302
vt 0.499098 0.623164
vt 0.493236 0.629026
vt 0.487374 0.634888
vt 0.481512 0.634888
vt 0.475650 0.629026
vt 0.469788 0.623164
vt 0.557719 0.570405
vt 0.551857 0.576267
vt 0.545995 0.582129
vt 0.540133 0.587991
vt 0.534271 0.593853
vt 0.528409 0.599715
vt 0.522547 0.605578
vt 0.516685 0.611440
vt 0.510823 0.617302
vt 0.504960 0.623164
vt 0.499098 0.629026
vt 0.493236 0.634888
vt 0.487374 0.640750
vt 0.481512 0.640750
vt 0.475650 0.634888
vt 0.469788 0.629026
vt 0.557719 0.576267
vt 0.551857 0.582129
vt 0.545995 0.587991
vt 0.540133 0.593853
vt 0.534271 0.599715
vt 0.528409 0.605578
vt 0.522547 0.611440
vt 0.516685 0.617302
vt 0.510823 0.623164
vt 0.504960 0.629026
vt 0.499098 0.634888
vt 0.493236 0.640750
vt 0.475650 0.640750
vt 0.557719 0.582129
vt 0.551857 0.587991
vt 0.545995 0.593853
vt 0.540133 0.599715
vt 0.534271 0.605578
vt 0.528409 0.611440
vt 0.522547 0.617302
vt 0.516685 0.623164
vt 0.510822 0.629026
vt 0.504960 0.634888
vt 0.499098 0.640750
vt 0.557719 0.587991
vt 0.551857 0.593853
vt 0.545995 0.599715
vt 0.540133 0.605578
vt 0.534271 0.611440
vt 0.528409 0.617302
vt 0.522547 0.623164
vt 0.516685 0.629026
vt 0.510822 0.634888
vt 0.504960 0.640750
vt 0.557719 0.593853
vt 0.551857 0.599715
vt 0.545995 0.605578
vt 0.540133 0.611440
vt 0.534271 0.617302
vt 0.528409 0.623164
vt 0.522547 0.629026
vt 0.516684 0.634888
vt 0.510822 0.640750
vt 0.557719 0.599715
vt 0.551857 0.605577
vt 0.545995 0.611440
vt 0.540133 0.617302
vt 0.534271 0.623164
vt 0.528409 0.629026
vt 0.522547 0.634888
vt 0.516684 0.640750
vt 0.557719 0.605577
vt 0.551857 0.611440
vt 0.545995 0.617302
vt 0.540133 0.623164
vt 0.534271 0.629026
vt 0.528409 0.634888
vt 0.522547 0.640750
vt 0.557719 0.611440
vt 0.551857 0.617302
vt 0.545995 0.623164
vt 0.540133 0.629026
vt 0.534271 0.634888
vt 0.528409 0.640750
vt 0.557719 0.617302
vt 0.551857 0.623164
vt 0.545995 0.629026
vt 0.540133 0.634888
vt 0.534271 0.640750
vt 0.557719 0.623164
vt 0.551857 0.629026
vt 0.545995 0.634888
vt 0.540133 0.640750
vt 0.557719 0.629026
vt 0.551857 0.634888
vt 0.545995 0.640750
vt 0.551857 0.640750
vt 0.501989 0.597684
vt 0.501989 0.595250
vt 0.499556 0.595250
vt 0.499556 0.597684
vt 0.501989 0.592816
vt 0.501989 0.600118
vt 0.501989 0.590383
vt 0.504423 0.590383
vt 0.501989 0.602550
vt 0.501989 0.587949
vt 0.504423 0.587949
vt 0.506857 0.590383
vt 0.499556 0.600117
vt 0.499556 0.602550
vt 0.501989 0.604984
vt 0.499556 0.587949
vt 0.499556 0.590383
vt 0.501989 0.585516
vt 0.504423 0.585516
vt 0.506857 0.587949
vt 0.501989 0.607418
vt 0.501989 0.583082
vt 0.504423 0.583082
vt 0.506857 0.585516
vt 0.499556 0.604984
vt 0.499556 0.607418
vt 0.501989 0.609852
vt 0.499556 0.583082
vt 0.499556 0.585516
vt 0.501989 0.580649
vt 0.504423 0.580649
vt 0.506857 0.583082
vt 0.501989 0.612285
vt 0.501989 0.578215
vt 0.504423 0.578215
vt 0.506857 0.580649
vt 0.499556 0.609852
vt 0.499556 0.612285
vt 0.501989 0.614718
vt 0.499556 0.580649
vt 0.499556 0.578215
vt 0.501989 0.575781
vt 0.504423 0.575781
vt 0.506857 0.578215
vt 0.501989 0.617152
vt 0.501989 0.573348
vt 0.504423 0.573348
vt 0.506857 0.575781
vt 0.499556 0.614719
vt 0.499556 0.617152
vt 0.501989 0.619586
vt 0.499556 0.575781
vt 0.499556 0.573348
vt 0.501989 0.570914
vt 0.504423 0.570914
vt 0.506857 0.573348
vt 0.501989 0.622020
vt 0.501989 0.568480
vt 0.504423 0.568480
vt 0.506857 0.570914
vt 0.499556 0.619586
vt 0.499556 0.622020
vt 0.501989 0.624453
vt 0.499556 0.570914
vt 0.499556 0.568480
vt 0.501989 0.566047
vt 0.504423 0.566047
vt 0.506857 0.568480
vt 0.501990 0.626887
vt 0.504423 0.626887
vt 0.501989 0.563613
vt 0.504423 0.563613
vt 0.506857 0.566047
vt 0.506857 0.626887
vt 0.501990 0.629321
vt 0.504423 0.629321
vt 0.499556 0.563613
vt 0.499556 0.566047
vt 0.501989 0.561179
vt 0.506857 0.563613
vt 0.506857 0.629320
vt 0.499556 0.629321
vt 0.499556 0.626887
vt 0.501990 0.631754
vt 0.504423 0.631754
vt 0.501989 0.558746
vt 0.506857 0.631754
vt 0.501990 0.634187
vt 0.504423 0.634187
vt 0.501989 0.556312
vt 0.506857 0.634187
vt 0.499556 0.634187
vt 0.499556 0.631755
vt 0.501990 0.636622
vt 0.504423 0.636620
vt 0.499556 0.558746
vt 0.499556 0.556312
vt 0.501989 0.553879
vt 0.506857 0.636620
vt 0.501990 0.639055
vt 0.504423 0.639055
vt 0.501989 0.551445
vt 0.506857 0.639055
vt 0.499556 0.639055
vt 0.499556 0.636622
vt 0.501990 0.641488
vt 0.504424 0.641488
vt 0.499556 0.553879
vt 0.499556 0.551445
vt 0.501989 0.549011
vt 0.506857 0.641488
vt 0.501990 0.643922
vt 0.504423 0.643922
vt 0.501989 0.546578
vt 0.506857 0.643922
vt 0.499556 0.643922
vt 0.499556 0.641488
vt 0.501990 0.646355
vt 0.504424 0.646355
vt 0.499556 0.549011
vt 0.499556 0.546578
vt 0.501989 0.544144
vt 0.506857 0.646355
vt 0.501990 0.648790
vt 0.504424 0.648790
vt 0.501989 0.541711
vt 0.506857 0.648790
vt 0.499556 0.648790
vt 0.499556 0.646355
vt 0.501990 0.651223
vt 0.504424 0.651223
vt 0.499556 0.544144
vt 0.499556 0.541711
vt 0.501989 0.539277
vt 0.506857 0.651223
vt 0.501990 0.653655
vt 0.504424 0.653655
vt 0.501989 0.536843
vt 0.506857 0.653655
vt 0.499556 0.653655
vt 0.499556 0.651223
vt 0.501990 0.656090
vt 0.504424 0.656090
vt 0.499556 0.539277
vt 0.499556 0.536844
vt 0.501989 0.534410
vt 0.506857 0.656090
vt 0.501989 0.531976
vt 0.499556 0.534410
vt 0.499556 0.531976
vt 0.514157 0.595250
vt 0.514157 0.597684
vt 0.514157 0.600118
vt 0.514157 0.592816
vt 0.514157 0.602550
vt 0.514157 0.590383
vt 0.511724 0.590383
vt 0.514157 0.604984
vt 0.509290 0.590383
vt 0.514157 0.587949
vt 0.511724 0.587949
vt 0.514157 0.607418
vt 0.509290 0.587949
vt 0.514157 0.585516
vt 0.511724 0.585516
vt 0.514157 0.609852
vt 0.509290 0.585516
vt 0.514157 0.583082
vt 0.511724 0.583082
vt 0.514157 0.612285
vt 0.509290 0.583082
vt 0.514157 0.580649
vt 0.511724 0.580649
vt 0.514157 0.614718
vt 0.509290 0.580649
vt 0.514157 0.578215
vt 0.511724 0.578215
vt 0.514157 0.617152
vt 0.509290 0.578215
vt 0.514157 0.575781
vt 0.511724 0.575781
vt 0.514157 0.619586
vt 0.509290 0.575781
vt 0.514157 0.573348
vt 0.511724 0.573348
vt 0.514157 0.622020
vt 0.509290 0.573348
vt 0.514157 0.570914
vt 0.511724 0.570914
vt 0.514157 0.624453
vt 0.509290 0.570914
vt 0.514157 0.568480
vt 0.511724 0.568480
vt 0.514158 0.626887
vt 0.511724 0.626887
vt 0.509290 0.568480
vt 0.514157 0.566047
vt 0.511724 0.566047
vt 0.514158 0.629320
vt 0.511724 0.629321
vt 0.509290 0.626887
vt 0.509290 0.566047
vt 0.514157 0.563613
vt 0.511724 0.563613
vt 0.514158 0.631754
vt 0.511724 0.631754
vt 0.509290 0.629320
vt 0.509290 0.563613
vt 0.514157 0.561179
vt 0.514158 0.634187
vt 0.511724 0.634187
vt 0.509290 0.631754
vt 0.514157 0.558746
vt 0.514158 0.636622
vt 0.511724 0.636622
vt 0.509290 0.634187
vt 0.514157 0.556312
vt 0.514158 0.639055
vt 0.511724 0.639055
vt 0.509291 0.636622
vt 0.514157 0.553879
vt 0.514158 0.641488
vt 0.511724 0.641488
vt 0.509291 0.639055
vt 0.514157 0.551445
vt 0.514158 0.643922
vt 0.511724 0.643922
vt 0.509291 0.641488
vt 0.514157 0.549011
vt 0.514158 0.646355
vt 0.511724 0.646355
vt 0.509291 0.643922
vt 0.514157 0.546578
vt 0.514158 0.648790
vt 0.511724 0.648790
vt 0.509291 0.646355
vt 0.514157 0.544144
vt 0.514158 0.651223
vt 0.511724 0.651223
vt 0.509291 0.648790
vt 0.514157 0.541711
vt 0.514158 0.653655
vt 0.511724 0.653655
vt 0.509291 0.651223
vt 0.514157 0.539277
vt 0.514158 0.656090
vt 0.511724 0.656090
vt 0.509291 0.653655
vt 0.514157 0.536843
vt 0.514157 0.531976
vt 0.509291 0.656090
vt 0.514157 0.534410
vt 0.562659 0.575340
vt 0.562659 0.581144
vt 0.556855 0.581144
vt 0.556855 0.575340
vt 0.562659 0.569537
vt 0.568462 0.581144
vt 0.562659 0.586947
vt 0.556855 0.586947
vt 0.551052 0.581144
vt 0.551052 0.575340
vt 0.556855 0.569537
vt 0.453279 0.662082
vt 0.453279 0.664564
vt 0.568462 0.586947
vt 0.556855 0.592751
vt 0.562659 0.592751
vt 0.551052 0.581144
vt 0.551052 0.586947
vt 0.545248 0.575340
vt 0.545248 0.581144
vt 0.551052 0.569537
vt 0.453279 0.659601
vt 0.568462 0.592751
vt 0.551052 0.592751
vt 0.562659 0.598554
vt 0.556855 0.598554
vt 0.545248 0.569537
vt 0.539445 0.581143
vt 0.539445 0.575340
vt 0.453279 0.657121
vt 0.568462 0.598554
vt 0.551052 0.598554
vt 0.556855 0.604357
vt 0.562659 0.604357
vt 0.539445 0.569537
vt 0.533642 0.575340
vt 0.533642 0.581143
vt 0.453278 0.654639
vt 0.568462 0.604357
vt 0.551052 0.604357
vt 0.562659 0.610161
vt 0.556855 0.610161
vt 0.533642 0.569537
vt 0.527838 0.581143
vt 0.527839 0.575340
vt 0.453278 0.652158
vt 0.568462 0.610161
vt 0.551052 0.610161
vt 0.556855 0.615964
vt 0.562659 0.615964
vt 0.527839 0.569537
vt 0.522035 0.575340
vt 0.522035 0.581143
vt 0.453278 0.649678
vt 0.568462 0.615964
vt 0.551052 0.615964
vt 0.562659 0.621768
vt 0.556855 0.621768
vt 0.522035 0.569537
vt 0.516231 0.581143
vt 0.516232 0.575340
vt 0.453278 0.647197
vt 0.568462 0.621768
vt 0.551052 0.621768
vt 0.556855 0.627571
vt 0.562659 0.627571
vt 0.516232 0.569537
vt 0.510428 0.575340
vt 0.510428 0.581143
vt 0.453278 0.644715
vt 0.568462 0.627571
vt 0.551052 0.627571
vt 0.562659 0.633374
vt 0.556855 0.633374
vt 0.510428 0.569537
vt 0.504625 0.581143
vt 0.504625 0.575340
vt 0.453277 0.642234
vt 0.568462 0.633374
vt 0.551052 0.633374
vt 0.556855 0.639178
vt 0.562659 0.639178
vt 0.504625 0.569537
vt 0.498821 0.575340
vt 0.498821 0.581143
vt 0.453277 0.639754
vt 0.568462 0.639178
vt 0.551052 0.639178
vt 0.562659 0.644981
vt 0.556855 0.644981
vt 0.498821 0.569536
vt 0.493018 0.581143
vt 0.493018 0.575340
vt 0.453277 0.637272
vt 0.568462 0.644981
vt 0.551052 0.644981
vt 0.556855 0.650784
vt 0.562659 0.650784
vt 0.493018 0.569536
vt 0.487215 0.575340
vt 0.487215 0.581143
vt 0.453277 0.634791
vt 0.568462 0.650784
vt 0.551052 0.650784
vt 0.562659 0.656588
vt 0.556855 0.656588
vt 0.487215 0.569536
vt 0.481411 0.575340
vt 0.481411 0.581143
vt 0.453277 0.632311
vt 0.568462 0.656588
vt 0.551052 0.656588
vt 0.562659 0.662391
vt 0.556855 0.662391
vt 0.481412 0.569536
vt 0.475608 0.581143
vt 0.475608 0.575340
vt 0.453277 0.629830
vt 0.562659 0.668195
vt 0.556855 0.668195
vt 0.551052 0.662391
vt 0.551052 0.656588
vt 0.475608 0.569536
vt 0.481411 0.586946
vt 0.475608 0.586946
vt 0.469804 0.581143
vt 0.551052 0.668195
vt 0.545248 0.656588
vt 0.545248 0.662391
vt 0.487215 0.581143
vt 0.487215 0.586946
vt 0.475607 0.592749
vt 0.481411 0.592749
vt 0.469804 0.586946
vt 0.453277 0.555401
vt 0.545248 0.668195
vt 0.539445 0.662391
vt 0.539445 0.656588
vt 0.487215 0.592750
vt 0.469804 0.592749
vt 0.481411 0.598553
vt 0.475607 0.598553
vt 0.453277 0.557881
vt 0.539445 0.668195
vt 0.533642 0.656588
vt 0.533642 0.662391
vt 0.487215 0.598553
vt 0.469804 0.598553
vt 0.453277 0.560362
vt 0.475607 0.604357
vt 0.481411 0.604357
vt 0.533642 0.668195
vt 0.527838 0.662391
vt 0.527838 0.656588
vt 0.487214 0.604357
vt 0.469804 0.604357
vt 0.453277 0.562844
vt 0.481411 0.610160
vt 0.475607 0.610160
vt 0.527839 0.668195
vt 0.522035 0.656588
vt 0.522035 0.662391
vt 0.487214 0.610160
vt 0.469804 0.610160
vt 0.453277 0.565324
vt 0.475608 0.615964
vt 0.481411 0.615964
vt 0.522035 0.668195
vt 0.516231 0.662391
vt 0.516231 0.656588
vt 0.487214 0.615964
vt 0.469804 0.615964
vt 0.453277 0.567805
vt 0.481411 0.621768
vt 0.475608 0.621768
vt 0.516231 0.668195
vt 0.510428 0.656588
vt 0.510428 0.662391
vt 0.487215 0.621768
vt 0.469804 0.621768
vt 0.453277 0.570286
vt 0.475608 0.627571
vt 0.481411 0.627571
vt 0.510428 0.668195
vt 0.504625 0.662391
vt 0.504625 0.656588
vt 0.487215 0.627571
vt 0.469804 0.627571
vt 0.453277 0.572767
vt 0.481411 0.633374
vt 0.475608 0.633374
vt 0.504625 0.668195
vt 0.498821 0.656588
vt 0.498821 0.662391
vt 0.487215 0.633374
vt 0.469804 0.633374
vt 0.453277 0.575248
vt 0.475608 0.639178
vt 0.481411 0.639178
vt 0.498821 0.668195
vt 0.493018 0.662391
vt 0.493018 0.656588
vt 0.487215 0.639178
vt 0.469804 0.639178
vt 0.453277 0.577729
vt 0.481411 0.644981
vt 0.475608 0.644981
vt 0.493018 0.668195
vt 0.487215 0.656588
vt 0.487215 0.662391
vt 0.487215 0.644981
vt 0.469804 0.644981
vt 0.453277 0.580210
vt 0.475608 0.650785
vt 0.481411 0.650785
vt 0.487215 0.668195
vt 0.481412 0.656588
vt 0.481411 0.662391
vt 0.487215 0.650784
vt 0.469804 0.650785
vt 0.453277 0.582691
vt 0.475608 0.656588
vt 0.481412 0.668195
vt 0.475608 0.662391
vt 0.487215 0.656588
vt 0.469804 0.656588
vt 0.453277 0.585172
vt 0.469804 0.662391
vt 0.453277 0.587653
vt 0.445834 0.515705
vt 0.445836 0.662083
vt 0.448317 0.662082
vt 0.445836 0.659602
vt 0.448317 0.659602
vt 0.450798 0.662082
vt 0.450798 0.664564
vt 0.445834 0.518185
vt 0.445836 0.657121
vt 0.448317 0.657121
vt 0.450798 0.659601
vt 0.445834 0.520667
vt 0.445835 0.654639
vt 0.448316 0.654639
vt 0.450798 0.657121
vt 0.445834 0.523148
vt 0.445835 0.652159
vt 0.448316 0.652159
vt 0.450797 0.654639
vt 0.445834 0.525629
vt 0.445835 0.649678
vt 0.448316 0.649678
vt 0.450797 0.652158
vt 0.445834 0.528109
vt 0.445835 0.647197
vt 0.448316 0.647197
vt 0.450797 0.649678
vt 0.445834 0.530591
vt 0.445835 0.644715
vt 0.448316 0.644715
vt 0.450797 0.647197
vt 0.445834 0.533072
vt 0.445835 0.642235
vt 0.448315 0.642235
vt 0.450797 0.644715
vt 0.445834 0.535552
vt 0.445834 0.639754
vt 0.448315 0.639754
vt 0.450796 0.642235
vt 0.445834 0.538034
vt 0.445834 0.637272
vt 0.448315 0.637272
vt 0.450796 0.639754
vt 0.445834 0.540515
vt 0.445834 0.634792
vt 0.448315 0.634792
vt 0.450796 0.637272
vt 0.445834 0.542995
vt 0.445834 0.632311
vt 0.448315 0.632311
vt 0.450796 0.634792
vt 0.445834 0.545476
vt 0.445834 0.629830
vt 0.448315 0.629830
vt 0.450796 0.632311
vt 0.445834 0.547958
vt 0.445834 0.627349
vt 0.450796 0.629830
vt 0.445834 0.550438
vt 0.445834 0.624868
vt 0.445834 0.552919
vt 0.445834 0.622387
vt 0.445834 0.555400
vt 0.448315 0.555400
vt 0.445834 0.619906
vt 0.450796 0.555400
vt 0.445834 0.557881
vt 0.448315 0.557881
vt 0.445834 0.617425
vt 0.450796 0.557881
vt 0.445834 0.560362
vt 0.448315 0.560362
vt 0.445834 0.614944
vt 0.450796 0.560362
vt 0.445834 0.562844
vt 0.448315 0.562844
vt 0.445834 0.612463
vt 0.450796 0.562844
vt 0.445834 0.565324
vt 0.448315 0.565324
vt 0.445834 0.609982
vt 0.450796 0.565324
vt 0.445834 0.567805
vt 0.448315 0.567805
vt 0.445834 0.607501
vt 0.450796 0.567805
vt 0.445834 0.570286
vt 0.448315 0.570286
vt 0.445834 0.605020
vt 0.450796 0.570286
vt 0.445834 0.572767
vt 0.448315 0.572767
vt 0.445834 0.602539
vt 0.450796 0.572767
vt 0.445834 0.575248
vt 0.448315 0.575248
vt 0.445834 0.600058
vt 0.450796 0.575248
vt 0.445834 0.577729
vt 0.448315 0.577729
vt 0.445834 0.597577
vt 0.450796 0.577729
vt 0.445834 0.580210
vt 0.448315 0.580210
vt 0.445834 0.595096
vt 0.450796 0.580210
vt 0.445834 0.582691
vt 0.448315 0.582691
vt 0.445834 0.592615
vt 0.450796 0.582691
vt 0.445834 0.585172
vt 0.448315 0.585172
vt 0.445834 0.590134
vt 0.450796 0.585172
vt 0.445834 0.587653
vt 0.448315 0.587653
vt 0.450796 0.587653
vt 0.518120 0.609890
vt 0.544814 0.609890
vt 0.544814 0.636585
vt 0.518120 0.636585
vt 0.518151 0.609921
vt 0.544783 0.609921
vt 0.544783 0.636554
vt 0.518151 0.636554
vt 0.518167 0.609937
vt 0.544768 0.609937
vt 0.544768 0.636538
vt 0.518167 0.636538
vt 0.518167 0.609937
vt 0.544768 0.609937
vt 0.544768 0.636538
vt 0.518167 0.636538
vt 0.518151 0.609921
vt 0.544783 0.609921
vt 0.544783 0.636554
vt 0.518151 0.636554
vt 0.518120 0.609890
vt 0.544814 0.609890
vt 0.544814 0.636585
vt 0.518120 0.636585
vt 0.518120 0.609890
vt 0.544814 0.609890
vt 0.544814 0.636585
vt 0.518120 0.636585
vt 0.518151 0.609921
vt 0.544783 0.609921
vt 0.544783 0.636554
vt 0.518151 0.636554
vt 0.518167 0.609937
vt 0.544768 0.609937
vt 0.544768 0.636538
vt 0.518167 0.636538
vt 0.518167 0.609937
vt 0.544768 0.609937
vt 0.544768 0.636538
vt 0.518167 0.636538
vt 0.518151 0.609921
vt 0.544783 0.609921
vt 0.544783 0.636554
vt 0.518151 0.636554
vt 0.518120 0.609890
vt 0.544814 0.609890
vt 0.544814 0.636585
vt 0.518120 0.636585
vt 0.525099 0.635732
vt 0.541579 0.635732
vt 0.508616 0.635732
vt 0.525099 0.633003
vt 0.541579 0.633004
vt 0.492136 0.635731
vt 0.508618 0.633004
vt 0.525099 0.630277
vt 0.541579 0.630277
vt 0.492136 0.633003
vt 0.525099 0.627548
vt 0.541579 0.627548
vt 0.492138 0.630275
vt 0.508618 0.630277
vt 0.508618 0.627548
vt 0.525099 0.624821
vt 0.541580 0.624821
vt 0.492138 0.627548
vt 0.525099 0.622092
vt 0.541580 0.622092
vt 0.492138 0.624818
vt 0.508618 0.624819
vt 0.508618 0.622092
vt 0.525100 0.619363
vt 0.541580 0.619363
vt 0.492138 0.622092
vt 0.525100 0.616636
vt 0.541580 0.616636
vt 0.492138 0.619363
vt 0.508618 0.619363
vt 0.508618 0.616636
vt 0.525100 0.613907
vt 0.541580 0.613907
vt 0.492138 0.616636
vt 0.525100 0.611179
vt 0.541580 0.611179
vt 0.492138 0.613907
vt 0.508619 0.613907
vt 0.508619 0.611179
vt 0.525100 0.608451
vt 0.541580 0.608451
vt 0.492138 0.611179
vt 0.525100 0.605723
vt 0.541582 0.605723
vt 0.492139 0.608451
vt 0.508619 0.608451
vt 0.508619 0.605723
vt 0.525100 0.602994
vt 0.541582 0.602994
vt 0.492139 0.605723
vt 0.525100 0.600267
vt 0.541582 0.600267
vt 0.492139 0.602994
vt 0.508619 0.602994
vt 0.508619 0.600267
vt 0.492139 0.600267
vt 0.525102 0.518423
vt 0.525102 0.515694
vt 0.541584 0.515694
vt 0.541584 0.518423
vt 0.508622 0.518423
vt 0.508622 0.515694
vt 0.525102 0.521151
vt 0.541584 0.521151
vt 0.492140 0.515694
vt 0.492141 0.518423
vt 0.508622 0.521151
vt 0.525102 0.523879
vt 0.541584 0.523879
vt 0.492141 0.521151
vt 0.525102 0.526608
vt 0.541584 0.526608
vt 0.508622 0.523879
vt 0.492141 0.523879
vt 0.508622 0.526608
vt 0.525102 0.529335
vt 0.541584 0.529335
vt 0.492141 0.526608
vt 0.525102 0.532063
vt 0.541584 0.532063
vt 0.508622 0.529335
vt 0.492141 0.529335
vt 0.508622 0.532063
vt 0.525102 0.534791
vt 0.541583 0.534791
vt 0.492141 0.532063
vt 0.525102 0.537519
vt 0.541583 0.537519
vt 0.508621 0.534791
vt 0.492141 0.534791
vt 0.508621 0.537520
vt 0.525102 0.540247
vt 0.541583 0.540247
vt 0.492141 0.537519
vt 0.525102 0.542976
vt 0.541583 0.542976
vt 0.508621 0.540247
vt 0.492141 0.540247
vt 0.508622 0.542976
vt 0.525102 0.545704
vt 0.541584 0.545704
vt 0.492141 0.542976
vt 0.525103 0.548432
vt 0.541584 0.548432
vt 0.508622 0.545704
vt 0.492141 0.545704
vt 0.508622 0.548432
vt 0.525103 0.551160
vt 0.541584 0.551160
vt 0.492141 0.548432
vt 0.525102 0.553888
vt 0.541583 0.553888
vt 0.508622 0.551160
vt 0.492141 0.551160
vt 0.508622 0.553888
vt 0.492141 0.553888
vt 0.577392 0.568035
vt 0.577392 0.564941
vt 0.580486 0.564941
vt 0.580486 0.568035
vt 0.577392 0.571130
vt 0.580486 0.571130
vt 0.577392 0.574224
vt 0.580486 0.574224
vt 0.577392 0.577319
vt 0.580486 0.577319
vt 0.577392 0.580414
vt 0.580486 0.580414
vt 0.577392 0.583507
vt 0.580486 0.583507
vt 0.577392 0.586603
vt 0.580486 0.586603
vt 0.577392 0.589697
vt 0.580486 0.589697
vt 0.577392 0.592791
vt 0.580486 0.592791
vt 0.577392 0.595885
vt 0.580486 0.595885
vt 0.577392 0.598980
vt 0.580486 0.598980
vt 0.577392 0.679439
vt 0.577392 0.676346
vt 0.580486 0.676346
vt 0.580486 0.679439
vt 0.577392 0.673249
vt 0.580486 0.673249
vt 0.577392 0.682533
vt 0.580486 0.682533
vt 0.577392 0.670156
vt 0.580486 0.670156
vt 0.577392 0.667062
vt 0.580486 0.667062
vt 0.577392 0.663965
vt 0.580486 0.663965
vt 0.577392 0.660872
vt 0.580486 0.660872
vt 0.577392 0.657778
vt 0.580486 0.657778
vt 0.577392 0.654681
vt 0.580486 0.654681
vt 0.577392 0.651586
vt 0.580486 0.651586
vt 0.577392 0.648494
vt 0.580486 0.648494
vt 0.577392 0.645398
vt 0.580486 0.645398
vt 0.566946 0.597047
vt 0.569701 0.597047
vt 0.572456 0.597047
vt 0.566946 0.599803
vt 0.569701 0.599803
vt 0.566946 0.602558
vt 0.569701 0.602558
vt 0.572456 0.599803
vt 0.572456 0.602558
vt 0.566946 0.605313
vt 0.569701 0.605313
vt 0.566945 0.608069
vt 0.569701 0.608069
vt 0.572456 0.605313
vt 0.572456 0.608069
vt 0.566946 0.610824
vt 0.569701 0.610824
vt 0.566946 0.613580
vt 0.569701 0.613580
vt 0.572456 0.610824
vt 0.572456 0.613580
vt 0.566946 0.616335
vt 0.569701 0.616335
vt 0.566946 0.619090
vt 0.569701 0.619090
vt 0.572456 0.616335
vt 0.572456 0.619090
vt 0.566946 0.621846
vt 0.569701 0.621846
vt 0.566946 0.624601
vt 0.569701 0.624601
vt 0.572457 0.621846
vt 0.572457 0.624601
vt 0.566946 0.627357
vt 0.569701 0.627357
vt 0.572457 0.627357
vt 0.566945 0.525406
vt 0.566945 0.522651
vt 0.569701 0.522651
vt 0.569701 0.525406
vt 0.572456 0.522651
vt 0.572456 0.525406
vt 0.566945 0.528162
vt 0.569701 0.528162
vt 0.566945 0.530917
vt 0.569701 0.530917
vt 0.572456 0.528162
vt 0.572456 0.530917
vt 0.566945 0.533673
vt 0.569701 0.533673
vt 0.566945 0.536428
vt 0.569701 0.536428
vt 0.572456 0.533673
vt 0.572456 0.536428
vt 0.566945 0.539183
vt 0.569701 0.539184
vt 0.566945 0.541939
vt 0.569701 0.541939
vt 0.572456 0.539184
vt 0.572456 0.541939
vt 0.566945 0.544694
vt 0.569701 0.544694
vt 0.566945 0.547450
vt 0.569701 0.547450
vt 0.572456 0.544694
vt 0.572456 0.547450
vt 0.566945 0.550205
vt 0.569701 0.550205
vt 0.566946 0.552961
vt 0.569701 0.552961
vt 0.572456 0.550205
vt 0.572457 0.552961
vt 0.566946 0.555716
vt 0.569701 0.555716
vt 0.572457 0.555716
vt 0.571509 0.609890
vt 0.571509 0.636585
vt 0.491425 0.609890
vt 0.491425 0.636585
vt 0.571416 0.609921
vt 0.571416 0.636554
vt 0.491519 0.609921
vt 0.491519 0.636554
vt 0.571369 0.609937
vt 0.571369 0.636538
vt 0.491565 0.609937
vt 0.491565 0.636538
vt 0.571369 0.609937
vt 0.571369 0.636538
vt 0.491565 0.609937
vt 0.491565 0.636538
vt 0.571416 0.609921
vt 0.571416 0.636554
vt 0.491519 0.609921
vt 0.491519 0.636554
vt 0.571509 0.609890
vt 0.571509 0.636585
vt 0.491425 0.609890
vt 0.491425 0.636585
vt 0.571509 0.609890
vt 0.571509 0.636585
vt 0.491425 0.609890
vt 0.491425 0.636585
vt 0.571416 0.609921
vt 0.571416 0.636554
vt 0.491519 0.609921
vt 0.491519 0.636554
vt 0.571369 0.609937
vt 0.571369 0.636538
vt 0.491565 0.609937
vt 0.491565 0.636538
vt 0.571369 0.609937
vt 0.571369 0.636538
vt 0.491565 0.609937
vt 0.491565 0.636538
vt 0.571416 0.609921
vt 0.571416 0.636554
vt 0.491519 0.609921
vt 0.491519 0.636554
vt 0.571509 0.609890
vt 0.571509 0.636585
vt 0.491425 0.609890
vt 0.491425 0.636585
vt 0.455759 0.657120
vt 0.455760 0.659601
vt 0.455757 0.557881
vt 0.455758 0.560362
vt 0.455759 0.654639
vt 0.455759 0.652158
vt 0.455757 0.562844
vt 0.455757 0.565324
vt 0.455759 0.649677
vt 0.455759 0.647197
vt 0.455757 0.567805
vt 0.455758 0.570286
vt 0.455759 0.644715
vt 0.455758 0.642234
vt 0.455758 0.572767
vt 0.455758 0.575248
vt 0.455758 0.639754
vt 0.455758 0.637272
vt 0.455758 0.577729
vt 0.455758 0.580210
vt 0.455758 0.634791
vt 0.455758 0.632311
vt 0.455758 0.582691
vt 0.455758 0.585172
vt 0.455758 0.587653
vt 0.455758 0.629830
vt 0.455758 0.555401
vt 0.455760 0.664563
vt 0.455760 0.662082
vt 0.448317 0.664564
vt 0.445836 0.664564
vt 0.487215 0.615964
vt 0.481411 0.615964
vt 0.475607 0.615964
vt 0.568462 0.575340
vt 0.469804 0.575339
vt 0.568462 0.662391
vt 0.475608 0.668195
vt 0.469804 0.615964
vt 0.470314 0.635114
vt 0.552083 0.553344
vt 0.552083 0.640224
vt 0.475424 0.553345
vt 0.557719 0.558681
vt 0.469788 0.558681
vt 0.557719 0.634888
vt 0.469788 0.634888
vt 0.552083 0.548234
vt 0.552083 0.645335
vt 0.475424 0.548234
vt 0.465203 0.635114
vt 0.501989 0.529542
vt 0.514157 0.529542
f 2/839 13/838 15/859 4/857
f 10/643 11/633 1/636 3/642
f 7/833 12/812 9/820 5/841
f 16/1003 14/997 8/1002 6/2231
f 1/636 18/635 19/641 3/2232
f 5/2233 25/855 27/834 7/833
f 11/633 31/634 18/635 1/636
f 7/833 27/834 29/813 12/812
f 20/836 17/817 2/839 4/2234
f 28/996 26/1001 6/1006 8/1002
f 30/990 28/996 8/1002 14/997
f 17/817 32/818 13/838 2/839
f 33/781 34/800 47/793 48/773
f 39/998 40/992 42/984 41/991
f 41/991 42/984 44/975 43/983
f 45/792 46/774 48/773 47/793
f 49/746 50/763 63/756 64/738
f 55/985 56/977 58/967 57/976
f 57/976 58/967 60/956 59/966
f 61/755 62/739 64/738 63/756
f 65/715 66/730 79/723 80/707
f 71/968 72/958 74/946 73/957
f 73/957 74/946 76/933 75/945
f 77/722 78/708 80/707 79/723
f 81/688 82/701 95/694 96/680
f 87/947 88/935 90/921 89/934
f 89/934 90/921 92/906 91/920
f 93/693 94/681 96/680 95/694
f 97/665 98/676 111/669 112/657
f 103/922 104/908 106/891 105/907
f 105/907 106/891 108/872 107/890
f 109/668 110/658 112/657 111/669
f 113/644 114/655 127/646 128/637
f 119/892 120/876 122/856 121/873
f 121/873 122/856 124/835 123/853
f 125/645 126/638 128/637 127/646
f 47/793 34/800 9/820 12/812
f 39/998 41/991 14/997 16/1003
f 45/792 47/793 12/812 29/813
f 41/991 43/983 30/990 14/997
f 55/985 57/976 42/984 40/992
f 57/976 59/966 44/975 42/984
f 61/755 63/756 48/773 46/774
f 63/756 50/763 33/781 48/773
f 71/968 73/957 58/967 56/977
f 73/957 75/945 60/956 58/967
f 77/722 79/723 64/738 62/739
f 79/723 66/730 49/746 64/738
f 87/947 89/934 74/946 72/958
f 89/934 91/920 76/933 74/946
f 93/693 95/694 80/707 78/708
f 95/694 82/701 65/715 80/707
f 103/922 105/907 90/921 88/935
f 105/907 107/890 92/906 90/921
f 109/668 111/669 96/680 94/681
f 111/669 98/676 81/688 96/680
f 119/892 121/873 106/891 104/908
f 121/873 123/853 108/872 106/891
f 125/645 127/646 112/657 110/658
f 127/646 114/655 97/665 112/657
f 13/838 122/856 120/876 15/859
f 32/818 124/835 122/856 13/838
f 11/633 128/637 126/638 31/634
f 10/643 113/644 128/637 11/633
f 129/779 130/797 191/815 192/795
f 130/797 129/779 132/778 131/798
f 131/798 132/778 134/794 133/814
f 133/814 134/794 136/810 135/831
f 135/831 136/810 138/830 137/852
f 137/852 138/830 140/851 139/871
f 139/871 140/851 142/870 141/889
f 141/889 142/870 144/888 143/905
f 143/905 144/888 146/904 145/919
f 145/919 146/904 148/918 147/932
f 147/932 148/918 150/931 149/944
f 149/944 150/931 152/943 151/955
f 151/955 152/943 154/954 153/965
f 153/965 154/954 156/964 155/974
f 155/974 156/964 158/973 157/982
f 157/982 158/973 160/981 159/989
f 159/989 160/981 162/988 161/995
f 163/1009 164/1010 166/1011 165/1012
f 165/1012 166/1011 168/1017 167/1018
f 167/1018 168/1017 170/1026 169/1027
f 169/1027 170/1026 172/1035 171/1036
f 171/1036 172/1035 174/1045 173/1046
f 173/1046 174/1045 176/1056 175/1057
f 175/1057 176/1056 178/1068 177/1069
f 177/1069 178/1068 180/1081 179/1082
f 179/1082 180/1081 182/1095 181/1096
f 181/1096 182/1095 184/1110 183/1111
f 183/1111 184/1110 186/1126 185/1127
f 185/1127 186/1126 188/1143 187/1144
f 187/1144 188/1143 190/1160 189/1161
f 193/744 194/760 255/776 256/758
f 194/760 193/744 196/743 195/761
f 195/761 196/743 198/757 197/775
f 197/775 198/757 200/771 199/790
f 199/790 200/771 202/789 201/809
f 201/809 202/789 204/808 203/829
f 203/829 204/808 206/828 205/850
f 205/850 206/828 208/849 207/869
f 207/869 208/849 210/868 209/887
f 209/887 210/868 212/886 211/903
f 211/903 212/886 214/902 213/917
f 213/917 214/902 216/916 215/930
f 215/930 216/916 218/929 217/942
f 217/942 218/929 220/941 219/953
f 219/953 220/941 222/952 221/963
f 221/963 222/952 224/962 223/972
f 223/972 224/962 226/971 225/980
f 227/1015 228/1023 230/1024 229/1016
f 229/1016 230/1024 232/1033 231/1025
f 231/1025 232/1033 234/1043 233/1034
f 233/1034 234/1043 236/1054 235/1044
f 235/1044 236/1054 238/1066 237/1055
f 237/1055 238/1066 240/1079 239/1067
f 239/1067 240/1079 242/1093 241/1080
f 241/1080 242/1093 244/1108 243/1094
f 243/1094 244/1108 246/1124 245/1109
f 245/1109 246/1124 248/1141 247/1125
f 247/1125 248/1141 250/1158 249/1142
f 249/1142 250/1158 252/1174 251/1159
f 251/1159 252/1174 254/1190 253/1175
f 257/713 258/727 319/741 320/725
f 258/727 257/713 260/712 259/728
f 259/728 260/712 262/724 261/740
f 261/740 262/724 264/736 263/753
f 263/753 264/736 266/752 265/770
f 265/770 266/752 268/769 267/788
f 267/788 268/769 270/787 269/807
f 269/807 270/787 272/806 271/827
f 271/827 272/806 274/826 273/848
f 273/848 274/826 276/847 275/867
f 275/867 276/847 278/866 277/885
f 277/885 278/866 280/884 279/901
f 279/901 280/884 282/900 281/915
f 281/915 282/900 284/914 283/928
f 283/928 284/914 286/927 285/940
f 285/940 286/927 288/939 287/951
f 287/951 288/939 290/950 289/961
f 291/1031 292/1040 294/1041 293/1032
f 293/1032 294/1041 296/1052 295/1042
f 295/1042 296/1052 298/1064 297/1053
f 297/1053 298/1064 300/1077 299/1065
f 299/1065 300/1077 302/1091 301/1078
f 301/1078 302/1091 304/1106 303/1092
f 303/1092 304/1106 306/1122 305/1107
f 305/1107 306/1122 308/1139 307/1123
f 307/1123 308/1139 310/1156 309/1140
f 309/1140 310/1156 312/1172 311/1157
f 311/1157 312/1172 314/1188 313/1173
f 313/1173 314/1188 316/1201 315/1189
f 315/1189 316/1201 318/1212 317/1202
f 321/686 322/698 383/710 384/696
f 322/698 321/686 324/685 323/699
f 323/699 324/685 326/695 325/709
f 325/709 326/695 328/705 327/720
f 327/720 328/705 330/719 329/735
f 329/735 330/719 332/734 331/751
f 331/751 332/734 334/750 333/768
f 333/768 334/750 336/767 335/786
f 335/786 336/767 338/785 337/805
f 337/805 338/785 340/804 339/825
f 339/825 340/804 342/824 341/846
f 341/846 342/824 344/845 343/865
f 343/865 344/845 346/864 345/883
f 345/883 346/864 348/882 347/899
f 347/899 348/882 350/898 349/913
f 349/913 350/898 352/912 351/926
f 351/926 352/912 354/925 353/938
f 355/1050 356/1061 358/1062 357/1051
f 357/1051 358/1062 360/1075 359/1063
f 359/1063 360/1075 362/1089 361/1076
f 361/1076 362/1089 364/1104 363/1090
f 363/1090 364/1104 366/1120 365/1105
f 365/1105 366/1120 368/1137 367/1121
f 367/1121 368/1137 370/1154 369/1138
f 369/1138 370/1154 372/1170 371/1155
f 371/1155 372/1170 374/1186 373/1171
f 373/1171 374/1186 376/1199 375/1187
f 375/1187 376/1199 378/1210 377/1200
f 377/1200 378/1210 380/1220 379/1211
f 379/1211 380/1220 382/1229 381/1221
f 385/662 386/673 447/683 448/671
f 386/673 385/662 388/661 387/674
f 387/674 388/661 390/670 389/682
f 389/682 390/670 392/678 391/691
f 391/691 392/678 394/690 393/704
f 393/704 394/690 396/703 395/718
f 395/718 396/703 398/717 397/733
f 397/733 398/717 400/732 399/749
f 399/749 400/732 402/748 401/766
f 401/766 402/748 404/765 403/784
f 403/784 404/765 406/783 405/803
f 405/803 406/783 408/802 407/823
f 407/823 408/802 410/822 409/844
f 409/844 410/822 412/843 411/863
f 411/863 412/843 414/862 413/881
f 413/881 414/862 416/880 415/897
f 415/897 416/880 418/896 417/911
f 419/1073 420/1086 422/1087 421/1074
f 421/1074 422/1087 424/1102 423/1088
f 423/1088 424/1102 426/1118 425/1103
f 425/1103 426/1118 428/1135 427/1119
f 427/1119 428/1135 430/1152 429/1136
f 429/1136 430/1152 432/1168 431/1153
f 431/1153 432/1168 434/1184 433/1169
f 433/1169 434/1184 436/1197 435/1185
f 435/1185 436/1197 438/1208 437/1198
f 437/1198 438/1208 440/1218 439/1209
f 439/1209 440/1218 442/1227 441/1219
f 441/1219 442/1227 444/1235 443/1228
f 443/1228 444/1235 446/1242 445/1236
f 449/640 450/648 511/660 512/650
f 450/648 449/640 452/639 451/649
f 451/649 452/639 454/647 453/659
f 453/659 454/647 456/656 455/666
f 455/666 456/656 458/667 457/677
f 457/677 458/667 460/679 459/689
f 459/689 460/679 462/692 461/702
f 461/702 462/692 464/706 463/716
f 463/716 464/706 466/721 465/731
f 465/731 466/721 468/737 467/747
f 467/747 468/737 470/754 469/764
f 469/764 470/754 472/772 471/782
f 471/782 472/772 474/791 473/801
f 473/801 474/791 476/811 475/821
f 475/821 476/811 478/832 477/842
f 477/842 478/832 480/854 479/861
f 479/861 480/854 482/874 481/879
f 483/1100 484/1115 486/1116 485/1101
f 485/1101 486/1116 488/1133 487/1117
f 487/1117 488/1133 490/1150 489/1134
f 489/1134 490/1150 492/1166 491/1151
f 491/1151 492/1166 494/1182 493/1167
f 493/1167 494/1182 496/1195 495/1183
f 495/1183 496/1195 498/1206 497/1196
f 497/1196 498/1206 500/1216 499/1207
f 499/1207 500/1216 502/1225 501/1217
f 501/1217 502/1225 504/1233 503/1226
f 503/1226 504/1233 506/1240 505/1234
f 505/1234 506/1240 508/1246 507/1241
f 507/1241 508/1246 510/1251 509/1247
f 17/817 130/797 131/798 32/818
f 191/815 130/797 17/817 20/836
f 159/989 161/995 26/1001 28/996
f 157/982 159/989 28/996 30/990
f 165/1012 167/1018 38/1028 37/1019
f 43/983 44/975 153/965 155/974
f 169/1027 171/1036 54/1047 53/1037
f 59/966 60/956 149/944 151/955
f 173/1046 175/1057 70/1070 69/1058
f 75/945 76/933 145/919 147/932
f 177/1069 179/1082 86/1097 85/1083
f 91/920 92/906 141/889 143/905
f 181/1096 183/1111 102/1128 101/1112
f 107/890 108/872 137/852 139/871
f 185/1127 187/1144 118/1162 117/1145
f 123/853 124/835 133/814 135/831
f 163/1009 165/1012 37/1019 24/1020
f 155/974 157/982 30/990 43/983
f 167/1018 169/1027 53/1037 38/1028
f 151/955 153/965 44/975 59/966
f 171/1036 173/1046 69/1058 54/1047
f 147/932 149/944 60/956 75/945
f 175/1057 177/1069 85/1083 70/1070
f 143/905 145/919 76/933 91/920
f 179/1082 181/1096 101/1112 86/1097
f 139/871 141/889 92/906 107/890
f 183/1111 185/1127 117/1145 102/1128
f 135/831 137/852 108/872 123/853
f 187/1144 189/1161 22/1178 118/1162
f 131/798 133/814 124/835 32/818
f 132/778 129/779 194/760 195/761
f 195/761 197/775 134/794 132/778
f 136/810 134/794 197/775 199/790
f 199/790 201/809 138/830 136/810
f 140/851 138/830 201/809 203/829
f 203/829 205/850 142/870 140/851
f 144/888 142/870 205/850 207/869
f 207/869 209/887 146/904 144/888
f 148/918 146/904 209/887 211/903
f 211/903 213/917 150/931 148/918
f 152/943 150/931 213/917 215/930
f 215/930 217/942 154/954 152/943
f 156/964 154/954 217/942 219/953
f 219/953 221/963 158/973 156/964
f 221/963 223/972 160/981 158/973
f 223/972 225/980 162/988 160/981
f 227/1015 229/1016 166/1011 164/1010
f 229/1016 231/1025 168/1017 166/1011
f 231/1025 233/1034 170/1026 168/1017
f 233/1034 235/1044 172/1035 170/1026
f 235/1044 237/1055 174/1045 172/1035
f 237/1055 239/1067 176/1056 174/1045
f 239/1067 241/1080 178/1068 176/1056
f 241/1080 243/1094 180/1081 178/1068
f 243/1094 245/1109 182/1095 180/1081
f 245/1109 247/1125 184/1110 182/1095
f 247/1125 249/1142 186/1126 184/1110
f 249/1142 251/1159 188/1143 186/1126
f 251/1159 253/1175 190/1160 188/1143
f 255/776 194/760 129/779 192/795
f 196/743 193/744 258/727 259/728
f 259/728 261/740 198/757 196/743
f 200/771 198/757 261/740 263/753
f 263/753 265/770 202/789 200/771
f 204/808 202/789 265/770 267/788
f 267/788 269/807 206/828 204/808
f 208/849 206/828 269/807 271/827
f 271/827 273/848 210/868 208/849
f 212/886 210/868 273/848 275/867
f 275/867 277/885 214/902 212/886
f 216/916 214/902 277/885 279/901
f 279/901 281/915 218/929 216/916
f 220/941 218/929 281/915 283/928
f 283/928 285/940 222/952 220/941
f 285/940 287/951 224/962 222/952
f 287/951 289/961 226/971 224/962
f 291/1031 293/1032 230/1024 228/1023
f 293/1032 295/1042 232/1033 230/1024
f 295/1042 297/1053 234/1043 232/1033
f 297/1053 299/1065 236/1054 234/1043
f 299/1065 301/1078 238/1066 236/1054
f 301/1078 303/1092 240/1079 238/1066
f 303/1092 305/1107 242/1093 240/1079
f 305/1107 307/1123 244/1108 242/1093
f 307/1123 309/1140 246/1124 244/1108
f 309/1140 311/1157 248/1141 246/1124
f 311/1157 313/1173 250/1158 248/1141
f 313/1173 315/1189 252/1174 250/1158
f 315/1189 317/1202 254/1190 252/1174
f 319/741 258/727 193/744 256/758
f 260/712 257/713 322/698 323/699
f 323/699 325/709 262/724 260/712
f 264/736 262/724 325/709 327/720
f 327/720 329/735 266/752 264/736
f 268/769 266/752 329/735 331/751
f 331/751 333/768 270/787 268/769
f 272/806 270/787 333/768 335/786
f 335/786 337/805 274/826 272/806
f 276/847 274/826 337/805 339/825
f 339/825 341/846 278/866 276/847
f 280/884 278/866 341/846 343/865
f 343/865 345/883 282/900 280/884
f 284/914 282/900 345/883 347/899
f 347/899 349/913 286/927 284/914
f 349/913 351/926 288/939 286/927
f 351/926 353/938 290/950 288/939
f 355/1050 357/1051 294/1041 292/1040
f 357/1051 359/1063 296/1052 294/1041
f 359/1063 361/1076 298/1064 296/1052
f 361/1076 363/1090 300/1077 298/1064
f 363/1090 365/1105 302/1091 300/1077
f 365/1105 367/1121 304/1106 302/1091
f 367/1121 369/1138 306/1122 304/1106
f 369/1138 371/1155 308/1139 306/1122
f 371/1155 373/1171 310/1156 308/1139
f 373/1171 375/1187 312/1172 310/1156
f 375/1187 377/1200 314/1188 312/1172
f 377/1200 379/1211 316/1201 314/1188
f 379/1211 381/1221 318/1212 316/1201
f 383/710 322/698 257/713 320/725
f 324/685 321/686 386/673 387/674
f 387/674 389/682 326/695 324/685
f 328/705 326/695 389/682 391/691
f 391/691 393/704 330/719 328/705
f 332/734 330/719 393/704 395/718
f 395/718 397/733 334/750 332/734
f 336/767 334/750 397/733 399/749
f 399/749 401/766 338/785 336/767
f 340/804 338/785 401/766 403/784
f 403/784 405/803 342/824 340/804
f 344/845 342/824 405/803 407/823
f 407/823 409/844 346/864 344/845
f 348/882 346/864 409/844 411/863
f 411/863 413/881 350/898 348/882
f 413/881 415/897 352/912 350/898
f 415/897 417/911 354/925 352/912
f 419/1073 421/1074 358/1062 356/1061
f 421/1074 423/1088 360/1075 358/1062
f 423/1088 425/1103 362/1089 360/1075
f 425/1103 427/1119 364/1104 362/1089
f 427/1119 429/1136 366/1120 364/1104
f 429/1136 431/1153 368/1137 366/1120
f 431/1153 433/1169 370/1154 368/1137
f 433/1169 435/1185 372/1170 370/1154
f 435/1185 437/1198 374/1186 372/1170
f 437/1198 439/1209 376/1199 374/1186
f 439/1209 441/1219 378/1210 376/1199
f 441/1219 443/1228 380/1220 378/1210
f 443/1228 445/1236 382/1229 380/1220
f 447/683 386/673 321/686 384/696
f 388/661 385/662 450/648 451/649
f 451/649 453/659 390/670 388/661
f 392/678 390/670 453/659 455/666
f 455/666 457/677 394/690 392/678
f 396/703 394/690 457/677 459/689
f 459/689 461/702 398/717 396/703
f 400/732 398/717 461/702 463/716
f 463/716 465/731 402/748 400/732
f 404/765 402/748 465/731 467/747
f 467/747 469/764 406/783 404/765
f 408/802 406/783 469/764 471/782
f 471/782 473/801 410/822 408/802
f 412/843 410/822 473/801 475/821
f 475/821 477/842 414/862 412/843
f 477/842 479/861 416/880 414/862
f 479/861 481/879 418/896 416/880
f 483/1100 485/1101 422/1087 420/1086
f 485/1101 487/1117 424/1102 422/1087
f 487/1117 489/1134 426/1118 424/1102
f 489/1134 491/1151 428/1135 426/1118
f 491/1151 493/1167 430/1152 428/1135
f 493/1167 495/1183 432/1168 430/1152
f 495/1183 497/1196 434/1184 432/1168
f 497/1196 499/1207 436/1197 434/1184
f 499/1207 501/1217 438/1208 436/1197
f 501/1217 503/1226 440/1218 438/1208
f 503/1226 505/1234 442/1227 440/1218
f 505/1234 507/1241 444/1235 442/1227
f 507/1241 509/1247 446/1242 444/1235
f 511/660 450/648 385/662 448/671
f 452/639 449/640 18/635 31/634
f 126/638 454/647 452/639 31/634
f 456/656 454/647 126/638 125/645
f 110/658 458/667 456/656 125/645
f 460/679 458/667 110/658 109/668
f 94/681 462/692 460/679 109/668
f 464/706 462/692 94/681 93/693
f 78/708 466/721 464/706 93/693
f 468/737 466/721 78/708 77/722
f 62/739 470/754 468/737 77/722
f 472/772 470/754 62/739 61/755
f 46/774 474/791 472/772 61/755
f 476/811 474/791 46/774 45/792
f 29/813 478/832 476/811 45/792
f 27/834 480/854 478/832 29/813
f 25/855 482/874 480/854 27/834
f 35/1131 486/1116 484/1115 23/1132
f 35/1131 36/1148 488/1133 486/1116
f 51/1165 490/1150 488/1133 36/1148
f 51/1165 52/1181 492/1166 490/1150
f 67/1194 494/1182 492/1166 52/1181
f 67/1194 68/1205 496/1195 494/1182
f 83/1215 498/1206 496/1195 68/1205
f 83/1215 84/1224 500/1216 498/1206
f 99/1232 502/1225 500/1216 84/1224
f 99/1232 100/1239 504/1233 502/1225
f 115/1245 506/1240 504/1233 100/1239
f 115/1245 116/1250 508/1246 506/1240
f 21/1254 510/1251 508/1246 116/1250
f 18/635 449/640 512/650 19/641
f 36/1148 35/1131 1509/1149 1510/1164
f 37/1019 38/1028 1493/1038 1494/1029
f 52/1181 51/1165 1511/1180 1512/1193
f 53/1037 54/1047 1491/1059 1492/1048
f 68/1205 67/1194 1513/1204 1514/1214
f 69/1058 70/1070 1489/1084 1490/1071
f 84/1224 83/1215 1515/1223 1516/1231
f 85/1083 86/1097 1487/1113 1488/1098
f 100/1239 99/1232 1517/1238 1518/1244
f 101/1112 102/1128 1485/1146 1486/1129
f 116/1250 115/1245 1519/1249 1520/1253
f 117/1145 118/1162 1483/1179 1484/1163
f 35/1131 23/1132 1508/2235 1509/1149
f 24/1020 37/1019 1494/1029 1495/2236
f 51/1165 36/1148 1510/1164 1511/1180
f 38/1028 53/1037 1492/1048 1493/1038
f 67/1194 52/1181 1512/1193 1513/1204
f 54/1047 69/1058 1490/1071 1491/1059
f 83/1215 68/1205 1514/1214 1515/1223
f 70/1070 85/1083 1488/1098 1489/1084
f 99/1232 84/1224 1516/1231 1517/1238
f 86/1097 101/1112 1486/1129 1487/1113
f 115/1245 100/1239 1518/1244 1519/1249
f 102/1128 117/1145 1484/1163 1485/1146
f 21/1254 116/1250 1520/1253 1469/2237
f 118/1162 22/1178 1482/2238 1483/1179
f 164/1010 163/1009 1496/1013 1497/1014
f 189/1161 190/1160 1480/1176 1481/1177
f 228/1023 227/1015 1498/1022 1499/1030
f 253/1175 254/1190 1478/1203 1479/1191
f 292/1040 291/1031 1500/1039 1501/1049
f 317/1202 318/1212 1476/1222 1477/1213
f 356/1061 355/1050 1502/1060 1503/1072
f 381/1221 382/1229 1474/1237 1475/1230
f 420/1086 419/1073 1504/1085 1505/1099
f 445/1236 446/1242 1472/1248 1473/1243
f 484/1115 483/1100 1506/1114 1507/1130
f 509/1247 510/1251 1470/1255 1471/1252
f 22/1178 189/1161 1481/1177 1482/1192
f 163/1009 24/1020 1495/1021 1496/1013
f 227/1015 164/1010 1497/1014 1498/1022
f 190/1160 253/1175 1479/1191 1480/1176
f 291/1031 228/1023 1499/1030 1500/1039
f 254/1190 317/1202 1477/1213 1478/1203
f 355/1050 292/1040 1501/1049 1502/1060
f 318/1212 381/1221 1475/1230 1476/1222
f 419/1073 356/1061 1503/1072 1504/1085
f 382/1229 445/1236 1473/1243 1474/1237
f 483/1100 420/1086 1505/1099 1506/1114
f 446/1242 509/1247 1471/1252 1472/1248
f 23/1132 484/1115 1507/1130 1508/1147
f 510/1251 21/1254 1469/1256 1470/1255
f 514/2 513/1903 625/1904 626/3
f 516/1 514/2 626/3 628/4
f 519/1959 520/1960 632/1961 631/1962
f 520/60 518/55 630/56 632/61
f 521/1953 523/65 635/68 633/1954
f 523/65 524/66 636/67 635/68
f 527/119 528/124 640/125 639/120
f 528/124 526/2013 638/2014 640/125
f 530/52 529/47 641/48 642/53
f 535/111 536/116 648/117 647/112
f 538/44 537/39 649/40 650/45
f 543/103 544/108 656/109 655/104
f 546/36 545/31 657/32 658/37
f 551/95 552/100 664/101 663/96
f 554/28 553/23 665/24 666/29
f 559/87 560/92 672/93 671/88
f 562/20 561/15 673/16 674/21
f 567/79 568/84 680/85 679/80
f 570/12 569/7 681/8 682/13
f 575/71 576/76 688/77 687/72
f 518/55 530/52 642/53 630/56
f 536/116 527/119 639/120 648/117
f 529/47 538/44 650/45 641/48
f 544/108 535/111 647/112 656/109
f 537/39 546/36 658/37 649/40
f 552/100 543/103 655/104 664/101
f 545/31 554/28 666/29 657/32
f 560/92 551/95 663/96 672/93
f 553/23 562/20 674/21 665/24
f 568/84 559/87 671/88 680/85
f 561/15 570/12 682/13 673/16
f 576/76 567/79 679/80 688/77
f 569/7 516/1 628/4 681/8
f 524/66 575/71 687/72 636/67
f 578/2010 577/2005 689/2006 690/2011
f 583/1945 584/1950 696/1951 695/1946
f 586/2002 585/1997 697/1998 698/2003
f 591/1937 592/1942 704/1943 703/1938
f 594/1994 593/1989 705/1990 706/1995
f 599/1929 600/1934 712/1935 711/1930
f 602/1986 601/1981 713/1982 714/1987
f 607/1921 608/1926 720/1927 719/1922
f 610/1978 609/1973 721/1974 722/1979
f 615/1913 616/1918 728/1919 727/1914
f 618/1970 617/1965 729/1966 730/1971
f 623/1906 624/1910 736/1911 735/1907
f 584/1950 521/1953 633/1954 696/1951
f 526/2013 578/2010 690/2011 638/2014
f 577/2005 586/2002 698/2003 689/2006
f 592/1942 583/1945 695/1946 704/1943
f 585/1997 594/1994 706/1995 697/1998
f 600/1934 591/1937 703/1938 712/1935
f 593/1989 602/1986 714/1987 705/1990
f 608/1926 599/1929 711/1930 720/1927
f 601/1981 610/1978 722/1979 713/1982
f 616/1918 607/1921 719/1922 728/1919
f 609/1973 618/1970 730/1971 721/1974
f 624/1910 615/1913 727/1914 736/1911
f 617/1965 519/1959 631/1962 729/1966
f 513/1903 623/1906 735/1907 625/1904
f 797/1905 798/1908 915/1912 916/1909
f 798/1908 797/1905 800/6 799/9
f 799/9 800/6 802/5 801/10
f 801/10 802/5 804/11 803/14
f 803/14 804/11 806/17 805/18
f 805/18 806/17 808/19 807/22
f 807/22 808/19 810/25 809/26
f 809/26 810/25 812/27 811/30
f 811/30 812/27 814/33 813/34
f 813/34 814/33 816/35 815/38
f 815/38 816/35 818/41 817/42
f 817/42 818/41 820/43 819/46
f 819/46 820/43 822/49 821/50
f 821/50 822/49 824/51 823/54
f 823/54 824/51 826/57 825/58
f 825/58 826/57 828/59 827/62
f 827/62 828/59 830/63 829/64
f 829/1967 830/1964 832/1963 831/1968
f 831/1968 832/1963 834/1969 833/1972
f 833/1972 834/1969 836/1975 835/1976
f 835/1976 836/1975 838/1977 837/1980
f 837/1980 838/1977 840/1983 839/1984
f 839/1984 840/1983 842/1985 841/1988
f 841/1988 842/1985 844/1991 843/1992
f 843/1992 844/1991 846/1993 845/1996
f 845/1996 846/1993 848/1999 847/2000
f 847/2000 848/1999 850/2001 849/2004
f 849/2004 850/2001 852/2007 851/2008
f 851/2008 852/2007 854/2009 853/2012
f 853/2012 854/2009 856/2015 855/2016
f 855/2016 856/2015 858/2017 857/2018
f 857/2018 858/2017 860/127 859/128
f 859/128 860/127 862/123 861/126
f 861/126 862/123 864/122 863/121
f 863/121 864/122 866/115 865/118
f 865/118 866/115 868/114 867/113
f 867/113 868/114 870/107 869/110
f 869/110 870/107 872/106 871/105
f 871/105 872/106 874/99 873/102
f 873/102 874/99 876/98 875/97
f 875/97 876/98 878/91 877/94
f 877/94 878/91 880/90 879/89
f 879/89 880/90 882/83 881/86
f 881/86 882/83 884/82 883/81
f 883/81 884/82 886/75 885/78
f 885/78 886/75 888/70 887/73
f 887/73 888/70 890/69 889/74
f 889/74 890/69 892/1957 891/1958
f 891/1958 892/1957 894/1956 893/1955
f 893/1955 894/1956 896/1949 895/1952
f 895/1952 896/1949 898/1948 897/1947
f 897/1947 898/1948 900/1941 899/1944
f 899/1944 900/1941 902/1940 901/1939
f 901/1939 902/1940 904/1933 903/1936
f 903/1936 904/1933 906/1932 905/1931
f 905/1931 906/1932 908/1925 907/1928
f 907/1928 908/1925 910/1924 909/1923
f 909/1923 910/1924 912/1917 911/1920
f 911/1920 912/1917 914/1916 913/1915
f 913/1915 914/1916 916/1909 915/1912
f 3/2232 19/641 798/651 799/2239
f 10/643 3/642 799/652 801/653
f 25/855 5/2233 829/2240 831/875
f 5/841 9/820 827/840 829/860
f 20/836 4/2234 889/2241 891/858
f 4/857 15/859 887/878 889/877
f 16/1003 6/2231 859/2242 861/1007
f 6/1006 26/1001 857/1005 859/1008
f 34/800 33/781 823/799 825/819
f 40/992 39/998 863/1004 865/999
f 50/763 49/746 819/762 821/780
f 56/977 55/985 867/993 869/986
f 66/730 65/715 815/729 817/745
f 72/958 71/968 871/978 873/969
f 82/701 81/688 811/700 813/714
f 88/935 87/947 875/959 877/948
f 98/676 97/665 807/675 809/687
f 104/908 103/922 879/936 881/923
f 114/655 113/644 803/654 805/664
f 120/876 119/892 883/909 885/894
f 9/820 34/800 825/819 827/840
f 39/998 16/1003 861/1007 863/1004
f 33/781 50/763 821/780 823/799
f 55/985 40/992 865/999 867/993
f 49/746 66/730 817/745 819/762
f 71/968 56/977 869/986 871/978
f 65/715 82/701 813/714 815/729
f 87/947 72/958 873/969 875/959
f 81/688 98/676 809/687 811/700
f 103/922 88/935 877/948 879/936
f 97/665 114/655 805/664 807/675
f 119/892 104/908 881/923 883/909
f 113/644 10/643 801/653 803/654
f 15/859 120/876 885/894 887/878
f 161/995 162/988 853/994 855/1000
f 192/795 191/815 893/837 895/816
f 225/980 226/971 849/979 851/987
f 256/758 255/776 897/796 899/777
f 289/961 290/950 845/960 847/970
f 320/725 319/741 901/759 903/742
f 353/938 354/925 841/937 843/949
f 384/696 383/710 905/726 907/711
f 417/911 418/896 837/910 839/924
f 448/671 447/683 909/697 911/684
f 481/879 482/874 833/893 835/895
f 512/650 511/660 913/672 915/663
f 191/815 20/836 891/858 893/837
f 26/1001 161/995 855/1000 857/1005
f 162/988 225/980 851/987 853/994
f 255/776 192/795 895/816 897/796
f 226/971 289/961 847/970 849/979
f 319/741 256/758 899/777 901/759
f 290/950 353/938 843/949 845/960
f 383/710 320/725 903/742 905/726
f 354/925 417/911 839/924 841/937
f 447/683 384/696 907/711 909/697
f 418/896 481/879 835/895 837/910
f 511/660 448/671 911/684 913/672
f 482/874 25/855 831/875 833/893
f 19/641 512/650 915/663 798/651
f 800/6 797/1905 513/1903 514/2
f 802/5 800/6 514/2 516/1
f 804/11 802/5 516/1 569/7
f 808/19 806/17 570/12 561/15
f 812/27 810/25 562/20 553/23
f 816/35 814/33 554/28 545/31
f 820/43 818/41 546/36 537/39
f 824/51 822/49 538/44 529/47
f 828/59 826/57 530/52 518/55
f 830/63 828/59 518/55 520/60
f 832/1963 830/1964 520/1960 519/1959
f 834/1969 832/1963 519/1959 617/1965
f 838/1977 836/1975 618/1970 609/1973
f 842/1985 840/1983 610/1978 601/1981
f 846/1993 844/1991 602/1986 593/1989
f 850/2001 848/1999 594/1994 585/1997
f 854/2009 852/2007 586/2002 577/2005
f 858/2017 856/2015 578/2010 526/2013
f 860/127 858/2017 526/2013 528/124
f 862/123 860/127 528/124 527/119
f 864/122 862/123 527/119 536/116
f 868/114 866/115 535/111 544/108
f 872/106 870/107 543/103 552/100
f 876/98 874/99 551/95 560/92
f 880/90 878/91 559/87 568/84
f 884/82 882/83 567/79 576/76
f 888/70 886/75 575/71 524/66
f 890/69 888/70 524/66 523/65
f 892/1957 890/69 523/65 521/1953
f 894/1956 892/1957 521/1953 584/1950
f 898/1948 896/1949 583/1945 592/1942
f 902/1940 900/1941 591/1937 600/1934
f 906/1932 904/1933 599/1929 608/1926
f 910/1924 908/1925 607/1921 616/1918
f 914/1916 912/1917 615/1913 624/1910
f 797/1905 916/1909 623/1906 513/1903
f 917/129 918/130 935/131 936/132
f 918/130 917/129 920/133 919/134
f 919/134 920/133 1014/139 1013/140
f 921/148 922/141 1016/147 1015/153
f 922/141 921/148 924/142 923/135
f 923/135 924/142 937/143 938/136
f 925/185 926/186 943/187 944/188
f 926/186 925/185 928/189 927/190
f 927/190 928/189 1018/196 1017/197
f 929/201 930/194 947/193 948/202
f 930/194 929/201 932/203 931/195
f 931/195 932/203 1020/209 1019/204
f 933/138 934/137 951/145 952/146
f 934/137 933/138 936/132 935/131
f 938/136 937/143 940/149 939/144
f 939/144 940/149 953/154 954/150
f 941/192 942/191 959/198 960/199
f 942/191 941/192 944/188 943/187
f 945/208 946/200 963/207 964/213
f 946/200 945/208 948/202 947/193
f 949/152 950/151 967/156 968/157
f 950/151 949/152 952/146 951/145
f 954/150 953/154 956/158 955/155
f 955/155 956/158 969/162 970/159
f 957/206 958/205 975/210 976/211
f 958/205 957/206 960/199 959/198
f 961/217 962/212 979/216 980/221
f 962/212 961/217 964/213 963/207
f 965/161 966/160 983/164 984/165
f 966/160 965/161 968/157 967/156
f 970/159 969/162 972/166 971/163
f 971/163 972/166 985/170 986/167
f 973/215 974/214 991/218 992/219
f 974/214 973/215 976/211 975/210
f 977/225 978/220 995/224 996/229
f 978/220 977/225 980/221 979/216
f 981/169 982/168 999/172 1000/173
f 982/168 981/169 984/165 983/164
f 986/167 985/170 988/174 987/171
f 987/171 988/174 1001/178 1002/175
f 989/223 990/222 1007/226 1008/227
f 990/222 989/223 992/219 991/218
f 993/233 994/228 1011/232 1012/237
f 994/228 993/233 996/229 995/224
f 997/177 998/176 1022/180 1021/181
f 998/176 997/177 1000/173 999/172
f 1002/175 1001/178 1004/182 1003/179
f 1003/179 1004/182 1024/184 1023/183
f 1005/231 1006/230 1026/234 1025/235
f 1006/230 1005/231 1008/227 1007/226
f 1009/239 1010/236 1028/238 1027/240
f 1010/236 1009/239 1012/237 1011/232
f 1013/140 1014/139 1109/1264 1110/1268
f 1015/153 1016/147 1115/1415 1116/1413
f 1017/197 1018/196 1031/1336 1032/1328
f 1019/204 1020/209 1033/1460 1034/1464
f 1021/181 1022/180 1117/1330 1118/1326
f 1023/183 1024/184 1121/1451 1122/1457
f 1025/1403 1026/1399 1039/1393 1040/1395
f 1027/1503 1028/1507 1043/1504 1044/1499
f 1029/1323 1030/1329 1047/1324 1048/1315
f 1030/1329 1029/1323 1032/1328 1031/1336
f 1034/1464 1033/1460 1036/1454 1035/1458
f 1035/1458 1036/1454 1049/1449 1050/1452
f 1037/1391 1038/1387 1055/1381 1056/1383
f 1038/1387 1037/1391 1040/1395 1039/1393
f 1041/1495 1042/1500 1059/1496 1060/1491
f 1042/1500 1041/1495 1044/1499 1043/1504
f 1045/1311 1046/1316 1063/1312 1064/1303
f 1046/1316 1045/1311 1048/1315 1047/1324
f 1050/1452 1049/1449 1052/1445 1051/1447
f 1051/1447 1052/1445 1065/1441 1066/1443
f 1053/1379 1054/1375 1071/1369 1072/1371
f 1054/1375 1053/1379 1056/1383 1055/1381
f 1057/1487 1058/1492 1075/1488 1076/1483
f 1058/1492 1057/1487 1060/1491 1059/1496
f 1061/1299 1062/1304 1079/1300 1080/1291
f 1062/1304 1061/1299 1064/1303 1063/1312
f 1066/1443 1065/1441 1068/1437 1067/1439
f 1067/1439 1068/1437 1081/1433 1082/1435
f 1069/1367 1070/1363 1087/1357 1088/1359
f 1070/1363 1069/1367 1072/1371 1071/1369
f 1073/1479 1074/1484 1091/1480 1092/1475
f 1074/1484 1073/1479 1076/1483 1075/1488
f 1077/1287 1078/1292 1095/1288 1096/1279
f 1078/1292 1077/1287 1080/1291 1079/1300
f 1082/1435 1081/1433 1084/1429 1083/1431
f 1083/1431 1084/1429 1097/1425 1098/1427
f 1085/1355 1086/1351 1103/1345 1104/1347
f 1086/1351 1085/1355 1088/1359 1087/1357
f 1089/1471 1090/1476 1107/1472 1108/1467
f 1090/1476 1089/1471 1092/1475 1091/1480
f 1093/1275 1094/1280 1111/1276 1112/1267
f 1094/1280 1093/1275 1096/1279 1095/1288
f 1098/1427 1097/1425 1100/1421 1099/1423
f 1099/1423 1100/1421 1113/1417 1114/1419
f 1101/1343 1102/1341 1119/1332 1120/1337
f 1102/1341 1101/1343 1104/1347 1103/1345
f 1105/1462 1106/1468 1123/1463 1124/1456
f 1106/1468 1105/1462 1108/1467 1107/1472
f 1110/1268 1109/1264 1112/1267 1111/1276
f 1114/1419 1113/1417 1116/1413 1115/1415
f 1118/1326 1117/1330 1120/1337 1119/1332
f 1122/1457 1121/1451 1124/1456 1123/1463
f 918/130 919/134 922/141 923/135
f 928/189 925/185 930/194 931/195
f 934/137 935/131 938/136 939/144
f 944/188 941/192 946/200 947/193
f 950/151 951/145 954/150 955/155
f 960/199 957/206 962/212 963/207
f 966/160 967/156 970/159 971/163
f 976/211 973/215 978/220 979/216
f 982/168 983/164 986/167 987/171
f 992/219 989/223 994/228 995/224
f 998/176 999/172 1002/175 1003/179
f 1008/227 1005/231 1010/236 1011/232
f 919/134 1013/140 1016/147 922/141
f 1018/196 928/189 931/195 1019/204
f 935/131 918/130 923/135 938/136
f 925/185 944/188 947/193 930/194
f 951/145 934/137 939/144 954/150
f 941/192 960/199 963/207 946/200
f 967/156 950/151 955/155 970/159
f 957/206 976/211 979/216 962/212
f 983/164 966/160 971/163 986/167
f 973/215 992/219 995/224 978/220
f 999/172 982/168 987/171 1002/175
f 989/223 1008/227 1011/232 994/228
f 1022/180 998/176 1003/179 1023/183
f 1005/231 1025/235 1028/238 1010/236
f 1030/1329 1031/1336 1034/1464 1035/1458
f 1040/1395 1037/1391 1042/1500 1043/1504
f 1046/1316 1047/1324 1050/1452 1051/1447
f 1056/1383 1053/1379 1058/1492 1059/1496
f 1062/1304 1063/1312 1066/1443 1067/1439
f 1072/1371 1069/1367 1074/1484 1075/1488
f 1078/1292 1079/1300 1082/1435 1083/1431
f 1088/1359 1085/1355 1090/1476 1091/1480
f 1094/1280 1095/1288 1098/1427 1099/1423
f 1104/1347 1101/1343 1106/1468 1107/1472
f 1110/1268 1111/1276 1114/1419 1115/1415
f 1120/1337 1117/1330 1122/1457 1123/1463
f 1025/1403 1040/1395 1043/1504 1028/1507
f 1031/1336 1018/196 1019/204 1034/1464
f 1047/1324 1030/1329 1035/1458 1050/1452
f 1037/1391 1056/1383 1059/1496 1042/1500
f 1063/1312 1046/1316 1051/1447 1066/1443
f 1053/1379 1072/1371 1075/1488 1058/1492
f 1079/1300 1062/1304 1067/1439 1082/1435
f 1069/1367 1088/1359 1091/1480 1074/1484
f 1095/1288 1078/1292 1083/1431 1098/1427
f 1085/1355 1104/1347 1107/1472 1090/1476
f 1111/1276 1094/1280 1099/1423 1114/1419
f 1101/1343 1120/1337 1123/1463 1106/1468
f 1013/140 1110/1268 1115/1415 1016/147
f 1117/1330 1022/180 1023/183 1122/1457
f 531/1257 532/1258 920/133 917/129
f 644/1407 643/1408 924/142 921/148
f 534/1342 533/1346 926/186 927/190
f 645/1473 646/1469 932/203 929/201
f 539/1265 540/1262 936/132 933/138
f 652/1409 651/1411 940/149 937/143
f 542/1354 541/1358 942/191 943/187
f 653/1481 654/1477 948/202 945/208
f 547/1277 548/1271 952/146 949/152
f 660/1414 659/1418 956/158 953/154
f 550/1366 549/1370 958/205 959/198
f 661/1489 662/1485 964/213 961/217
f 555/1289 556/1283 968/157 965/161
f 668/1422 667/1426 972/166 969/162
f 558/1378 557/1382 974/214 975/210
f 669/1497 670/1493 980/221 977/225
f 563/1301 564/1295 984/165 981/169
f 676/1430 675/1434 988/174 985/170
f 566/1390 565/1394 990/222 991/218
f 677/1505 678/1501 996/229 993/233
f 571/1313 572/1307 1000/173 997/177
f 684/1438 683/1442 1004/182 1001/178
f 574/1402 573/1404 1006/230 1007/226
f 685/1506 686/1508 1012/237 1009/239
f 532/1258 517/1261 1014/139 920/133
f 629/1410 644/1407 921/148 1015/153
f 525/1335 534/1342 927/190 1017/197
f 646/1469 637/1465 1020/209 932/203
f 540/1262 531/1257 917/129 936/132
f 643/1408 652/1409 937/143 924/142
f 533/1346 542/1354 943/187 926/186
f 654/1477 645/1473 929/201 948/202
f 548/1271 539/1265 933/138 952/146
f 651/1411 660/1414 953/154 940/149
f 541/1358 550/1366 959/198 942/191
f 662/1485 653/1481 945/208 964/213
f 556/1283 547/1277 949/152 968/157
f 659/1418 668/1422 969/162 956/158
f 549/1370 558/1378 975/210 958/205
f 670/1493 661/1489 961/217 980/221
f 564/1295 555/1289 965/161 984/165
f 667/1426 676/1430 985/170 972/166
f 557/1382 566/1390 991/218 974/214
f 678/1501 669/1497 977/225 996/229
f 572/1307 563/1301 981/169 1000/173
f 675/1434 684/1438 1001/178 988/174
f 565/1394 574/1402 1007/226 990/222
f 686/1508 677/1505 993/233 1012/237
f 515/1319 571/1313 997/177 1021/181
f 683/1442 627/1446 1024/184 1004/182
f 573/1404 522/2243 1026/234 1006/230
f 634/2244 685/1506 1009/239 1027/240
f 579/1322 580/1327 1032/1328 1029/1323
f 692/1459 691/1453 1036/1454 1033/1460
f 582/1392 581/1386 1038/1387 1039/1393
f 693/1494 694/1498 1044/1499 1041/1495
f 587/1310 588/1314 1048/1315 1045/1311
f 700/1448 699/1444 1052/1445 1049/1449
f 590/1380 589/1374 1054/1375 1055/1381
f 701/1486 702/1490 1060/1491 1057/1487
f 595/1298 596/1302 1064/1303 1061/1299
f 708/1440 707/1436 1068/1437 1065/1441
f 598/1368 597/1362 1070/1363 1071/1369
f 709/1478 710/1482 1076/1483 1073/1479
f 603/1286 604/1290 1080/1291 1077/1287
f 716/1432 715/1428 1084/1429 1081/1433
f 606/1356 605/1350 1086/1351 1087/1357
f 717/1470 718/1474 1092/1475 1089/1471
f 611/1274 612/1278 1096/1279 1093/1275
f 724/1424 723/1420 1100/1421 1097/1425
f 614/1344 613/1340 1102/1341 1103/1345
f 725/1461 726/1466 1108/1467 1105/1462
f 619/1263 620/1266 1112/1267 1109/1264
f 732/1416 731/1412 1116/1413 1113/1417
f 622/1331 621/1325 1118/1326 1119/1332
f 733/1450 734/1455 1124/1456 1121/1451
f 522/1398 582/1392 1039/1393 1026/1399
f 694/1498 634/1502 1027/1503 1044/1499
f 580/1327 525/1335 1017/197 1032/1328
f 637/1465 692/1459 1033/1460 1020/209
f 588/1314 579/1322 1029/1323 1048/1315
f 691/1453 700/1448 1049/1449 1036/1454
f 581/1386 590/1380 1055/1381 1038/1387
f 702/1490 693/1494 1041/1495 1060/1491
f 596/1302 587/1310 1045/1311 1064/1303
f 699/1444 708/1440 1065/1441 1052/1445
f 589/1374 598/1368 1071/1369 1054/1375
f 710/1482 701/1486 1057/1487 1076/1483
f 604/1290 595/1298 1061/1299 1080/1291
f 707/1436 716/1432 1081/1433 1068/1437
f 597/1362 606/1356 1087/1357 1070/1363
f 718/1474 709/1478 1073/1479 1092/1475
f 612/1278 603/1286 1077/1287 1096/1279
f 715/1428 724/1424 1097/1425 1084/1429
f 605/1350 614/1344 1103/1345 1086/1351
f 726/1466 717/1470 1089/1471 1108/1467
f 620/1266 611/1274 1093/1275 1112/1267
f 723/1420 732/1416 1113/1417 1100/1421
f 613/1340 622/1331 1119/1332 1102/1341
f 734/1455 725/1461 1105/1462 1124/1456
f 517/1261 619/1263 1109/1264 1014/139
f 731/1412 629/1410 1015/153 1116/1413
f 621/1325 515/1319 1021/181 1118/1326
f 627/1446 733/1450 1121/1451 1024/184
f 1125/244 1126/247 1135/252 1136/250
f 1126/247 1125/244 1128/243 1127/248
f 1127/248 1128/243 1174/246 1173/251
f 1129/289 1130/285 1139/288 1140/293
f 1130/285 1129/289 1132/290 1131/286
f 1131/286 1132/290 1176/294 1175/292
f 1133/254 1134/253 1143/255 1144/256
f 1134/253 1133/254 1136/250 1135/252
f 1137/296 1138/295 1147/297 1148/298
f 1138/295 1137/296 1140/293 1139/288
f 1141/258 1142/257 1151/261 1152/262
f 1142/257 1141/258 1144/256 1143/255
f 1145/302 1146/301 1155/304 1156/305
f 1146/301 1145/302 1148/298 1147/297
f 1149/265 1150/264 1159/267 1160/268
f 1150/264 1149/265 1152/262 1151/261
f 1153/308 1154/307 1163/310 1164/311
f 1154/307 1153/308 1156/305 1155/304
f 1157/271 1158/270 1167/273 1168/274
f 1158/270 1157/271 1160/268 1159/267
f 1161/314 1162/313 1171/315 1172/316
f 1162/313 1161/314 1164/311 1163/310
f 1165/276 1166/275 1178/279 1177/280
f 1166/275 1165/276 1168/274 1167/273
f 1169/320 1170/319 1180/322 1179/323
f 1170/319 1169/320 1172/316 1171/315
f 1173/1617 1174/1638 1221/1639 1222/1632
f 1175/1733 1176/1725 1183/1723 1184/1727
f 1177/1525 1178/1511 1225/1516 1226/1526
f 1179/1614 1180/1620 1187/1612 1188/1605
f 1181/1719 1182/1714 1191/1707 1192/1711
f 1182/1714 1181/1719 1184/1727 1183/1723
f 1185/1598 1186/1604 1195/1596 1196/1589
f 1186/1604 1185/1598 1188/1605 1187/1612
f 1189/1703 1190/1698 1199/1691 1200/1695
f 1190/1698 1189/1703 1192/1711 1191/1707
f 1193/1582 1194/1588 1203/1580 1204/1573
f 1194/1588 1193/1582 1196/1589 1195/1596
f 1197/1687 1198/1682 1207/1675 1208/2223
f 1198/1682 1197/1687 1200/1695 1199/1691
f 1201/1566 1202/1572 1211/1564 1212/1557
f 1202/1572 1201/1566 1204/1573 1203/1580
f 1205/1671 1206/1666 1215/1659 1216/1663
f 1206/1666 1205/1671 1208/1679 1207/2224
f 1209/1550 1210/1556 1219/1548 1220/1541
f 1210/1556 1209/1550 1212/1557 1211/1564
f 1213/1655 1214/1649 1223/1641 1224/1647
f 1214/1649 1213/1655 1216/1663 1215/1659
f 1217/1534 1218/1540 1227/1532 1228/1523
f 1218/1540 1217/1534 1220/1541 1219/1548
f 1222/1632 1221/1639 1224/1647 1223/1641
f 1226/1526 1225/1516 1228/1523 1227/1532
f 738/1509 737/1510 1178/1511 739/1512
f 740/1616 1173/1617 741/1624 742/1625
f 1179/1614 743/1613 744/1621 745/1622
f 746/1730 1176/1725 747/1726 748/1732
f 750/1608 749/1601 1126/1600 1127/1609
f 1132/1717 1129/1710 751/1709 752/1718
f 754/1592 753/1585 1134/1584 1135/1593
f 1140/1701 1137/1694 755/1693 756/1702
f 758/1576 757/1569 1142/1568 1143/1577
f 1148/1685 1145/1678 759/1677 760/1686
f 762/1560 761/1553 1150/1552 1151/1561
f 1156/1669 1153/1662 763/1661 764/1670
f 766/1544 765/1537 1158/1536 1159/1545
f 1164/1653 1161/1646 767/1645 768/1654
f 770/1527 769/1518 1166/1517 1167/1528
f 1172/1636 1169/1630 771/1629 772/1637
f 740/1616 750/1608 1127/1609 1173/1617
f 1176/1725 1132/1717 752/1718 747/1726
f 1126/1600 749/1601 754/1592 1135/1593
f 751/1709 1129/1710 1140/1701 756/1702
f 1134/1584 753/1585 758/1576 1143/1577
f 755/1693 1137/1694 1148/1685 760/1686
f 1142/1568 757/1569 762/1560 1151/1561
f 759/1677 1145/1678 1156/1669 764/1670
f 1150/1552 761/1553 766/1544 1159/1545
f 763/1661 1153/1662 1164/1653 768/1654
f 1158/1536 765/1537 770/1527 1167/1528
f 767/1645 1161/1646 1172/1636 772/1637
f 1166/1517 769/1518 739/1512 1178/1511
f 771/1629 1169/1630 1179/1614 745/1622
f 774/1722 773/1715 1182/1714 1183/1723
f 1188/1605 1185/1598 775/1597 776/1606
f 778/1706 777/1699 1190/1698 1191/1707
f 1196/1589 1193/1582 779/1581 780/1590
f 782/1690 781/1683 1198/1682 1199/1691
f 1204/1573 1201/1566 783/1565 784/1574
f 786/2225 785/1667 1206/1666 1207/2224
f 1212/1557 1209/1550 787/1549 788/1558
f 790/1658 789/1650 1214/1649 1215/1659
f 1220/1541 1217/1534 791/1533 792/1542
f 794/1640 793/1633 1222/1632 1223/1641
f 1228/1523 1225/1516 795/1515 796/1524
f 1188/1605 776/1606 743/1613 1179/1614
f 774/1722 1183/1723 1176/1725 746/1730
f 778/1706 1191/1707 1182/1714 773/1715
f 1196/1589 780/1590 775/1597 1185/1598
f 782/1690 1199/1691 1190/1698 777/1699
f 1204/1573 784/1574 779/1581 1193/1582
f 786/1674 1207/1675 1198/1682 781/1683
f 1212/1557 788/1558 783/1565 1201/1566
f 790/1658 1215/1659 1206/1666 785/1667
f 1220/1541 792/1542 787/1549 1209/1550
f 794/1640 1223/1641 1214/1649 789/1650
f 1228/1523 796/1524 791/1533 1217/1534
f 1173/1617 1222/1632 793/1633 741/1624
f 737/1510 795/1515 1225/1516 1178/1511
f 643/241 644/242 1128/243 1125/244
f 646/283 645/284 1130/285 1131/286
f 659/263 660/259 1144/256 1141/258
f 662/300 661/303 1146/301 1147/297
f 667/269 668/266 1152/262 1149/265
f 670/306 669/309 1154/307 1155/304
f 683/281 684/277 1168/274 1165/276
f 686/318 685/321 1170/319 1171/315
f 644/242 629/245 1174/246 1128/243
f 637/291 646/283 1131/286 1175/292
f 652/249 643/241 1125/244 1136/250
f 645/284 654/287 1139/288 1130/285
f 660/259 651/260 1133/254 1144/256
f 653/299 662/300 1147/297 1138/295
f 668/266 659/263 1141/258 1152/262
f 661/303 670/306 1155/304 1146/301
f 676/272 667/269 1149/265 1160/268
f 669/309 678/312 1163/310 1154/307
f 684/277 675/278 1157/271 1168/274
f 677/317 686/318 1171/315 1162/313
f 627/282 683/281 1165/276 1177/280
f 685/321 634/324 1180/322 1170/319
f 691/2019 692/2020 1184/2021 1181/2022
f 694/2043 693/2044 1186/2045 1187/2046
f 699/2025 700/2023 1192/2024 1189/2026
f 702/2047 701/2051 1194/2052 1195/2048
f 707/2029 708/2027 1200/2028 1197/2030
f 710/2053 709/2055 1202/2056 1203/2054
f 715/2033 716/2031 1208/2032 1205/2034
f 718/2057 717/2059 1210/2060 1211/2058
f 723/2037 724/2035 1216/2036 1213/2038
f 726/2061 725/2063 1218/2064 1219/2062
f 731/2041 732/2039 1224/2040 1221/2042
f 734/2065 733/2067 1226/2068 1227/2066
f 634/2049 694/2043 1187/2046 1180/2050
f 692/2020 637/291 1175/292 1184/2021
f 700/2023 691/2019 1181/2022 1192/2024
f 693/2044 702/2047 1195/2048 1186/2045
f 708/2027 699/2025 1189/2026 1200/2028
f 701/2051 710/2053 1203/2054 1194/2052
f 716/2031 707/2029 1197/2030 1208/2032
f 709/2055 718/2057 1211/2058 1202/2056
f 724/2035 715/2033 1205/2034 1216/2036
f 717/2059 726/2061 1219/2062 1210/2060
f 732/2039 723/2037 1213/2038 1224/2040
f 725/2063 734/2065 1227/2066 1218/2064
f 629/245 731/2041 1221/2042 1174/246
f 733/2067 627/282 1177/280 1226/2068
f 1229/2220 1230/1520 1347/1530 1348/2193
f 1230/1520 1229/2220 1232/2219 1231/1521
f 1231/327 1232/331 1234/332 1233/328
f 1233/328 1234/332 1293/336 1294/334
f 1235/388 1236/386 1240/382 1239/384
f 1236/386 1235/388 1238/2218 1237/1643
f 1237/1643 1238/2218 1341/2194 1342/1651
f 1239/384 1240/382 1255/378 1256/380
f 1241/397 1242/392 1246/391 1245/398
f 1242/392 1241/397 1244/2217 1243/1626
f 1243/1626 1244/2217 1305/2213 1306/1618
f 1245/398 1246/391 1299/396 1300/402
f 1247/452 1248/449 1252/1737 1251/2216
f 1248/449 1247/452 1250/450 1249/445
f 1249/445 1250/450 1257/446 1258/441
f 1251/2216 1252/1737 1303/1735 1304/2215
f 1253/376 1254/374 1263/370 1264/372
f 1254/374 1253/376 1256/380 1255/378
f 1258/441 1257/446 1260/442 1259/437
f 1259/437 1260/442 1265/438 1266/433
f 1261/368 1262/366 1271/362 1272/364
f 1262/366 1261/368 1264/372 1263/370
f 1266/433 1265/438 1268/434 1267/429
f 1267/429 1268/434 1273/430 1274/425
f 1269/360 1270/358 1279/354 1280/356
f 1270/358 1269/360 1272/364 1271/362
f 1274/425 1273/430 1276/426 1275/421
f 1275/421 1276/426 1281/422 1282/417
f 1277/352 1278/350 1287/346 1288/348
f 1278/350 1277/352 1280/356 1279/354
f 1282/417 1281/422 1284/418 1283/413
f 1283/413 1284/418 1289/414 1290/409
f 1285/344 1286/342 1295/338 1296/340
f 1286/342 1285/344 1288/348 1287/346
f 1290/409 1289/414 1292/410 1291/405
f 1291/405 1292/410 1297/406 1298/401
f 1294/334 1293/336 1296/340 1295/338
f 1298/401 1297/406 1300/402 1299/396
f 1301/2214 1302/1729 1311/1721 1312/2211
f 1302/1729 1301/2214 1304/2215 1303/1735
f 1306/1618 1305/2213 1308/2212 1307/1610
f 1307/1610 1308/2212 1313/2209 1314/1602
f 1309/2210 1310/1713 1319/1705 1320/2207
f 1310/1713 1309/2210 1312/2211 1311/1721
f 1314/1602 1313/2209 1316/2208 1315/1594
f 1315/1594 1316/2208 1321/2205 1322/1586
f 1317/2206 1318/1697 1327/1689 1328/2203
f 1318/1697 1317/2206 1320/2207 1319/1705
f 1322/1586 1321/2205 1324/2204 1323/1578
f 1323/1578 1324/2204 1329/2201 1330/1570
f 1325/2202 1326/1681 1335/1673 1336/2199
f 1326/1681 1325/2202 1328/2203 1327/1689
f 1330/1570 1329/2201 1332/2200 1331/1562
f 1331/1562 1332/2200 1337/2197 1338/1554
f 1333/2198 1334/1665 1343/1657 1344/2195
f 1334/1665 1333/2198 1336/2199 1335/1673
f 1338/1554 1337/2197 1340/2196 1339/1546
f 1339/1546 1340/2196 1345/2192 1346/1538
f 1342/1651 1341/2194 1344/2195 1343/1657
f 1346/1538 1345/2192 1348/2193 1347/1530
f 737/1510 738/1509 1232/2226 1229/1514
f 738/1509 739/1512 1234/1519 1232/1513
f 742/1625 741/1624 1238/1634 1235/2227
f 740/1616 742/1625 1235/1631 1239/1623
f 744/1621 743/1613 1244/1619 1241/2228
f 745/1622 744/1621 1241/1627 1245/1628
f 748/1732 747/1726 1250/1731 1247/2229
f 746/1730 748/1732 1247/1736 1251/1734
f 749/1601 750/1608 1256/1615 1253/1607
f 752/1718 751/1709 1260/1716 1257/1724
f 753/1585 754/1592 1264/1599 1261/1591
f 756/1702 755/1693 1268/1700 1265/1708
f 757/1569 758/1576 1272/1583 1269/1575
f 760/1686 759/1677 1276/1684 1273/1692
f 761/1553 762/1560 1280/1567 1277/1559
f 764/1670 763/1661 1284/1668 1281/1676
f 765/1537 766/1544 1288/1551 1285/1543
f 768/1654 767/1645 1292/1652 1289/1660
f 769/1518 770/1527 1296/1535 1293/1529
f 772/1637 771/1629 1300/1635 1297/1644
f 750/1608 740/1616 1239/1623 1256/1615
f 747/1726 752/1718 1257/1724 1250/1731
f 754/1592 749/1601 1253/1607 1264/1599
f 751/1709 756/1702 1265/1708 1260/1716
f 758/1576 753/1585 1261/1591 1272/1583
f 755/1693 760/1686 1273/1692 1268/1700
f 762/1560 757/1569 1269/1575 1280/1567
f 759/1677 764/1670 1281/1676 1276/1684
f 766/1544 761/1553 1277/1559 1288/1551
f 763/1661 768/1654 1289/1660 1284/1668
f 770/1527 765/1537 1285/1543 1296/1535
f 767/1645 772/1637 1297/1644 1292/1652
f 739/1512 769/1518 1293/1529 1234/1519
f 771/1629 745/1622 1245/1628 1300/1635
f 773/1715 774/1722 1304/1728 1301/1720
f 776/1606 775/1597 1308/1603 1305/1611
f 777/1699 778/1706 1312/1712 1309/1704
f 780/1590 779/1581 1316/1587 1313/1595
f 781/1683 782/1690 1320/1696 1317/1688
f 784/1574 783/1565 1324/1571 1321/1579
f 785/1667 786/2225 1328/2230 1325/1672
f 788/1558 787/1549 1332/1555 1329/1563
f 789/1650 790/1658 1336/1664 1333/1656
f 792/1542 791/1533 1340/1539 1337/1547
f 793/1633 794/1640 1344/1648 1341/1642
f 796/1524 795/1515 1348/1522 1345/1531
f 743/1613 776/1606 1305/1611 1244/1619
f 774/1722 746/1730 1251/1734 1304/1728
f 778/1706 773/1715 1301/1720 1312/1712
f 775/1597 780/1590 1313/1595 1308/1603
f 782/1690 777/1699 1309/1704 1320/1696
f 779/1581 784/1574 1321/1579 1316/1587
f 786/1674 781/1683 1317/1688 1328/1680
f 783/1565 788/1558 1329/1563 1324/1571
f 790/1658 785/1667 1325/1672 1336/1664
f 787/1549 792/1542 1337/1547 1332/1555
f 794/1640 789/1650 1333/1656 1344/1648
f 791/1533 796/1524 1345/1531 1340/1539
f 741/1624 793/1633 1341/1642 1238/1634
f 795/1515 737/1510 1229/1514 1348/1522
f 1349/1740 1350/1743 1352/1744 1351/2221
f 1350/1743 1349/1740 1467/1742 1468/1748
f 1351/329 1352/326 1354/325 1353/330
f 1353/330 1354/325 1414/333 1413/335
f 1355/387 1356/385 1358/1803 1357/1801
f 1356/385 1355/387 1359/383 1360/381
f 1357/1801 1358/1803 1462/1807 1461/1805
f 1360/381 1359/383 1375/379 1376/377
f 1361/393 1362/389 1364/1795 1363/1791
f 1362/389 1361/393 1365/394 1366/390
f 1363/1791 1364/1795 1426/1792 1425/1787
f 1366/390 1365/394 1417/399 1418/395
f 1367/451 1368/448 1370/444 1369/447
f 1368/448 1367/451 1371/1853 1372/1854
f 1369/447 1370/444 1380/440 1379/443
f 1372/1854 1371/1853 1423/1849 1424/1851
f 1373/375 1374/373 1376/377 1375/379
f 1374/373 1373/375 1383/371 1384/369
f 1377/439 1378/436 1388/432 1387/435
f 1378/436 1377/439 1379/443 1380/440
f 1381/367 1382/365 1384/369 1383/371
f 1382/365 1381/367 1391/363 1392/361
f 1385/431 1386/428 1396/424 1395/427
f 1386/428 1385/431 1387/435 1388/432
f 1389/359 1390/357 1392/361 1391/363
f 1390/357 1389/359 1399/355 1400/353
f 1393/423 1394/420 1404/416 1403/419
f 1394/420 1393/423 1395/427 1396/424
f 1397/351 1398/349 1400/353 1399/355
f 1398/349 1397/351 1407/347 1408/345
f 1401/415 1402/412 1412/408 1411/411
f 1402/412 1401/415 1403/419 1404/416
f 1405/343 1406/341 1408/345 1407/347
f 1406/341 1405/343 1415/339 1416/337
f 1409/407 1410/404 1420/400 1419/403
f 1410/404 1409/407 1411/411 1412/408
f 1413/335 1414/333 1416/337 1415/339
f 1418/395 1417/399 1419/403 1420/400
f 1421/1845 1422/1847 1424/1851 1423/1849
f 1422/1847 1421/1845 1431/1841 1432/1843
f 1425/1787 1426/1792 1428/1788 1427/1783
f 1427/1783 1428/1788 1434/1784 1433/1779
f 1429/1837 1430/1839 1432/1843 1431/1841
f 1430/1839 1429/1837 1439/1833 1440/1835
f 1433/1779 1434/1784 1436/1780 1435/1775
f 1435/1775 1436/1780 1442/1776 1441/1771
f 1437/1829 1438/1831 1440/1835 1439/1833
f 1438/1831 1437/1829 1447/1825 1448/1827
f 1441/1771 1442/1776 1444/1772 1443/1767
f 1443/1767 1444/1772 1450/1768 1449/1763
f 1445/1821 1446/1823 1448/1827 1447/1825
f 1446/1823 1445/1821 1455/1817 1456/1819
f 1449/1763 1450/1768 1452/1764 1451/1759
f 1451/1759 1452/1764 1458/1760 1457/1755
f 1453/1813 1454/1815 1456/1819 1455/1817
f 1454/1815 1453/1813 1463/1809 1464/1811
f 1457/1755 1458/1760 1460/1756 1459/1751
f 1459/1751 1460/1756 1466/1752 1465/1747
f 1461/1805 1462/1807 1464/1811 1463/1809
f 1465/1747 1466/1752 1468/1748 1467/1742
f 626/2222 625/1739 1349/1740 1351/2221
f 628/1745 626/1738 1351/329 1353/330
f 631/1800 632/1798 1355/387 1357/1801
f 632/1798 630/1796 1359/383 1355/387
f 633/1790 635/1794 1361/393 1363/1791
f 635/1794 636/1797 1365/394 1361/393
f 639/1846 640/1850 1367/451 1369/447
f 640/1850 638/1852 1371/1853 1367/451
f 642/1793 641/1789 1373/375 1375/379
f 647/1838 648/1842 1379/443 1377/439
f 650/1785 649/1781 1381/367 1383/371
f 655/1830 656/1834 1387/435 1385/431
f 658/1777 657/1773 1389/359 1391/363
f 663/1822 664/1826 1395/427 1393/423
f 666/1769 665/1765 1397/351 1399/355
f 671/1814 672/1818 1403/419 1401/415
f 674/1761 673/1757 1405/343 1407/347
f 679/1806 680/1810 1411/411 1409/407
f 682/1753 681/1749 1413/335 1415/339
f 687/1799 688/1802 1419/403 1417/399
f 630/1796 642/1793 1375/379 1359/383
f 648/1842 639/1846 1369/447 1379/443
f 641/1789 650/1785 1383/371 1373/375
f 656/1834 647/1838 1377/439 1387/435
f 649/1781 658/1777 1391/363 1381/367
f 664/1826 655/1830 1385/431 1395/427
f 657/1773 666/1769 1399/355 1389/359
f 672/1818 663/1822 1393/423 1403/419
f 665/1765 674/1761 1407/347 1397/351
f 680/1810 671/1814 1401/415 1411/411
f 673/1757 682/1753 1415/339 1405/343
f 688/1802 679/1806 1409/407 1419/403
f 681/1749 628/1745 1353/330 1413/335
f 636/1797 687/1799 1417/399 1365/394
f 690/1848 689/1844 1421/1845 1423/1849
f 695/1782 696/1786 1425/1787 1427/1783
f 698/1840 697/1836 1429/1837 1431/1841
f 703/1774 704/1778 1433/1779 1435/1775
f 706/1832 705/1828 1437/1829 1439/1833
f 711/1766 712/1770 1441/1771 1443/1767
f 714/1824 713/1820 1445/1821 1447/1825
f 719/1758 720/1762 1449/1763 1451/1759
f 722/1816 721/1812 1453/1813 1455/1817
f 727/1750 728/1754 1457/1755 1459/1751
f 730/1808 729/1804 1461/1805 1463/1809
f 735/1741 736/1746 1465/1747 1467/1742
f 696/1786 633/1790 1363/1791 1425/1787
f 638/1852 690/1848 1423/1849 1371/1853
f 689/1844 698/1840 1431/1841 1421/1845
f 704/1778 695/1782 1427/1783 1433/1779
f 697/1836 706/1832 1439/1833 1429/1837
f 712/1770 703/1774 1435/1775 1441/1771
f 705/1828 714/1824 1447/1825 1437/1829
f 720/1762 711/1766 1443/1767 1449/1763
f 713/1820 722/1816 1455/1817 1445/1821
f 728/1754 719/1758 1451/1759 1457/1755
f 721/1812 730/1808 1463/1809 1453/1813
f 736/1746 727/1750 1459/1751 1465/1747
f 729/1804 631/1800 1357/1801 1461/1805
f 625/1739 735/1741 1467/1742 1349/1740
f 1352/1744 1350/1743 1230/1520 1231/1521
f 1354/325 1352/326 1231/327 1233/328
f 1358/1803 1356/385 1236/386 1237/1643
f 1356/385 1360/381 1240/382 1236/386
f 1364/1795 1362/389 1242/392 1243/1626
f 1362/389 1366/390 1246/391 1242/392
f 1370/444 1368/448 1248/449 1249/445
f 1368/448 1372/1854 1252/1737 1248/449
f 1376/377 1374/373 1254/374 1255/378
f 1378/436 1380/440 1258/441 1259/437
f 1384/369 1382/365 1262/366 1263/370
f 1386/428 1388/432 1266/433 1267/429
f 1392/361 1390/357 1270/358 1271/362
f 1394/420 1396/424 1274/425 1275/421
f 1400/353 1398/349 1278/350 1279/354
f 1402/412 1404/416 1282/417 1283/413
f 1408/345 1406/341 1286/342 1287/346
f 1410/404 1412/408 1290/409 1291/405
f 1416/337 1414/333 1294/334 1295/338
f 1418/395 1420/400 1298/401 1299/396
f 1360/381 1376/377 1255/378 1240/382
f 1380/440 1370/444 1249/445 1258/441
f 1374/373 1384/369 1263/370 1254/374
f 1388/432 1378/436 1259/437 1266/433
f 1382/365 1392/361 1271/362 1262/366
f 1396/424 1386/428 1267/429 1274/425
f 1390/357 1400/353 1279/354 1270/358
f 1404/416 1394/420 1275/421 1282/417
f 1398/349 1408/345 1287/346 1278/350
f 1412/408 1402/412 1283/413 1290/409
f 1406/341 1416/337 1295/338 1286/342
f 1420/400 1410/404 1291/405 1298/401
f 1414/333 1354/325 1233/328 1294/334
f 1366/390 1418/395 1299/396 1246/391
f 1424/1851 1422/1847 1302/1729 1303/1735
f 1428/1788 1426/1792 1306/1618 1307/1610
f 1432/1843 1430/1839 1310/1713 1311/1721
f 1436/1780 1434/1784 1314/1602 1315/1594
f 1440/1835 1438/1831 1318/1697 1319/1705
f 1444/1772 1442/1776 1322/1586 1323/1578
f 1448/1827 1446/1823 1326/1681 1327/1689
f 1452/1764 1450/1768 1330/1570 1331/1562
f 1456/1819 1454/1815 1334/1665 1335/1673
f 1460/1756 1458/1760 1338/1554 1339/1546
f 1464/1811 1462/1807 1342/1651 1343/1657
f 1468/1748 1466/1752 1346/1538 1347/1530
f 1426/1792 1364/1795 1243/1626 1306/1618
f 1372/1854 1424/1851 1303/1735 1252/1737
f 1422/1847 1432/1843 1311/1721 1302/1729
f 1434/1784 1428/1788 1307/1610 1314/1602
f 1430/1839 1440/1835 1319/1705 1310/1713
f 1442/1776 1436/1780 1315/1594 1322/1586
f 1438/1831 1448/1827 1327/1689 1318/1697
f 1450/1768 1444/1772 1323/1578 1330/1570
f 1446/1823 1456/1819 1335/1673 1326/1681
f 1458/1760 1452/1764 1331/1562 1338/1554
f 1454/1815 1464/1811 1343/1657 1334/1665
f 1466/1752 1460/1756 1339/1546 1346/1538
f 1462/1807 1358/1803 1237/1643 1342/1651
f 1350/1743 1468/1748 1347/1530 1230/1520
f 1470/2069 1469/533 1521/534 1522/2070
f 1471/2072 1470/2069 1522/2070 1523/2073
f 1472/2074 1471/2072 1523/2073 1524/2075
f 1473/2078 1472/2074 1524/2075 1525/2079
f 1474/2080 1473/2078 1525/2079 1526/2081
f 1475/2084 1474/2080 1526/2081 1527/2085
f 1476/2086 1475/2084 1527/2085 1528/2087
f 1477/2090 1476/2086 1528/2087 1529/2091
f 1478/2092 1477/2090 1529/2091 1530/2093
f 1479/2096 1478/2092 1530/2093 1531/2097
f 1480/2098 1479/2096 1531/2097 1532/2099
f 1481/2102 1480/2098 1532/2099 1533/2103
f 1482/454 1481/2102 1533/2103 1534/455
f 1483/453 1482/454 1534/455 1535/456
f 1484/459 1483/453 1535/456 1536/460
f 1485/461 1484/459 1536/460 1537/462
f 1486/465 1485/461 1537/462 1538/466
f 1487/467 1486/465 1538/466 1539/468
f 1488/471 1487/467 1539/468 1540/472
f 1489/473 1488/471 1540/472 1541/474
f 1490/477 1489/473 1541/474 1542/478
f 1491/479 1490/477 1542/478 1543/480
f 1492/483 1491/479 1543/480 1544/484
f 1493/485 1492/483 1544/484 1545/486
f 1494/489 1493/485 1545/486 1546/490
f 1495/491 1494/489 1546/490 1547/492
f 1496/2105 1495/2106 1547/2107 1548/2108
f 1497/2111 1496/2105 1548/2108 1549/2112
f 1498/2113 1497/2111 1549/2112 1550/2114
f 1499/2117 1498/2113 1550/2114 1551/2118
f 1500/2119 1499/2117 1551/2118 1552/2120
f 1501/2123 1500/2119 1552/2120 1553/2124
f 1502/2125 1501/2123 1553/2124 1554/2126
f 1503/2129 1502/2125 1554/2126 1555/2130
f 1504/2131 1503/2129 1555/2130 1556/2132
f 1505/2135 1504/2131 1556/2132 1557/2136
f 1506/2137 1505/2135 1557/2136 1558/2138
f 1507/2141 1506/2137 1558/2138 1559/2142
f 1508/496 1507/2141 1559/2142 1560/497
f 1509/495 1508/496 1560/497 1561/498
f 1510/501 1509/495 1561/498 1562/502
f 1511/503 1510/501 1562/502 1563/504
f 1512/507 1511/503 1563/504 1564/508
f 1513/509 1512/507 1564/508 1565/510
f 1514/513 1513/509 1565/510 1566/514
f 1515/515 1514/513 1566/514 1567/516
f 1516/519 1515/515 1567/516 1568/520
f 1517/521 1516/519 1568/520 1569/522
f 1518/525 1517/521 1569/522 1570/526
f 1519/527 1518/525 1570/526 1571/528
f 1520/531 1519/527 1571/528 1572/532
f 1469/533 1520/531 1572/532 1521/534
f 1522/2070 1521/534 515/536 621/2071
f 1524/2075 1523/2073 622/2076 613/2077
f 1526/2081 1525/2079 614/2082 605/2083
f 1528/2087 1527/2085 606/2088 597/2089
f 1530/2093 1529/2091 598/2094 589/2095
f 1532/2099 1531/2097 590/2100 581/2101
f 1534/455 1533/2103 582/2104 522/457
f 1535/456 1534/455 522/457 573/458
f 1537/462 1536/460 574/463 565/464
f 1539/468 1538/466 566/469 557/470
f 1541/474 1540/472 558/475 549/476
f 1543/480 1542/478 550/481 541/482
f 1545/486 1544/484 542/487 533/488
f 1547/492 1546/490 534/493 525/494
f 1548/2108 1547/2107 525/2109 580/2110
f 1550/2114 1549/2112 579/2115 588/2116
f 1552/2120 1551/2118 587/2121 596/2122
f 1554/2126 1553/2124 595/2127 604/2128
f 1556/2132 1555/2130 603/2133 612/2134
f 1558/2138 1557/2136 611/2139 620/2140
f 1560/497 1559/2142 619/2143 517/499
f 1561/498 1560/497 517/499 532/500
f 1563/504 1562/502 531/505 540/506
f 1565/510 1564/508 539/511 548/512
f 1567/516 1566/514 547/517 556/518
f 1569/522 1568/520 555/523 564/524
f 1571/528 1570/526 563/529 572/530
f 1521/534 1572/532 571/535 515/536
f 834/537 617/538 619/539 1559/540
f 618/541 836/542 1558/543 620/544
f 836/542 834/537 1559/540 1558/543
f 618/1272 620/1266 619/1263 617/1273
f 838/545 609/546 611/547 1557/548
f 840/550 838/545 1557/548 1556/551
f 610/549 840/550 1556/551 612/552
f 610/1284 612/1278 611/1274 609/1285
f 601/1296 602/1297 604/1290 603/1286
f 842/553 601/554 603/555 1555/556
f 602/557 844/558 1554/559 604/560
f 844/558 842/553 1555/556 1554/559
f 846/561 593/562 595/563 1553/564
f 593/1308 594/1309 596/1302 595/1298
f 594/565 848/566 1552/567 596/568
f 848/566 846/561 1553/564 1552/567
f 850/569 585/570 587/571 1551/572
f 586/573 852/574 1550/575 588/576
f 585/1320 586/1321 588/1314 587/1310
f 852/574 850/569 1551/572 1550/575
f 578/577 856/578 1548/579 580/580
f 854/581 577/582 579/583 1549/584
f 856/578 854/581 1549/584 1548/579
f 578/1333 580/1327 579/1322 577/1334
f 864/1856 536/2144 534/2145 1546/1857
f 535/2146 866/1855 1545/1858 533/2147
f 534/1342 536/1352 535/1353 533/1346
f 866/1855 864/1856 1546/1857 1545/1858
f 868/1860 544/2148 542/2149 1544/1861
f 543/2150 870/1859 1543/1862 541/2151
f 870/1859 868/1860 1544/1861 1543/1862
f 542/1354 544/1364 543/1365 541/1358
f 872/1864 552/2152 550/2153 1542/1865
f 551/2154 874/1863 1541/1866 549/2155
f 550/1366 552/1376 551/1377 549/1370
f 874/1863 872/1864 1542/1865 1541/1866
f 876/1868 560/2156 558/2157 1540/1869
f 559/2158 878/1867 1539/1870 557/2159
f 558/1378 560/1388 559/1389 557/1382
f 878/1867 876/1868 1540/1869 1539/1870
f 880/1872 568/2160 566/2161 1538/1873
f 567/2162 882/1871 1537/1874 565/2163
f 882/1871 880/1872 1538/1873 1537/1874
f 566/1390 568/1400 567/1401 565/1394
f 884/1876 576/2164 574/2165 1536/1877
f 575/2166 886/1875 1535/1878 573/2167
f 574/1402 576/1405 575/1406 573/1404
f 886/1875 884/1876 1536/1877 1535/1878
f 894/585 584/586 582/587 1533/588
f 583/589 896/590 1532/591 581/592
f 582/1392 584/1396 583/1397 581/1386
f 896/590 894/585 1533/588 1532/591
f 898/593 592/594 590/595 1531/596
f 591/597 900/598 1530/599 589/600
f 590/1380 592/1384 591/1385 589/1374
f 900/598 898/593 1531/596 1530/599
f 902/601 600/602 598/603 1529/604
f 599/605 904/606 1528/607 597/608
f 598/1368 600/1372 599/1373 597/1362
f 904/606 902/601 1529/604 1528/607
f 906/609 608/610 606/611 1527/612
f 607/613 908/614 1526/615 605/616
f 606/1356 608/1360 607/1361 605/1350
f 908/614 906/609 1527/612 1526/615
f 910/617 616/618 614/619 1525/620
f 615/621 912/622 1524/623 613/624
f 614/1344 616/1348 615/1349 613/1340
f 912/622 910/617 1525/620 1524/623
f 623/625 916/626 1522/627 621/628
f 914/629 624/630 622/631 1523/632
f 622/1331 624/1338 623/1339 621/1325
f 916/626 914/629 1523/632 1522/627
f 804/1880 569/2168 571/2169 1572/1881
f 570/2170 806/1879 1571/1882 572/2171
f 570/1317 572/1307 571/1313 569/1318
f 806/1879 804/1880 1572/1881 1571/1882
f 808/1884 561/2172 563/2173 1570/1885
f 562/2174 810/1883 1569/1886 564/2175
f 562/1305 564/1295 563/1301 561/1306
f 810/1883 808/1884 1570/1885 1569/1886
f 812/1888 553/2176 555/2177 1568/1889
f 554/2178 814/1887 1567/1890 556/2179
f 554/1293 556/1283 555/1289 553/1294
f 814/1887 812/1888 1568/1889 1567/1890
f 816/1892 545/2180 547/2181 1566/1893
f 546/2182 818/1891 1565/1894 548/2183
f 818/1891 816/1892 1566/1893 1565/1894
f 546/1281 548/1271 547/1277 545/1282
f 820/1896 537/2184 539/2185 1564/1897
f 538/2186 822/1895 1563/1898 540/2187
f 822/1895 820/1896 1564/1897 1563/1898
f 538/1269 540/1262 539/1265 537/1270
f 824/1900 529/2188 531/2189 1562/1901
f 530/2190 826/1899 1561/1902 532/2191
f 530/1259 532/1258 531/1257 529/1260
f 826/1899 824/1900 1562/1901 1561/1902
f 678/1501 677/317 1162/313 1163/310
f 654/1477 653/299 1138/295 1139/288
f 652/249 1136/250 1133/254 651/1411
f 676/272 1160/268 1157/271 675/1434
