# This file uses centimeters as units for non-parametric coordinates.

v 49.523241 5.068474 65.237309
v 49.523241 5.194313 65.237309
v 49.523241 5.194313 57.103016
v 49.523241 5.068474 57.103016
v 50.001969 5.068474 65.237309
v 50.001969 5.194313 65.237309
v 50.001969 5.194313 57.103016
v 50.001969 5.068474 57.103016
v 49.289549 4.946894 57.103016
v 49.289549 4.946894 65.237309
v 49.289549 5.047626 65.237309
v 49.289549 5.047626 57.103016
v 49.415074 4.902590 57.103016
v 49.350319 4.905281 57.103016
v 49.415053 4.902585 65.237309
v 49.350338 4.905275 65.237309
v 49.410332 5.024532 65.237309
v 49.346317 5.007596 65.237309
v 49.410332 5.024532 57.103016
v 49.346317 5.007596 57.103016
v 52.790585 5.068474 65.237309
v 52.790585 5.068474 57.103016
v 52.102188 5.194313 57.103016
v 52.102188 5.194313 65.237309
v 51.351555 5.068474 65.237309
v 51.519262 5.068474 65.237309
v 51.351555 5.194313 65.237309
v 51.519262 5.194313 65.237309
v 50.680638 5.068474 65.237309
v 50.512930 5.068474 65.237309
v 50.680638 5.194313 65.237309
v 50.512930 5.194313 65.237309
v 50.680638 5.068474 57.103016
v 50.512930 5.068474 57.103016
v 51.351555 5.068474 57.103016
v 51.519262 5.068474 57.103016
v 50.680638 5.194313 57.103016
v 50.512930 5.194313 57.103016
v 51.351555 5.194313 57.103016
v 51.519262 5.194313 57.103016
v 51.351555 4.802000 65.237309
v 51.519262 4.802000 65.237309
v 51.351555 4.802000 57.103016
v 51.519262 4.802000 57.103016
v 50.680638 4.802000 65.237309
v 50.512930 4.802000 65.237309
v 50.512930 4.802000 57.103016
v 50.680638 4.802000 57.103016
v 49.523241 5.194313 59.950139
v 49.523241 5.194313 62.390194
v 49.410332 5.024532 62.390194
v 49.410332 5.024532 59.950139
v 49.346317 5.007596 62.390194
v 49.346317 5.007596 59.950139
v 49.289549 5.047626 62.390194
v 49.289549 5.047626 59.950139
v 49.289549 4.946894 62.390194
v 49.289549 4.946894 59.950139
v 49.350332 4.905277 62.390194
v 49.350327 4.905279 59.950139
v 49.415060 4.902588 62.390194
v 49.415066 4.902589 59.950139
v 49.523241 5.068474 62.390194
v 49.523241 5.068474 59.950139
v 50.001969 5.068474 62.390194
v 50.001969 5.068474 59.950139
v 50.512930 5.068474 62.390194
v 50.512930 5.068474 59.950139
v 50.512930 4.802000 62.390194
v 50.512930 4.802000 59.950139
v 50.680638 4.802000 62.390194
v 50.680638 4.802000 59.950139
v 50.680638 5.068474 62.390194
v 50.680638 5.068474 59.950139
v 51.351555 5.068474 62.390194
v 51.351555 5.068474 59.950139
v 51.351555 4.802000 62.390194
v 51.351555 4.802000 59.950139
v 51.519262 4.802000 62.390194
v 51.519262 4.802000 59.950139
v 51.519262 5.068474 62.390194
v 51.519262 5.068474 59.950139
v 52.790585 5.068474 62.390194
v 52.790585 5.068474 59.950139
v 52.102188 5.194313 62.390194
v 52.102188 5.194313 59.950139
v 51.519262 5.194313 62.390194
v 51.519262 5.194313 59.950139
v 51.351555 5.194313 62.390194
v 51.351555 5.194313 59.950139
v 50.680638 5.194313 62.390194
v 50.680638 5.194313 59.950139
v 50.512930 5.194313 62.390194
v 50.512930 5.194313 59.950139
v 50.001969 5.194313 62.390194
v 50.001969 5.194313 59.950139
v 52.413946 7.757498 59.950139
v 52.413946 7.757498 62.390194
v 52.413946 7.757498 65.237309
v 52.413946 7.757498 57.103016
v 52.258066 5.592365 65.237309
v 52.258066 5.592365 62.390194
v 52.258066 5.592365 59.950139
v 52.258066 5.592365 57.103016
v 52.790585 5.611475 59.950139
v 52.790585 5.611475 62.390194
v 52.790585 5.611475 65.237309
v 52.790585 5.611475 57.103016
v 52.933691 7.735657 59.950139
v 52.933691 7.735657 62.390194
v 52.933691 7.735657 65.237309
v 52.933691 7.735657 57.103016
v 51.855650 4.056866 62.269810
v 51.604443 4.252211 62.269810
v 51.855650 4.056866 62.378987
v 51.604443 4.252211 62.378987
v 51.182055 4.519411 62.378987
v 51.182055 4.519411 62.269810
v 50.582060 4.743250 62.378987
v 50.078289 5.023096 62.378987
v 50.582060 4.743250 62.269810
v 50.078289 5.023096 62.269810
v 51.855650 5.068474 62.269810
v 51.016998 5.068474 62.269810
v 51.016998 5.068474 62.378987
v 51.855650 5.068474 62.378987
v 50.065720 5.068474 62.378987
v 50.065720 5.068474 62.269810
v 49.984144 5.023096 62.378987
v 49.984144 5.068474 62.378987
v 49.984144 5.023096 62.269810
v 49.984144 5.068474 62.269810
v 51.855650 4.056866 62.337781
v 51.855650 4.056866 62.354626
v 51.855650 4.056866 62.311017
v 51.855650 4.056866 62.294171
v 51.668417 4.292453 62.337521
v 51.664593 4.290047 62.353520
v 51.668417 4.292453 62.311268
v 51.664593 4.290047 62.295277
v 51.246027 4.601741 62.337506
v 51.242171 4.596779 62.353543
v 51.246027 4.601741 62.311291
v 51.242171 4.596779 62.295247
v 50.646033 4.825581 62.337498
v 50.642168 4.820609 62.353550
v 50.646033 4.825581 62.311299
v 50.642168 4.820609 62.295239
v 50.078289 5.023096 62.337781
v 50.078289 5.023096 62.354626
v 50.078289 5.023096 62.294163
v 50.078289 5.023096 62.311017
v 51.855650 5.068474 62.337781
v 51.855650 5.068474 62.354626
v 51.855650 5.068474 62.311017
v 51.855650 5.068474 62.294171
v 51.016998 5.068474 62.311017
v 51.016998 5.068474 62.294171
v 51.016998 5.068474 62.337781
v 51.016998 5.068474 62.354626
v 50.065720 5.068474 62.311017
v 50.065720 5.068474 62.294171
v 50.065720 5.068474 62.354626
v 50.065720 5.068474 62.337781
v 49.984144 5.023096 62.311017
v 49.984144 5.023096 62.294171
v 49.984144 5.023096 62.337781
v 49.984144 5.023096 62.354626
v 49.984144 5.068474 62.337781
v 49.984144 5.068474 62.354626
v 49.984144 5.068474 62.311017
v 49.984144 5.068474 62.294171
v 51.855650 4.056866 62.258610
v 51.604443 4.252211 62.258610
v 51.182055 4.519411 62.258610
v 51.855650 4.373859 62.258610
v 51.016998 4.988304 62.258610
v 51.855650 4.988304 62.258610
v 50.582060 4.743250 62.258610
v 50.078289 5.023096 62.258610
v 51.016998 5.068474 62.258610
v 51.855650 5.068474 62.258610
v 50.065720 5.068474 62.258610
v 49.984144 5.023096 62.258610
v 49.984144 5.068474 62.258610
v 51.855650 4.373859 62.390179
v 51.182055 4.519411 62.390179
v 51.604443 4.252211 62.390179
v 51.855650 4.056866 62.390179
v 51.855650 4.988304 62.390179
v 51.016998 4.988304 62.390179
v 50.078289 5.023096 62.390179
v 50.582060 4.743250 62.390179
v 51.855650 5.068474 62.390179
v 51.016998 5.068474 62.390179
v 50.065720 5.068474 62.390179
v 49.984144 5.068474 62.390179
v 49.984144 5.023096 62.390179
v 52.102188 4.988304 62.354626
v 52.102188 4.988304 62.337781
v 52.102188 5.068474 62.337781
v 52.102188 5.068474 62.354626
v 52.102188 4.373859 62.354626
v 52.102188 4.373859 62.337781
v 52.102188 4.056866 62.354626
v 52.102188 4.056866 62.337781
v 52.102188 4.988304 62.311017
v 52.102188 4.988304 62.294171
v 52.102188 5.068474 62.294171
v 52.102188 5.068474 62.311017
v 52.102188 4.373859 62.311017
v 52.102188 4.373859 62.294171
v 52.102188 4.056866 62.311017
v 52.102188 4.056866 62.294171
v 52.102188 4.373859 62.269810
v 52.102188 4.056866 62.269810
v 52.102188 4.056866 62.378987
v 52.102188 4.373859 62.378987
v 52.102188 4.988304 62.269810
v 52.102188 4.988304 62.378987
v 52.102188 5.068474 62.269810
v 52.102188 5.068474 62.378987
v 52.102188 4.056866 62.258610
v 52.102188 4.373859 62.258610
v 52.102188 4.988304 62.258610
v 52.102188 5.068474 62.258610
v 52.102188 4.373859 62.390179
v 52.102188 4.056866 62.390179
v 52.102188 4.988304 62.390179
v 52.102188 5.068474 62.390179
v 51.855650 4.056866 59.961323
v 51.604443 4.252211 59.961323
v 51.855650 4.056866 60.070500
v 51.604443 4.252211 60.070500
v 51.182055 4.519411 60.070500
v 51.182055 4.519411 59.961323
v 50.582060 4.743250 60.070500
v 50.078289 5.023096 60.070500
v 50.582060 4.743250 59.961323
v 50.078289 5.023096 59.961323
v 51.855650 5.068474 59.961323
v 51.016998 5.068474 59.961323
v 51.016998 5.068474 60.070500
v 51.855650 5.068474 60.070500
v 50.065720 5.068474 60.070500
v 50.065720 5.068474 59.961323
v 49.984144 5.023096 60.070500
v 49.984144 5.068474 60.070500
v 49.984144 5.023096 59.961323
v 49.984144 5.068474 59.961323
v 51.855650 4.056866 60.029286
v 51.855650 4.056866 60.046139
v 51.855650 4.056866 60.002530
v 51.855650 4.056866 59.985684
v 51.668417 4.292453 60.029034
v 51.664593 4.290047 60.045025
v 51.668417 4.292453 60.002789
v 51.664593 4.290047 59.986790
v 51.246027 4.601741 60.029019
v 51.242171 4.596779 60.045064
v 51.246027 4.601741 60.002797
v 51.242171 4.596779 59.986767
v 50.646033 4.825581 60.029011
v 50.642168 4.820609 60.045064
v 50.646033 4.825581 60.002812
v 50.642168 4.820609 59.986760
v 50.078289 5.023096 60.029286
v 50.078289 5.023096 60.046147
v 50.078289 5.023096 59.985684
v 50.078289 5.023096 60.002530
v 51.855650 5.068474 60.029286
v 51.855650 5.068474 60.046139
v 51.855650 5.068474 60.002530
v 51.855650 5.068474 59.985684
v 51.016998 5.068474 60.002530
v 51.016998 5.068474 59.985684
v 51.016998 5.068474 60.029286
v 51.016998 5.068474 60.046139
v 50.065720 5.068474 60.002530
v 50.065720 5.068474 59.985684
v 50.065720 5.068474 60.046139
v 50.065720 5.068474 60.029286
v 49.984144 5.023096 60.002530
v 49.984144 5.023096 59.985684
v 49.984144 5.023096 60.029286
v 49.984144 5.023096 60.046139
v 49.984144 5.068474 60.029286
v 49.984144 5.068474 60.046139
v 49.984144 5.068474 60.002530
v 49.984144 5.068474 59.985684
v 51.855650 4.056866 59.950131
v 51.604443 4.252211 59.950131
v 51.182055 4.519411 59.950131
v 51.855650 4.373859 59.950131
v 51.016998 4.988304 59.950131
v 51.855650 4.988304 59.950131
v 50.582060 4.743250 59.950131
v 50.078289 5.023096 59.950131
v 51.016998 5.068474 59.950131
v 51.855650 5.068474 59.950131
v 50.065720 5.068474 59.950131
v 49.984144 5.023096 59.950131
v 49.984144 5.068474 59.950131
v 51.855650 4.373859 60.081692
v 51.182055 4.519411 60.081692
v 51.604443 4.252211 60.081692
v 51.855650 4.056866 60.081692
v 51.855650 4.988304 60.081692
v 51.016998 4.988304 60.081692
v 50.078289 5.023096 60.081692
v 50.582060 4.743250 60.081692
v 51.855650 5.068474 60.081692
v 51.016998 5.068474 60.081692
v 50.065720 5.068474 60.081692
v 49.984144 5.068474 60.081692
v 49.984144 5.023096 60.081692
v 52.102188 4.988304 60.046139
v 52.102188 4.988304 60.029286
v 52.102188 5.068474 60.029286
v 52.102188 5.068474 60.046139
v 52.102188 4.373859 60.046139
v 52.102188 4.373859 60.029286
v 52.102188 4.056866 60.046139
v 52.102188 4.056866 60.029286
v 52.102188 4.988304 60.002530
v 52.102188 4.988304 59.985684
v 52.102188 5.068474 59.985684
v 52.102188 5.068474 60.002530
v 52.102188 4.373859 60.002530
v 52.102188 4.373859 59.985684
v 52.102188 4.056866 60.002530
v 52.102188 4.056866 59.985684
v 52.102188 4.373859 59.961323
v 52.102188 4.056866 59.961323
v 52.102188 4.056866 60.070500
v 52.102188 4.373859 60.070500
v 52.102188 4.988304 59.961323
v 52.102188 4.988304 60.070500
v 52.102188 5.068474 59.961323
v 52.102188 5.068474 60.070500
v 52.102188 4.056866 59.950131
v 52.102188 4.373859 59.950131
v 52.102188 4.988304 59.950131
v 52.102188 5.068474 59.950131
v 52.102188 4.373859 60.081692
v 52.102188 4.056866 60.081692
v 52.102188 4.988304 60.081692
v 52.102188 5.068474 60.081692
v 49.580298 5.216389 57.103001
v 49.571776 5.236301 57.103001
v 49.558504 5.252106 57.103001
v 49.541779 5.262253 57.103001
v 49.523241 5.265749 57.103001
v 49.504702 5.262253 57.103001
v 49.487978 5.252106 57.103001
v 49.474707 5.236301 57.103001
v 49.466185 5.216389 57.103001
v 49.463249 5.194313 57.103001
v 49.466185 5.172237 57.103001
v 49.474707 5.152325 57.103001
v 49.487978 5.136520 57.103001
v 49.504702 5.126373 57.103001
v 49.523241 5.122877 57.103001
v 49.541779 5.126373 57.103001
v 49.558504 5.136520 57.103001
v 49.571776 5.152325 57.103001
v 49.580298 5.172237 57.103001
v 49.583233 5.194313 57.103001
v 49.580298 5.216389 65.237309
v 49.571776 5.236301 65.237309
v 49.558504 5.252106 65.237309
v 49.541779 5.262253 65.237309
v 49.523241 5.265749 65.237309
v 49.504702 5.262253 65.237309
v 49.487978 5.252106 65.237309
v 49.474707 5.236301 65.237309
v 49.466185 5.216389 65.237309
v 49.463249 5.194313 65.237309
v 49.466185 5.172237 65.237309
v 49.474707 5.152325 65.237309
v 49.487978 5.136520 65.237309
v 49.504702 5.126373 65.237309
v 49.523241 5.122877 65.237309
v 49.541779 5.126373 65.237309
v 49.558504 5.136520 65.237309
v 49.571776 5.152325 65.237309
v 49.580298 5.172237 65.237309
v 49.583233 5.194313 65.237309
v 49.523241 5.194313 57.103001
v 49.523241 5.194313 65.237309
v 49.809454 10.402840 65.237309
v 49.809454 10.528679 65.237309
v 49.809454 10.528679 57.103016
v 49.809454 10.402840 57.103016
v 50.288181 10.402840 65.237309
v 50.288181 10.528679 65.237309
v 50.288181 10.528679 57.103016
v 50.288181 10.402840 57.103016
v 49.575762 10.281260 57.103016
v 49.575762 10.281260 65.237309
v 49.575762 10.381991 65.237309
v 49.575762 10.381991 57.103016
v 49.701286 10.236956 57.103016
v 49.636532 10.239647 57.103016
v 49.701266 10.236951 65.237309
v 49.636551 10.239641 65.237309
v 49.696545 10.358898 65.237309
v 49.632530 10.341962 65.237309
v 49.696545 10.358898 57.103016
v 49.632530 10.341962 57.103016
v 53.076798 10.402840 65.237309
v 53.076798 10.402840 57.103016
v 52.388401 10.528679 57.103016
v 52.388401 10.528679 65.237309
v 51.637768 10.402840 65.237309
v 51.805475 10.402840 65.237309
v 51.637768 10.528679 65.237309
v 51.805475 10.528679 65.237309
v 50.966850 10.402840 65.237309
v 50.799143 10.402840 65.237309
v 50.966850 10.528679 65.237309
v 50.799143 10.528679 65.237309
v 50.966850 10.402840 57.103016
v 50.799143 10.402840 57.103016
v 51.637768 10.402840 57.103016
v 51.805475 10.402840 57.103016
v 50.966850 10.528679 57.103016
v 50.799143 10.528679 57.103016
v 51.637768 10.528679 57.103016
v 51.805475 10.528679 57.103016
v 51.637768 10.136366 65.237309
v 51.805475 10.136366 65.237309
v 51.637768 10.136366 57.103016
v 51.805475 10.136366 57.103016
v 50.966850 10.136366 65.237309
v 50.799143 10.136366 65.237309
v 50.799143 10.136366 57.103016
v 50.966850 10.136366 57.103016
v 49.809454 10.528679 59.950139
v 49.809454 10.528679 62.390194
v 49.696545 10.358898 62.390194
v 49.696545 10.358898 59.950139
v 49.632530 10.341962 62.390194
v 49.632530 10.341962 59.950139
v 49.575762 10.381991 62.390194
v 49.575762 10.381991 59.950139
v 49.575762 10.281260 62.390194
v 49.575762 10.281260 59.950139
v 49.636545 10.239643 62.390194
v 49.636540 10.239645 59.950139
v 49.701273 10.236954 62.390194
v 49.701279 10.236955 59.950139
v 49.809454 10.402840 62.390194
v 49.809454 10.402840 59.950139
v 50.288181 10.402840 62.390194
v 50.288181 10.402840 59.950139
v 50.799143 10.402840 62.390194
v 50.799143 10.402840 59.950139
v 50.799143 10.136366 62.390194
v 50.799143 10.136366 59.950139
v 50.966850 10.136366 62.390194
v 50.966850 10.136366 59.950139
v 50.966850 10.402840 62.390194
v 50.966850 10.402840 59.950139
v 51.637768 10.402840 62.390194
v 51.637768 10.402840 59.950139
v 51.637768 10.136366 62.390194
v 51.637768 10.136366 59.950139
v 51.805475 10.136366 62.390194
v 51.805475 10.136366 59.950139
v 51.805475 10.402840 62.390194
v 51.805475 10.402840 59.950139
v 53.076798 10.402840 62.390194
v 53.076798 10.402840 59.950139
v 52.388401 10.528679 62.390194
v 52.388401 10.528679 59.950139
v 51.805475 10.528679 62.390194
v 51.805475 10.528679 59.950139
v 51.637768 10.528679 62.390194
v 51.637768 10.528679 59.950139
v 50.966850 10.528679 62.390194
v 50.966850 10.528679 59.950139
v 50.799143 10.528679 62.390194
v 50.799143 10.528679 59.950139
v 50.288181 10.528679 62.390194
v 50.288181 10.528679 59.950139
v 52.700159 13.091864 59.950139
v 52.700159 13.091864 62.390194
v 52.700159 13.091864 65.237309
v 52.700159 13.091864 57.103016
v 52.544279 10.926731 65.237309
v 52.544279 10.926731 62.390194
v 52.544279 10.926731 59.950139
v 52.544279 10.926731 57.103016
v 53.076798 10.945841 59.950139
v 53.076798 10.945841 62.390194
v 53.076798 10.945841 65.237309
v 53.076798 10.945841 57.103016
v 53.219904 13.070023 59.950139
v 53.219904 13.070023 62.390194
v 53.219904 13.070023 65.237309
v 53.219904 13.070023 57.103016
v 52.141863 9.391232 62.269810
v 51.890656 9.586576 62.269810
v 52.141863 9.391232 62.378987
v 51.890656 9.586576 62.378987
v 51.468268 9.853777 62.378987
v 51.468268 9.853777 62.269810
v 50.868273 10.077616 62.378987
v 50.364502 10.357462 62.378987
v 50.868273 10.077616 62.269810
v 50.364502 10.357462 62.269810
v 52.141863 10.402840 62.269810
v 51.303211 10.402840 62.269810
v 51.303211 10.402840 62.378987
v 52.141863 10.402840 62.378987
v 50.351933 10.402840 62.378987
v 50.351933 10.402840 62.269810
v 50.270357 10.357462 62.378987
v 50.270357 10.402840 62.378987
v 50.270357 10.357462 62.269810
v 50.270357 10.402840 62.269810
v 52.141863 9.391232 62.337781
v 52.141863 9.391232 62.354626
v 52.141863 9.391232 62.311017
v 52.141863 9.391232 62.294171
v 51.954630 9.626819 62.337521
v 51.950806 9.624413 62.353520
v 51.954630 9.626819 62.311268
v 51.950806 9.624413 62.295277
v 51.532240 9.936107 62.337506
v 51.528383 9.931145 62.353543
v 51.532240 9.936107 62.311291
v 51.528383 9.931145 62.295247
v 50.932245 10.159946 62.337498
v 50.928381 10.154975 62.353550
v 50.932245 10.159946 62.311299
v 50.928381 10.154975 62.295239
v 50.364502 10.357462 62.337781
v 50.364502 10.357462 62.354626
v 50.364502 10.357462 62.294163
v 50.364502 10.357462 62.311017
v 52.141863 10.402840 62.337781
v 52.141863 10.402840 62.354626
v 52.141863 10.402840 62.311017
v 52.141863 10.402840 62.294171
v 51.303211 10.402840 62.311017
v 51.303211 10.402840 62.294171
v 51.303211 10.402840 62.337781
v 51.303211 10.402840 62.354626
v 50.351933 10.402840 62.311017
v 50.351933 10.402840 62.294171
v 50.351933 10.402840 62.354626
v 50.351933 10.402840 62.337781
v 50.270357 10.357462 62.311017
v 50.270357 10.357462 62.294171
v 50.270357 10.357462 62.337781
v 50.270357 10.357462 62.354626
v 50.270357 10.402840 62.337781
v 50.270357 10.402840 62.354626
v 50.270357 10.402840 62.311017
v 50.270357 10.402840 62.294171
v 52.141863 9.391232 62.258610
v 51.890656 9.586576 62.258610
v 51.468268 9.853777 62.258610
v 52.141863 9.708225 62.258610
v 51.303211 10.322670 62.258610
v 52.141863 10.322670 62.258610
v 50.868273 10.077616 62.258610
v 50.364502 10.357462 62.258610
v 51.303211 10.402840 62.258610
v 52.141863 10.402840 62.258610
v 50.351933 10.402840 62.258610
v 50.270357 10.357462 62.258610
v 50.270357 10.402840 62.258610
v 52.141863 9.708225 62.390179
v 51.468268 9.853777 62.390179
v 51.890656 9.586576 62.390179
v 52.141863 9.391232 62.390179
v 52.141863 10.322670 62.390179
v 51.303211 10.322670 62.390179
v 50.364502 10.357462 62.390179
v 50.868273 10.077616 62.390179
v 52.141863 10.402840 62.390179
v 51.303211 10.402840 62.390179
v 50.351933 10.402840 62.390179
v 50.270357 10.402840 62.390179
v 50.270357 10.357462 62.390179
v 52.388401 10.322670 62.354626
v 52.388401 10.322670 62.337781
v 52.388401 10.402840 62.337781
v 52.388401 10.402840 62.354626
v 52.388401 9.708225 62.354626
v 52.388401 9.708225 62.337781
v 52.388401 9.391232 62.354626
v 52.388401 9.391232 62.337781
v 52.388401 10.322670 62.311017
v 52.388401 10.322670 62.294171
v 52.388401 10.402840 62.294171
v 52.388401 10.402840 62.311017
v 52.388401 9.708225 62.311017
v 52.388401 9.708225 62.294171
v 52.388401 9.391232 62.311017
v 52.388401 9.391232 62.294171
v 52.388401 9.708225 62.269810
v 52.388401 9.391232 62.269810
v 52.388401 9.391232 62.378987
v 52.388401 9.708225 62.378987
v 52.388401 10.322670 62.269810
v 52.388401 10.322670 62.378987
v 52.388401 10.402840 62.269810
v 52.388401 10.402840 62.378987
v 52.388401 9.391232 62.258610
v 52.388401 9.708225 62.258610
v 52.388401 10.322670 62.258610
v 52.388401 10.402840 62.258610
v 52.388401 9.708225 62.390179
v 52.388401 9.391232 62.390179
v 52.388401 10.322670 62.390179
v 52.388401 10.402840 62.390179
v 52.141863 9.391232 59.961323
v 51.890656 9.586576 59.961323
v 52.141863 9.391232 60.070500
v 51.890656 9.586576 60.070500
v 51.468268 9.853777 60.070500
v 51.468268 9.853777 59.961323
v 50.868273 10.077616 60.070500
v 50.364502 10.357462 60.070500
v 50.868273 10.077616 59.961323
v 50.364502 10.357462 59.961323
v 52.141863 10.402840 59.961323
v 51.303211 10.402840 59.961323
v 51.303211 10.402840 60.070500
v 52.141863 10.402840 60.070500
v 50.351933 10.402840 60.070500
v 50.351933 10.402840 59.961323
v 50.270357 10.357462 60.070500
v 50.270357 10.402840 60.070500
v 50.270357 10.357462 59.961323
v 50.270357 10.402840 59.961323
v 52.141863 9.391232 60.029286
v 52.141863 9.391232 60.046139
v 52.141863 9.391232 60.002530
v 52.141863 9.391232 59.985684
v 51.954630 9.626819 60.029034
v 51.950806 9.624413 60.045025
v 51.954630 9.626819 60.002789
v 51.950806 9.624413 59.986790
v 51.532240 9.936107 60.029019
v 51.528383 9.931145 60.045064
v 51.532240 9.936107 60.002797
v 51.528383 9.931145 59.986767
v 50.932245 10.159946 60.029011
v 50.928381 10.154975 60.045064
v 50.932245 10.159946 60.002812
v 50.928381 10.154975 59.986760
v 50.364502 10.357462 60.029286
v 50.364502 10.357462 60.046147
v 50.364502 10.357462 59.985684
v 50.364502 10.357462 60.002530
v 52.141863 10.402840 60.029286
v 52.141863 10.402840 60.046139
v 52.141863 10.402840 60.002530
v 52.141863 10.402840 59.985684
v 51.303211 10.402840 60.002530
v 51.303211 10.402840 59.985684
v 51.303211 10.402840 60.029286
v 51.303211 10.402840 60.046139
v 50.351933 10.402840 60.002530
v 50.351933 10.402840 59.985684
v 50.351933 10.402840 60.046139
v 50.351933 10.402840 60.029286
v 50.270357 10.357462 60.002530
v 50.270357 10.357462 59.985684
v 50.270357 10.357462 60.029286
v 50.270357 10.357462 60.046139
v 50.270357 10.402840 60.029286
v 50.270357 10.402840 60.046139
v 50.270357 10.402840 60.002530
v 50.270357 10.402840 59.985684
v 52.141863 9.391232 59.950131
v 51.890656 9.586576 59.950131
v 51.468268 9.853777 59.950131
v 52.141863 9.708225 59.950131
v 51.303211 10.322670 59.950131
v 52.141863 10.322670 59.950131
v 50.868273 10.077616 59.950131
v 50.364502 10.357462 59.950131
v 51.303211 10.402840 59.950131
v 52.141863 10.402840 59.950131
v 50.351933 10.402840 59.950131
v 50.270357 10.357462 59.950131
v 50.270357 10.402840 59.950131
v 52.141863 9.708225 60.081692
v 51.468268 9.853777 60.081692
v 51.890656 9.586576 60.081692
v 52.141863 9.391232 60.081692
v 52.141863 10.322670 60.081692
v 51.303211 10.322670 60.081692
v 50.364502 10.357462 60.081692
v 50.868273 10.077616 60.081692
v 52.141863 10.402840 60.081692
v 51.303211 10.402840 60.081692
v 50.351933 10.402840 60.081692
v 50.270357 10.402840 60.081692
v 50.270357 10.357462 60.081692
v 52.388401 10.322670 60.046139
v 52.388401 10.322670 60.029286
v 52.388401 10.402840 60.029286
v 52.388401 10.402840 60.046139
v 52.388401 9.708225 60.046139
v 52.388401 9.708225 60.029286
v 52.388401 9.391232 60.046139
v 52.388401 9.391232 60.029286
v 52.388401 10.322670 60.002530
v 52.388401 10.322670 59.985684
v 52.388401 10.402840 59.985684
v 52.388401 10.402840 60.002530
v 52.388401 9.708225 60.002530
v 52.388401 9.708225 59.985684
v 52.388401 9.391232 60.002530
v 52.388401 9.391232 59.985684
v 52.388401 9.708225 59.961323
v 52.388401 9.391232 59.961323
v 52.388401 9.391232 60.070500
v 52.388401 9.708225 60.070500
v 52.388401 10.322670 59.961323
v 52.388401 10.322670 60.070500
v 52.388401 10.402840 59.961323
v 52.388401 10.402840 60.070500
v 52.388401 9.391232 59.950131
v 52.388401 9.708225 59.950131
v 52.388401 10.322670 59.950131
v 52.388401 10.402840 59.950131
v 52.388401 9.708225 60.081692
v 52.388401 9.391232 60.081692
v 52.388401 10.322670 60.081692
v 52.388401 10.402840 60.081692
v 49.866511 10.550755 57.103001
v 49.857989 10.570667 57.103001
v 49.844717 10.586472 57.103001
v 49.827992 10.596619 57.103001
v 49.809454 10.600115 57.103001
v 49.790915 10.596619 57.103001
v 49.774191 10.586472 57.103001
v 49.760920 10.570667 57.103001
v 49.752398 10.550755 57.103001
v 49.749462 10.528679 57.103001
v 49.752398 10.506603 57.103001
v 49.760920 10.486691 57.103001
v 49.774191 10.470886 57.103001
v 49.790915 10.460739 57.103001
v 49.809454 10.457243 57.103001
v 49.827992 10.460739 57.103001
v 49.844717 10.470886 57.103001
v 49.857989 10.486691 57.103001
v 49.866511 10.506603 57.103001
v 49.869446 10.528679 57.103001
v 49.866511 10.550755 65.237309
v 49.857989 10.570667 65.237309
v 49.844717 10.586472 65.237309
v 49.827992 10.596619 65.237309
v 49.809454 10.600115 65.237309
v 49.790915 10.596619 65.237309
v 49.774191 10.586472 65.237309
v 49.760920 10.570667 65.237309
v 49.752398 10.550755 65.237309
v 49.749462 10.528679 65.237309
v 49.752398 10.506603 65.237309
v 49.760920 10.486691 65.237309
v 49.774191 10.470886 65.237309
v 49.790915 10.460739 65.237309
v 49.809454 10.457243 65.237309
v 49.827992 10.460739 65.237309
v 49.844717 10.470886 65.237309
v 49.857989 10.486691 65.237309
v 49.866511 10.506603 65.237309
v 49.869446 10.528679 65.237309
v 49.809454 10.528679 57.103001
v 49.809454 10.528679 65.237309
v 49.666348 7.735657 65.237309
v 49.666348 7.861496 65.237309
v 49.666348 7.861496 57.103016
v 49.666348 7.735657 57.103016
v 50.145075 7.735657 65.237309
v 50.145075 7.861496 65.237309
v 50.145075 7.861496 57.103016
v 50.145075 7.735657 57.103016
v 49.432656 7.614077 57.103016
v 49.432656 7.614077 65.237309
v 49.432656 7.714808 65.237309
v 49.432656 7.714808 57.103016
v 49.558180 7.569773 57.103016
v 49.493426 7.572464 57.103016
v 49.558159 7.569768 65.237309
v 49.493445 7.572458 65.237309
v 49.553438 7.691715 65.237309
v 49.489424 7.674779 65.237309
v 49.553438 7.691715 57.103016
v 49.489424 7.674779 57.103016
v 52.933691 7.735657 65.237309
v 52.933691 7.735657 57.103016
v 52.245295 7.861496 57.103016
v 52.245295 7.861496 65.237309
v 51.494662 7.735657 65.237309
v 51.662369 7.735657 65.237309
v 51.494662 7.861496 65.237309
v 51.662369 7.861496 65.237309
v 50.823744 7.735657 65.237309
v 50.656037 7.735657 65.237309
v 50.823744 7.861496 65.237309
v 50.656037 7.861496 65.237309
v 50.823744 7.735657 57.103016
v 50.656037 7.735657 57.103016
v 51.494662 7.735657 57.103016
v 51.662369 7.735657 57.103016
v 50.823744 7.861496 57.103016
v 50.656037 7.861496 57.103016
v 51.494662 7.861496 57.103016
v 51.662369 7.861496 57.103016
v 51.494662 7.469183 65.237309
v 51.662369 7.469183 65.237309
v 51.494662 7.469183 57.103016
v 51.662369 7.469183 57.103016
v 50.823744 7.469183 65.237309
v 50.656037 7.469183 65.237309
v 50.656037 7.469183 57.103016
v 50.823744 7.469183 57.103016
v 49.666348 7.861496 59.950139
v 49.666348 7.861496 62.390194
v 49.553438 7.691715 62.390194
v 49.553438 7.691715 59.950139
v 49.489424 7.674779 62.390194
v 49.489424 7.674779 59.950139
v 49.432656 7.714808 62.390194
v 49.432656 7.714808 59.950139
v 49.432656 7.614077 62.390194
v 49.432656 7.614077 59.950139
v 49.493439 7.572460 62.390194
v 49.493433 7.572462 59.950139
v 49.558167 7.569771 62.390194
v 49.558172 7.569772 59.950139
v 49.666348 7.735657 62.390194
v 49.666348 7.735657 59.950139
v 50.145075 7.735657 62.390194
v 50.145075 7.735657 59.950139
v 50.656037 7.735657 62.390194
v 50.656037 7.735657 59.950139
v 50.656037 7.469183 62.390194
v 50.656037 7.469183 59.950139
v 50.823744 7.469183 62.390194
v 50.823744 7.469183 59.950139
v 50.823744 7.735657 62.390194
v 50.823744 7.735657 59.950139
v 51.494662 7.735657 62.390194
v 51.494662 7.735657 59.950139
v 51.494662 7.469183 62.390194
v 51.494662 7.469183 59.950139
v 51.662369 7.469183 62.390194
v 51.662369 7.469183 59.950139
v 51.662369 7.735657 62.390194
v 51.662369 7.735657 59.950139
v 52.933691 7.735657 62.390194
v 52.933691 7.735657 59.950139
v 52.245295 7.861496 62.390194
v 52.245295 7.861496 59.950139
v 51.662369 7.861496 62.390194
v 51.662369 7.861496 59.950139
v 51.494662 7.861496 62.390194
v 51.494662 7.861496 59.950139
v 50.823744 7.861496 62.390194
v 50.823744 7.861496 59.950139
v 50.656037 7.861496 62.390194
v 50.656037 7.861496 59.950139
v 50.145075 7.861496 62.390194
v 50.145075 7.861496 59.950139
v 52.557053 10.424681 59.950139
v 52.557053 10.424681 62.390194
v 52.557053 10.424681 65.237309
v 52.557053 10.424681 57.103016
v 52.401173 8.259548 65.237309
v 52.401173 8.259548 62.390194
v 52.401173 8.259548 59.950139
v 52.401173 8.259548 57.103016
v 52.933691 8.278658 59.950139
v 52.933691 8.278658 62.390194
v 52.933691 8.278658 65.237309
v 52.933691 8.278658 57.103016
v 53.076798 10.402840 59.950139
v 53.076798 10.402840 62.390194
v 53.076798 10.402840 65.237309
v 53.076798 10.402840 57.103016
v 51.998757 6.724049 62.269810
v 51.747549 6.919394 62.269810
v 51.998757 6.724049 62.378987
v 51.747549 6.919394 62.378987
v 51.325161 7.186594 62.378987
v 51.325161 7.186594 62.269810
v 50.725166 7.410433 62.378987
v 50.221396 7.690279 62.378987
v 50.725166 7.410433 62.269810
v 50.221396 7.690279 62.269810
v 51.998757 7.735657 62.269810
v 51.160105 7.735657 62.269810
v 51.160105 7.735657 62.378987
v 51.998757 7.735657 62.378987
v 50.208826 7.735657 62.378987
v 50.208826 7.735657 62.269810
v 50.127251 7.690279 62.378987
v 50.127251 7.735657 62.378987
v 50.127251 7.690279 62.269810
v 50.127251 7.735657 62.269810
v 51.998757 6.724049 62.337781
v 51.998757 6.724049 62.354626
v 51.998757 6.724049 62.311017
v 51.998757 6.724049 62.294171
v 51.811524 6.959636 62.337521
v 51.807699 6.957230 62.353520
v 51.811524 6.959636 62.311268
v 51.807699 6.957230 62.295277
v 51.389134 7.268924 62.337506
v 51.385277 7.263962 62.353543
v 51.389134 7.268924 62.311291
v 51.385277 7.263962 62.295247
v 50.789139 7.492764 62.337498
v 50.785275 7.487792 62.353550
v 50.789139 7.492764 62.311299
v 50.785275 7.487792 62.295239
v 50.221396 7.690279 62.337781
v 50.221396 7.690279 62.354626
v 50.221396 7.690279 62.294163
v 50.221396 7.690279 62.311017
v 51.998757 7.735657 62.337781
v 51.998757 7.735657 62.354626
v 51.998757 7.735657 62.311017
v 51.998757 7.735657 62.294171
v 51.160105 7.735657 62.311017
v 51.160105 7.735657 62.294171
v 51.160105 7.735657 62.337781
v 51.160105 7.735657 62.354626
v 50.208826 7.735657 62.311017
v 50.208826 7.735657 62.294171
v 50.208826 7.735657 62.354626
v 50.208826 7.735657 62.337781
v 50.127251 7.690279 62.311017
v 50.127251 7.690279 62.294171
v 50.127251 7.690279 62.337781
v 50.127251 7.690279 62.354626
v 50.127251 7.735657 62.337781
v 50.127251 7.735657 62.354626
v 50.127251 7.735657 62.311017
v 50.127251 7.735657 62.294171
v 51.998757 6.724049 62.258610
v 51.747549 6.919394 62.258610
v 51.325161 7.186594 62.258610
v 51.998757 7.041042 62.258610
v 51.160105 7.655487 62.258610
v 51.998757 7.655487 62.258610
v 50.725166 7.410433 62.258610
v 50.221396 7.690279 62.258610
v 51.160105 7.735657 62.258610
v 51.998757 7.735657 62.258610
v 50.208826 7.735657 62.258610
v 50.127251 7.690279 62.258610
v 50.127251 7.735657 62.258610
v 51.998757 7.041042 62.390179
v 51.325161 7.186594 62.390179
v 51.747549 6.919394 62.390179
v 51.998757 6.724049 62.390179
v 51.998757 7.655487 62.390179
v 51.160105 7.655487 62.390179
v 50.221396 7.690279 62.390179
v 50.725166 7.410433 62.390179
v 51.998757 7.735657 62.390179
v 51.160105 7.735657 62.390179
v 50.208826 7.735657 62.390179
v 50.127251 7.735657 62.390179
v 50.127251 7.690279 62.390179
v 52.245295 7.655487 62.354626
v 52.245295 7.655487 62.337781
v 52.245295 7.735657 62.337781
v 52.245295 7.735657 62.354626
v 52.245295 7.041042 62.354626
v 52.245295 7.041042 62.337781
v 52.245295 6.724049 62.354626
v 52.245295 6.724049 62.337781
v 52.245295 7.655487 62.311017
v 52.245295 7.655487 62.294171
v 52.245295 7.735657 62.294171
v 52.245295 7.735657 62.311017
v 52.245295 7.041042 62.311017
v 52.245295 7.041042 62.294171
v 52.245295 6.724049 62.311017
v 52.245295 6.724049 62.294171
v 52.245295 7.041042 62.269810
v 52.245295 6.724049 62.269810
v 52.245295 6.724049 62.378987
v 52.245295 7.041042 62.378987
v 52.245295 7.655487 62.269810
v 52.245295 7.655487 62.378987
v 52.245295 7.735657 62.269810
v 52.245295 7.735657 62.378987
v 52.245295 6.724049 62.258610
v 52.245295 7.041042 62.258610
v 52.245295 7.655487 62.258610
v 52.245295 7.735657 62.258610
v 52.245295 7.041042 62.390179
v 52.245295 6.724049 62.390179
v 52.245295 7.655487 62.390179
v 52.245295 7.735657 62.390179
v 51.998757 6.724049 59.961323
v 51.747549 6.919394 59.961323
v 51.998757 6.724049 60.070500
v 51.747549 6.919394 60.070500
v 51.325161 7.186594 60.070500
v 51.325161 7.186594 59.961323
v 50.725166 7.410433 60.070500
v 50.221396 7.690279 60.070500
v 50.725166 7.410433 59.961323
v 50.221396 7.690279 59.961323
v 51.998757 7.735657 59.961323
v 51.160105 7.735657 59.961323
v 51.160105 7.735657 60.070500
v 51.998757 7.735657 60.070500
v 50.208826 7.735657 60.070500
v 50.208826 7.735657 59.961323
v 50.127251 7.690279 60.070500
v 50.127251 7.735657 60.070500
v 50.127251 7.690279 59.961323
v 50.127251 7.735657 59.961323
v 51.998757 6.724049 60.029286
v 51.998757 6.724049 60.046139
v 51.998757 6.724049 60.002530
v 51.998757 6.724049 59.985684
v 51.811524 6.959636 60.029034
v 51.807699 6.957230 60.045025
v 51.811524 6.959636 60.002789
v 51.807699 6.957230 59.986790
v 51.389134 7.268924 60.029019
v 51.385277 7.263962 60.045064
v 51.389134 7.268924 60.002797
v 51.385277 7.263962 59.986767
v 50.789139 7.492764 60.029011
v 50.785275 7.487792 60.045064
v 50.789139 7.492764 60.002812
v 50.785275 7.487792 59.986760
v 50.221396 7.690279 60.029286
v 50.221396 7.690279 60.046147
v 50.221396 7.690279 59.985684
v 50.221396 7.690279 60.002530
v 51.998757 7.735657 60.029286
v 51.998757 7.735657 60.046139
v 51.998757 7.735657 60.002530
v 51.998757 7.735657 59.985684
v 51.160105 7.735657 60.002530
v 51.160105 7.735657 59.985684
v 51.160105 7.735657 60.029286
v 51.160105 7.735657 60.046139
v 50.208826 7.735657 60.002530
v 50.208826 7.735657 59.985684
v 50.208826 7.735657 60.046139
v 50.208826 7.735657 60.029286
v 50.127251 7.690279 60.002530
v 50.127251 7.690279 59.985684
v 50.127251 7.690279 60.029286
v 50.127251 7.690279 60.046139
v 50.127251 7.735657 60.029286
v 50.127251 7.735657 60.046139
v 50.127251 7.735657 60.002530
v 50.127251 7.735657 59.985684
v 51.998757 6.724049 59.950131
v 51.747549 6.919394 59.950131
v 51.325161 7.186594 59.950131
v 51.998757 7.041042 59.950131
v 51.160105 7.655487 59.950131
v 51.998757 7.655487 59.950131
v 50.725166 7.410433 59.950131
v 50.221396 7.690279 59.950131
v 51.160105 7.735657 59.950131
v 51.998757 7.735657 59.950131
v 50.208826 7.735657 59.950131
v 50.127251 7.690279 59.950131
v 50.127251 7.735657 59.950131
v 51.998757 7.041042 60.081692
v 51.325161 7.186594 60.081692
v 51.747549 6.919394 60.081692
v 51.998757 6.724049 60.081692
v 51.998757 7.655487 60.081692
v 51.160105 7.655487 60.081692
v 50.221396 7.690279 60.081692
v 50.725166 7.410433 60.081692
v 51.998757 7.735657 60.081692
v 51.160105 7.735657 60.081692
v 50.208826 7.735657 60.081692
v 50.127251 7.735657 60.081692
v 50.127251 7.690279 60.081692
v 52.245295 7.655487 60.046139
v 52.245295 7.655487 60.029286
v 52.245295 7.735657 60.029286
v 52.245295 7.735657 60.046139
v 52.245295 7.041042 60.046139
v 52.245295 7.041042 60.029286
v 52.245295 6.724049 60.046139
v 52.245295 6.724049 60.029286
v 52.245295 7.655487 60.002530
v 52.245295 7.655487 59.985684
v 52.245295 7.735657 59.985684
v 52.245295 7.735657 60.002530
v 52.245295 7.041042 60.002530
v 52.245295 7.041042 59.985684
v 52.245295 6.724049 60.002530
v 52.245295 6.724049 59.985684
v 52.245295 7.041042 59.961323
v 52.245295 6.724049 59.961323
v 52.245295 6.724049 60.070500
v 52.245295 7.041042 60.070500
v 52.245295 7.655487 59.961323
v 52.245295 7.655487 60.070500
v 52.245295 7.735657 59.961323
v 52.245295 7.735657 60.070500
v 52.245295 6.724049 59.950131
v 52.245295 7.041042 59.950131
v 52.245295 7.655487 59.950131
v 52.245295 7.735657 59.950131
v 52.245295 7.041042 60.081692
v 52.245295 6.724049 60.081692
v 52.245295 7.655487 60.081692
v 52.245295 7.735657 60.081692
v 49.723404 7.883572 57.103001
v 49.714882 7.903484 57.103001
v 49.701611 7.919289 57.103001
v 49.684885 7.929436 57.103001
v 49.666348 7.932932 57.103001
v 49.647808 7.929436 57.103001
v 49.631085 7.919289 57.103001
v 49.617813 7.903484 57.103001
v 49.609291 7.883572 57.103001
v 49.606356 7.861496 57.103001
v 49.609291 7.839420 57.103001
v 49.617813 7.819508 57.103001
v 49.631085 7.803703 57.103001
v 49.647808 7.793556 57.103001
v 49.666348 7.790060 57.103001
v 49.684885 7.793556 57.103001
v 49.701611 7.803703 57.103001
v 49.714882 7.819508 57.103001
v 49.723404 7.839420 57.103001
v 49.726340 7.861496 57.103001
v 49.723404 7.883572 65.237309
v 49.714882 7.903484 65.237309
v 49.701611 7.919289 65.237309
v 49.684885 7.929436 65.237309
v 49.666348 7.932932 65.237309
v 49.647808 7.929436 65.237309
v 49.631085 7.919289 65.237309
v 49.617813 7.903484 65.237309
v 49.609291 7.883572 65.237309
v 49.606356 7.861496 65.237309
v 49.609291 7.839420 65.237309
v 49.617813 7.819508 65.237309
v 49.631085 7.803703 65.237309
v 49.647808 7.793556 65.237309
v 49.666348 7.790060 65.237309
v 49.684885 7.793556 65.237309
v 49.701611 7.803703 65.237309
v 49.714882 7.819508 65.237309
v 49.723404 7.839420 65.237309
v 49.726340 7.861496 65.237309
v 49.666348 7.861496 57.103001
v 49.666348 7.861496 65.237309
v 49.380135 2.401291 65.237309
v 49.380135 2.527130 65.237309
v 49.380135 2.527130 57.103016
v 49.380135 2.401291 57.103016
v 49.858862 2.401291 65.237309
v 49.858862 2.527130 65.237309
v 49.858862 2.527130 57.103016
v 49.858862 2.401291 57.103016
v 49.146443 2.279711 57.103016
v 49.146443 2.279711 65.237309
v 49.146443 2.380443 65.237309
v 49.146443 2.380443 57.103016
v 49.271967 2.235407 57.103016
v 49.207213 2.238098 57.103016
v 49.271946 2.235402 65.237309
v 49.207232 2.238092 65.237309
v 49.267225 2.357349 65.237309
v 49.203211 2.340413 65.237309
v 49.267225 2.357349 57.103016
v 49.203211 2.340413 57.103016
v 52.647478 2.401291 65.237309
v 52.647478 2.401291 57.103016
v 51.959082 2.527130 57.103016
v 51.959082 2.527130 65.237309
v 51.208449 2.401291 65.237309
v 51.376156 2.401291 65.237309
v 51.208449 2.527130 65.237309
v 51.376156 2.527130 65.237309
v 50.537531 2.401291 65.237309
v 50.369824 2.401291 65.237309
v 50.537531 2.527130 65.237309
v 50.369824 2.527130 65.237309
v 50.537531 2.401291 57.103016
v 50.369824 2.401291 57.103016
v 51.208449 2.401291 57.103016
v 51.376156 2.401291 57.103016
v 50.537531 2.527130 57.103016
v 50.369824 2.527130 57.103016
v 51.208449 2.527130 57.103016
v 51.376156 2.527130 57.103016
v 51.208449 2.134817 65.237309
v 51.376156 2.134817 65.237309
v 51.208449 2.134817 57.103016
v 51.376156 2.134817 57.103016
v 50.537531 2.134817 65.237309
v 50.369824 2.134817 65.237309
v 50.369824 2.134817 57.103016
v 50.537531 2.134817 57.103016
v 49.380135 2.527130 59.950139
v 49.380135 2.527130 62.390194
v 49.267225 2.357349 62.390194
v 49.267225 2.357349 59.950139
v 49.203211 2.340413 62.390194
v 49.203211 2.340413 59.950139
v 49.146443 2.380443 62.390194
v 49.146443 2.380443 59.950139
v 49.146443 2.279711 62.390194
v 49.146443 2.279711 59.950139
v 49.207226 2.238094 62.390194
v 49.207220 2.238096 59.950139
v 49.271954 2.235405 62.390194
v 49.271959 2.235406 59.950139
v 49.380135 2.401291 62.390194
v 49.380135 2.401291 59.950139
v 49.858862 2.401291 62.390194
v 49.858862 2.401291 59.950139
v 50.369824 2.401291 62.390194
v 50.369824 2.401291 59.950139
v 50.369824 2.134817 62.390194
v 50.369824 2.134817 59.950139
v 50.537531 2.134817 62.390194
v 50.537531 2.134817 59.950139
v 50.537531 2.401291 62.390194
v 50.537531 2.401291 59.950139
v 51.208449 2.401291 62.390194
v 51.208449 2.401291 59.950139
v 51.208449 2.134817 62.390194
v 51.208449 2.134817 59.950139
v 51.376156 2.134817 62.390194
v 51.376156 2.134817 59.950139
v 51.376156 2.401291 62.390194
v 51.376156 2.401291 59.950139
v 52.647478 2.401291 62.390194
v 52.647478 2.401291 59.950139
v 51.959082 2.527130 62.390194
v 51.959082 2.527130 59.950139
v 51.376156 2.527130 62.390194
v 51.376156 2.527130 59.950139
v 51.208449 2.527130 62.390194
v 51.208449 2.527130 59.950139
v 50.537531 2.527130 62.390194
v 50.537531 2.527130 59.950139
v 50.369824 2.527130 62.390194
v 50.369824 2.527130 59.950139
v 49.858862 2.527130 62.390194
v 49.858862 2.527130 59.950139
v 52.270840 5.090315 59.950139
v 52.270840 5.090315 62.390194
v 52.270840 5.090315 65.237309
v 52.270840 5.090315 57.103016
v 52.114960 2.925182 65.237309
v 52.114960 2.925182 62.390194
v 52.114960 2.925182 59.950139
v 52.114960 2.925182 57.103016
v 52.647478 2.944292 59.950139
v 52.647478 2.944292 62.390194
v 52.647478 2.944292 65.237309
v 52.647478 2.944292 57.103016
v 52.790585 5.068474 59.950139
v 52.790585 5.068474 62.390194
v 52.790585 5.068474 65.237309
v 52.790585 5.068474 57.103016
v 51.712544 1.389683 62.269810
v 51.461336 1.585028 62.269810
v 51.712544 1.389683 62.378987
v 51.461336 1.585028 62.378987
v 51.038948 1.852228 62.378987
v 51.038948 1.852228 62.269810
v 50.438954 2.076067 62.378987
v 49.935183 2.355913 62.378987
v 50.438954 2.076067 62.269810
v 49.935183 2.355913 62.269810
v 51.712544 2.401291 62.269810
v 50.873892 2.401291 62.269810
v 50.873892 2.401291 62.378987
v 51.712544 2.401291 62.378987
v 49.922613 2.401291 62.378987
v 49.922613 2.401291 62.269810
v 49.841038 2.355913 62.378987
v 49.841038 2.401291 62.378987
v 49.841038 2.355913 62.269810
v 49.841038 2.401291 62.269810
v 51.712544 1.389683 62.337781
v 51.712544 1.389683 62.354626
v 51.712544 1.389683 62.311017
v 51.712544 1.389683 62.294171
v 51.525311 1.625270 62.337521
v 51.521486 1.622864 62.353520
v 51.525311 1.625270 62.311268
v 51.521486 1.622864 62.295277
v 51.102921 1.934558 62.337506
v 51.099064 1.929596 62.353543
v 51.102921 1.934558 62.311291
v 51.099064 1.929596 62.295247
v 50.502926 2.158398 62.337498
v 50.499062 2.153426 62.353550
v 50.502926 2.158398 62.311299
v 50.499062 2.153426 62.295239
v 49.935183 2.355913 62.337781
v 49.935183 2.355913 62.354626
v 49.935183 2.355913 62.294163
v 49.935183 2.355913 62.311017
v 51.712544 2.401291 62.337781
v 51.712544 2.401291 62.354626
v 51.712544 2.401291 62.311017
v 51.712544 2.401291 62.294171
v 50.873892 2.401291 62.311017
v 50.873892 2.401291 62.294171
v 50.873892 2.401291 62.337781
v 50.873892 2.401291 62.354626
v 49.922613 2.401291 62.311017
v 49.922613 2.401291 62.294171
v 49.922613 2.401291 62.354626
v 49.922613 2.401291 62.337781
v 49.841038 2.355913 62.311017
v 49.841038 2.355913 62.294171
v 49.841038 2.355913 62.337781
v 49.841038 2.355913 62.354626
v 49.841038 2.401291 62.337781
v 49.841038 2.401291 62.354626
v 49.841038 2.401291 62.311017
v 49.841038 2.401291 62.294171
v 51.712544 1.389683 62.258610
v 51.461336 1.585028 62.258610
v 51.038948 1.852228 62.258610
v 51.712544 1.706676 62.258610
v 50.873892 2.321121 62.258610
v 51.712544 2.321121 62.258610
v 50.438954 2.076067 62.258610
v 49.935183 2.355913 62.258610
v 50.873892 2.401291 62.258610
v 51.712544 2.401291 62.258610
v 49.922613 2.401291 62.258610
v 49.841038 2.355913 62.258610
v 49.841038 2.401291 62.258610
v 51.712544 1.706676 62.390179
v 51.038948 1.852228 62.390179
v 51.461336 1.585028 62.390179
v 51.712544 1.389683 62.390179
v 51.712544 2.321121 62.390179
v 50.873892 2.321121 62.390179
v 49.935183 2.355913 62.390179
v 50.438954 2.076067 62.390179
v 51.712544 2.401291 62.390179
v 50.873892 2.401291 62.390179
v 49.922613 2.401291 62.390179
v 49.841038 2.401291 62.390179
v 49.841038 2.355913 62.390179
v 51.959082 2.321121 62.354626
v 51.959082 2.321121 62.337781
v 51.959082 2.401291 62.337781
v 51.959082 2.401291 62.354626
v 51.959082 1.706676 62.354626
v 51.959082 1.706676 62.337781
v 51.959082 1.389683 62.354626
v 51.959082 1.389683 62.337781
v 51.959082 2.321121 62.311017
v 51.959082 2.321121 62.294171
v 51.959082 2.401291 62.294171
v 51.959082 2.401291 62.311017
v 51.959082 1.706676 62.311017
v 51.959082 1.706676 62.294171
v 51.959082 1.389683 62.311017
v 51.959082 1.389683 62.294171
v 51.959082 1.706676 62.269810
v 51.959082 1.389683 62.269810
v 51.959082 1.389683 62.378987
v 51.959082 1.706676 62.378987
v 51.959082 2.321121 62.269810
v 51.959082 2.321121 62.378987
v 51.959082 2.401291 62.269810
v 51.959082 2.401291 62.378987
v 51.959082 1.389683 62.258610
v 51.959082 1.706676 62.258610
v 51.959082 2.321121 62.258610
v 51.959082 2.401291 62.258610
v 51.959082 1.706676 62.390179
v 51.959082 1.389683 62.390179
v 51.959082 2.321121 62.390179
v 51.959082 2.401291 62.390179
v 51.712544 1.389683 59.961323
v 51.461336 1.585028 59.961323
v 51.712544 1.389683 60.070500
v 51.461336 1.585028 60.070500
v 51.038948 1.852228 60.070500
v 51.038948 1.852228 59.961323
v 50.438954 2.076067 60.070500
v 49.935183 2.355913 60.070500
v 50.438954 2.076067 59.961323
v 49.935183 2.355913 59.961323
v 51.712544 2.401291 59.961323
v 50.873892 2.401291 59.961323
v 50.873892 2.401291 60.070500
v 51.712544 2.401291 60.070500
v 49.922613 2.401291 60.070500
v 49.922613 2.401291 59.961323
v 49.841038 2.355913 60.070500
v 49.841038 2.401291 60.070500
v 49.841038 2.355913 59.961323
v 49.841038 2.401291 59.961323
v 51.712544 1.389683 60.029286
v 51.712544 1.389683 60.046139
v 51.712544 1.389683 60.002530
v 51.712544 1.389683 59.985684
v 51.525311 1.625270 60.029034
v 51.521486 1.622864 60.045025
v 51.525311 1.625270 60.002789
v 51.521486 1.622864 59.986790
v 51.102921 1.934558 60.029019
v 51.099064 1.929596 60.045064
v 51.102921 1.934558 60.002797
v 51.099064 1.929596 59.986767
v 50.502926 2.158398 60.029011
v 50.499062 2.153426 60.045064
v 50.502926 2.158398 60.002812
v 50.499062 2.153426 59.986760
v 49.935183 2.355913 60.029286
v 49.935183 2.355913 60.046147
v 49.935183 2.355913 59.985684
v 49.935183 2.355913 60.002530
v 51.712544 2.401291 60.029286
v 51.712544 2.401291 60.046139
v 51.712544 2.401291 60.002530
v 51.712544 2.401291 59.985684
v 50.873892 2.401291 60.002530
v 50.873892 2.401291 59.985684
v 50.873892 2.401291 60.029286
v 50.873892 2.401291 60.046139
v 49.922613 2.401291 60.002530
v 49.922613 2.401291 59.985684
v 49.922613 2.401291 60.046139
v 49.922613 2.401291 60.029286
v 49.841038 2.355913 60.002530
v 49.841038 2.355913 59.985684
v 49.841038 2.355913 60.029286
v 49.841038 2.355913 60.046139
v 49.841038 2.401291 60.029286
v 49.841038 2.401291 60.046139
v 49.841038 2.401291 60.002530
v 49.841038 2.401291 59.985684
v 51.712544 1.389683 59.950131
v 51.461336 1.585028 59.950131
v 51.038948 1.852228 59.950131
v 51.712544 1.706676 59.950131
v 50.873892 2.321121 59.950131
v 51.712544 2.321121 59.950131
v 50.438954 2.076067 59.950131
v 49.935183 2.355913 59.950131
v 50.873892 2.401291 59.950131
v 51.712544 2.401291 59.950131
v 49.922613 2.401291 59.950131
v 49.841038 2.355913 59.950131
v 49.841038 2.401291 59.950131
v 51.712544 1.706676 60.081692
v 51.038948 1.852228 60.081692
v 51.461336 1.585028 60.081692
v 51.712544 1.389683 60.081692
v 51.712544 2.321121 60.081692
v 50.873892 2.321121 60.081692
v 49.935183 2.355913 60.081692
v 50.438954 2.076067 60.081692
v 51.712544 2.401291 60.081692
v 50.873892 2.401291 60.081692
v 49.922613 2.401291 60.081692
v 49.841038 2.401291 60.081692
v 49.841038 2.355913 60.081692
v 51.959082 2.321121 60.046139
v 51.959082 2.321121 60.029286
v 51.959082 2.401291 60.029286
v 51.959082 2.401291 60.046139
v 51.959082 1.706676 60.046139
v 51.959082 1.706676 60.029286
v 51.959082 1.389683 60.046139
v 51.959082 1.389683 60.029286
v 51.959082 2.321121 60.002530
v 51.959082 2.321121 59.985684
v 51.959082 2.401291 59.985684
v 51.959082 2.401291 60.002530
v 51.959082 1.706676 60.002530
v 51.959082 1.706676 59.985684
v 51.959082 1.389683 60.002530
v 51.959082 1.389683 59.985684
v 51.959082 1.706676 59.961323
v 51.959082 1.389683 59.961323
v 51.959082 1.389683 60.070500
v 51.959082 1.706676 60.070500
v 51.959082 2.321121 59.961323
v 51.959082 2.321121 60.070500
v 51.959082 2.401291 59.961323
v 51.959082 2.401291 60.070500
v 51.959082 1.389683 59.950131
v 51.959082 1.706676 59.950131
v 51.959082 2.321121 59.950131
v 51.959082 2.401291 59.950131
v 51.959082 1.706676 60.081692
v 51.959082 1.389683 60.081692
v 51.959082 2.321121 60.081692
v 51.959082 2.401291 60.081692
v 49.437191 2.549206 57.103001
v 49.428669 2.569118 57.103001
v 49.415398 2.584923 57.103001
v 49.398672 2.595070 57.103001
v 49.380135 2.598566 57.103001
v 49.361595 2.595070 57.103001
v 49.344872 2.584923 57.103001
v 49.331600 2.569118 57.103001
v 49.323078 2.549206 57.103001
v 49.320143 2.527130 57.103001
v 49.323078 2.505054 57.103001
v 49.331600 2.485142 57.103001
v 49.344872 2.469337 57.103001
v 49.361595 2.459190 57.103001
v 49.380135 2.455694 57.103001
v 49.398672 2.459190 57.103001
v 49.415398 2.469337 57.103001
v 49.428669 2.485142 57.103001
v 49.437191 2.505054 57.103001
v 49.440127 2.527130 57.103001
v 49.437191 2.549206 65.237309
v 49.428669 2.569118 65.237309
v 49.415398 2.584923 65.237309
v 49.398672 2.595070 65.237309
v 49.380135 2.598566 65.237309
v 49.361595 2.595070 65.237309
v 49.344872 2.584923 65.237309
v 49.331600 2.569118 65.237309
v 49.323078 2.549206 65.237309
v 49.320143 2.527130 65.237309
v 49.323078 2.505054 65.237309
v 49.331600 2.485142 65.237309
v 49.344872 2.469337 65.237309
v 49.361595 2.459190 65.237309
v 49.380135 2.455694 65.237309
v 49.398672 2.459190 65.237309
v 49.415398 2.469337 65.237309
v 49.428669 2.485142 65.237309
v 49.437191 2.505054 65.237309
v 49.440127 2.527130 65.237309
v 49.380135 2.527130 57.103001
v 49.380135 2.527130 65.237309
vt 0.898485 0.421801
vt 0.898485 0.414111
vt 0.906176 0.414111
vt 0.906176 0.421801
vt 0.906198 0.414088
vt 0.906198 0.421824
vt 0.898463 0.421824
vt 0.898463 0.414088
vt 0.898485 0.421801
vt 0.898485 0.414111
vt 0.906176 0.414111
vt 0.906176 0.421801
vt 0.906198 0.414088
vt 0.906198 0.421824
vt 0.898463 0.421824
vt 0.898463 0.414088
vt 0.843284 0.607714
vt 0.843284 0.581505
vt 0.869493 0.581505
vt 0.869493 0.607714
vt 0.831158 0.599656
vt 0.831158 0.589564
vt 0.841250 0.589564
vt 0.841250 0.599656
vt 0.851342 0.589564
vt 0.851342 0.599656
vt 0.861434 0.589564
vt 0.861434 0.599656
vt 0.871526 0.589564
vt 0.871526 0.599656
vt 0.881618 0.589564
vt 0.881618 0.599656
vt 0.830823 0.390972
vt 0.830823 0.424956
vt 0.796839 0.424956
vt 0.796839 0.390972
vt 0.762855 0.424956
vt 0.762855 0.390972
vt 0.728871 0.424956
vt 0.728871 0.390972
vt 0.863509 0.601730
vt 0.849268 0.601730
vt 0.849268 0.587489
vt 0.863509 0.587489
vt 0.830823 0.390972
vt 0.830823 0.424956
vt 0.796839 0.424956
vt 0.796839 0.390972
vt 0.762855 0.424956
vt 0.762855 0.390972
vt 0.728871 0.424956
vt 0.728871 0.390972
vt 0.833011 0.602402
vt 0.833011 0.586817
vt 0.848596 0.586817
vt 0.848596 0.602402
vt 0.869493 0.633924
vt 0.843284 0.633924
vt 0.871526 0.609748
vt 0.861434 0.609748
vt 0.851342 0.609748
vt 0.841250 0.609748
vt 0.831158 0.609748
vt 0.762855 0.356989
vt 0.796839 0.356989
vt 0.762855 0.356989
vt 0.796839 0.356989
vt 0.877750 0.587489
vt 0.877750 0.601730
vt 0.848596 0.617987
vt 0.833011 0.617987
vt 0.881618 0.609748
vt 0.830823 0.356989
vt 0.728871 0.356989
vt 0.830823 0.356989
vt 0.728871 0.356989
vt 0.869493 0.555296
vt 0.843284 0.555296
vt 0.841250 0.579472
vt 0.831158 0.579472
vt 0.851342 0.579472
vt 0.861434 0.579472
vt 0.871526 0.579472
vt 0.881618 0.579472
vt 0.830823 0.458940
vt 0.796839 0.458940
vt 0.762855 0.458940
vt 0.728871 0.458940
vt 0.835027 0.601730
vt 0.835027 0.587489
vt 0.830823 0.458940
vt 0.796839 0.458940
vt 0.762855 0.458940
vt 0.728871 0.458940
vt 0.848596 0.571232
vt 0.833011 0.571232
vt 0.799116 0.600994
vt 0.799116 0.621740
vt 0.778370 0.621740
vt 0.778370 0.600994
vt 0.799116 0.642486
vt 0.778370 0.642486
vt 0.799116 0.580248
vt 0.778370 0.580248
vt 0.865778 0.600562
vt 0.852290 0.600562
vt 0.852290 0.587074
vt 0.865778 0.587074
vt 0.838802 0.600562
vt 0.838802 0.587074
vt 0.852290 0.573585
vt 0.865778 0.573585
vt 0.879267 0.600562
vt 0.879267 0.587074
vt 0.838802 0.573585
vt 0.879267 0.573585
vt 0.852290 0.533120
vt 0.865778 0.533120
vt 0.865778 0.546609
vt 0.852290 0.546609
vt 0.879267 0.533120
vt 0.879267 0.546609
vt 0.865778 0.560097
vt 0.852290 0.560097
vt 0.838802 0.533120
vt 0.838802 0.546609
vt 0.879267 0.560097
vt 0.838802 0.560097
vt 0.865778 0.681492
vt 0.852290 0.681492
vt 0.852290 0.668003
vt 0.865778 0.668003
vt 0.838802 0.681492
vt 0.838802 0.668003
vt 0.852290 0.654515
vt 0.865778 0.654515
vt 0.879267 0.668003
vt 0.879267 0.681492
vt 0.838802 0.654515
vt 0.852290 0.641027
vt 0.865778 0.641027
vt 0.879267 0.654515
vt 0.838802 0.641027
vt 0.852290 0.627539
vt 0.865778 0.627539
vt 0.879267 0.641027
vt 0.838802 0.627539
vt 0.852290 0.614050
vt 0.865778 0.614050
vt 0.879267 0.627539
vt 0.838802 0.614050
vt 0.879267 0.614050
vt 0.757624 0.621740
vt 0.757624 0.600994
vt 0.757624 0.642486
vt 0.736878 0.621740
vt 0.736878 0.600994
vt 0.757624 0.580248
vt 0.736878 0.642486
vt 0.736878 0.580248
vt 0.799116 0.559502
vt 0.819861 0.559502
vt 0.819861 0.580248
vt 0.840607 0.559502
vt 0.840607 0.580248
vt 0.778370 0.559502
vt 0.861353 0.559502
vt 0.861353 0.580248
vt 0.757624 0.559502
vt 0.882099 0.559502
vt 0.882099 0.580248
vt 0.736878 0.559502
vt 0.902845 0.559502
vt 0.902845 0.580248
vt 0.923591 0.559502
vt 0.923591 0.580248
vt 0.944337 0.559502
vt 0.944337 0.580248
vt 0.965083 0.559502
vt 0.965083 0.580248
vt 0.819861 0.642486
vt 0.819861 0.663232
vt 0.799116 0.663232
vt 0.840607 0.642486
vt 0.840607 0.663232
vt 0.778370 0.663232
vt 0.861353 0.663232
vt 0.861353 0.642486
vt 0.757624 0.663232
vt 0.882099 0.663232
vt 0.882099 0.642486
vt 0.736878 0.663232
vt 0.902845 0.663232
vt 0.902845 0.642486
vt 0.923591 0.642486
vt 0.923591 0.663232
vt 0.944337 0.642486
vt 0.944337 0.663232
vt 0.965083 0.642486
vt 0.965083 0.663232
vt 0.515606 0.529372
vt 0.553107 0.529372
vt 0.553107 0.566873
vt 0.515606 0.566873
vt 0.515606 0.604373
vt 0.553107 0.604373
vt 0.553107 0.641874
vt 0.515606 0.641874
vt 0.515606 0.566873
vt 0.553107 0.566873
vt 0.553107 0.604373
vt 0.515606 0.604373
vt 0.590607 0.566873
vt 0.590607 0.604373
vt 0.590607 0.566873
vt 0.590607 0.604373
vt 0.553107 0.641874
vt 0.515606 0.641874
vt 0.515606 0.529372
vt 0.553107 0.529372
vt 0.590607 0.529372
vt 0.590607 0.641874
vt 0.628108 0.529372
vt 0.628108 0.566873
vt 0.628108 0.604373
vt 0.628108 0.641874
vt 0.651165 0.610137
vt 0.651165 0.593795
vt 0.667507 0.593794
vt 0.667507 0.610137
vt 0.634821 0.610137
vt 0.634821 0.593795
vt 0.618479 0.610137
vt 0.618479 0.593795
vt 0.651165 0.577452
vt 0.651165 0.561109
vt 0.667507 0.561109
vt 0.667507 0.577452
vt 0.634821 0.577452
vt 0.634821 0.561109
vt 0.618479 0.577452
vt 0.618479 0.561109
vt 0.602136 0.593795
vt 0.602136 0.610137
vt 0.585793 0.610137
vt 0.585793 0.593795
vt 0.602136 0.561109
vt 0.602136 0.577452
vt 0.585793 0.577452
vt 0.585793 0.561109
vt 0.569450 0.610137
vt 0.569450 0.593795
vt 0.569450 0.577452
vt 0.569450 0.561109
vt 0.553107 0.610137
vt 0.553107 0.593795
vt 0.553107 0.577452
vt 0.553107 0.561109
vt 0.536764 0.610137
vt 0.536764 0.593794
vt 0.536764 0.577452
vt 0.536764 0.561109
vt 0.520421 0.610137
vt 0.520421 0.593794
vt 0.520421 0.577452
vt 0.520421 0.561109
vt 0.455049 0.610137
vt 0.455049 0.593794
vt 0.471392 0.593795
vt 0.471392 0.610137
vt 0.455049 0.577452
vt 0.455049 0.561109
vt 0.471392 0.561109
vt 0.471392 0.577452
vt 0.487735 0.561109
vt 0.487735 0.577452
vt 0.487735 0.593795
vt 0.487735 0.610137
vt 0.504078 0.561109
vt 0.504078 0.577452
vt 0.504078 0.593795
vt 0.504078 0.610137
vt 0.455049 0.544765
vt 0.471392 0.544765
vt 0.585793 0.544765
vt 0.602136 0.544765
vt 0.569450 0.544765
vt 0.634821 0.544765
vt 0.618478 0.544765
vt 0.618479 0.626480
vt 0.634821 0.626480
vt 0.602136 0.626480
vt 0.585793 0.626480
vt 0.569450 0.626480
vt 0.471392 0.626480
vt 0.455049 0.626480
vt 0.651165 0.544765
vt 0.651165 0.626480
vt 0.553107 0.626480
vt 0.536764 0.626480
vt 0.553107 0.544765
vt 0.536764 0.544765
vt 0.487735 0.626480
vt 0.487735 0.544765
vt 0.667507 0.544765
vt 0.667507 0.626480
vt 0.520421 0.626480
vt 0.504078 0.626480
vt 0.520421 0.544765
vt 0.504078 0.544765
vt 0.585793 0.528423
vt 0.602136 0.528423
vt 0.569450 0.528423
vt 0.618478 0.528423
vt 0.634821 0.528423
vt 0.651165 0.528423
vt 0.553107 0.528423
vt 0.536764 0.528423
vt 0.455049 0.528423
vt 0.471392 0.528423
vt 0.667507 0.528423
vt 0.487735 0.528423
vt 0.520421 0.528423
vt 0.504078 0.528423
vt 0.585793 0.642823
vt 0.569450 0.642823
vt 0.602136 0.642823
vt 0.634821 0.642823
vt 0.618479 0.642823
vt 0.651165 0.642823
vt 0.553107 0.642823
vt 0.536764 0.642823
vt 0.667507 0.642823
vt 0.471392 0.642823
vt 0.455049 0.642823
vt 0.487735 0.642823
vt 0.504078 0.642823
vt 0.520421 0.642823
vt 0.438706 0.610137
vt 0.438706 0.593794
vt 0.438706 0.577452
vt 0.438706 0.561109
vt 0.438706 0.544765
vt 0.438706 0.626480
vt 0.478105 0.566873
vt 0.478105 0.529372
vt 0.478105 0.604373
vt 0.478105 0.641874
vt 0.438706 0.528423
vt 0.478105 0.641874
vt 0.478105 0.604373
vt 0.478105 0.566873
vt 0.438706 0.642823
vt 0.478105 0.529372
vt 0.515606 0.529372
vt 0.553107 0.529372
vt 0.553107 0.566873
vt 0.515606 0.566873
vt 0.515606 0.604373
vt 0.553107 0.604373
vt 0.553107 0.641874
vt 0.515606 0.641874
vt 0.515606 0.566873
vt 0.553107 0.566873
vt 0.553107 0.604373
vt 0.515606 0.604373
vt 0.590607 0.566873
vt 0.590607 0.604373
vt 0.590607 0.566873
vt 0.590607 0.604373
vt 0.553107 0.641874
vt 0.515606 0.641874
vt 0.515606 0.529372
vt 0.553107 0.529372
vt 0.590607 0.529372
vt 0.590607 0.641874
vt 0.628108 0.529372
vt 0.628108 0.566873
vt 0.628108 0.604373
vt 0.628108 0.641874
vt 0.651165 0.610137
vt 0.651165 0.593795
vt 0.667507 0.593794
vt 0.667507 0.610137
vt 0.634821 0.610137
vt 0.634821 0.593795
vt 0.618479 0.610137
vt 0.618479 0.593795
vt 0.651165 0.577452
vt 0.651165 0.561109
vt 0.667507 0.561109
vt 0.667507 0.577452
vt 0.634821 0.577452
vt 0.634821 0.561109
vt 0.618479 0.577452
vt 0.618479 0.561109
vt 0.602136 0.593795
vt 0.602136 0.610137
vt 0.585793 0.610137
vt 0.585793 0.593795
vt 0.602136 0.561109
vt 0.602136 0.577452
vt 0.585793 0.577452
vt 0.585793 0.561109
vt 0.569450 0.610137
vt 0.569450 0.593795
vt 0.569450 0.577452
vt 0.569450 0.561109
vt 0.553107 0.610137
vt 0.553107 0.593795
vt 0.553107 0.577452
vt 0.553107 0.561109
vt 0.536764 0.610137
vt 0.536764 0.593794
vt 0.536764 0.577452
vt 0.536764 0.561109
vt 0.520421 0.610137
vt 0.520421 0.593794
vt 0.520421 0.577452
vt 0.520421 0.561109
vt 0.455049 0.610137
vt 0.455049 0.593794
vt 0.471392 0.593795
vt 0.471392 0.610137
vt 0.455049 0.577452
vt 0.455049 0.561109
vt 0.471392 0.561109
vt 0.471392 0.577452
vt 0.487735 0.561109
vt 0.487735 0.577452
vt 0.487735 0.593795
vt 0.487735 0.610137
vt 0.504078 0.561109
vt 0.504078 0.577452
vt 0.504078 0.593795
vt 0.504078 0.610137
vt 0.455049 0.544765
vt 0.471392 0.544765
vt 0.585793 0.544765
vt 0.602136 0.544765
vt 0.569450 0.544765
vt 0.634821 0.544765
vt 0.618478 0.544765
vt 0.618479 0.626480
vt 0.634821 0.626480
vt 0.602136 0.626480
vt 0.585793 0.626480
vt 0.569450 0.626480
vt 0.471392 0.626480
vt 0.455049 0.626480
vt 0.651165 0.544765
vt 0.651165 0.626480
vt 0.553107 0.626480
vt 0.536764 0.626480
vt 0.553107 0.544765
vt 0.536764 0.544765
vt 0.487735 0.626480
vt 0.487735 0.544765
vt 0.667507 0.544765
vt 0.667507 0.626480
vt 0.520421 0.626480
vt 0.504078 0.626480
vt 0.520421 0.544765
vt 0.504078 0.544765
vt 0.585793 0.528423
vt 0.602136 0.528423
vt 0.569450 0.528423
vt 0.618478 0.528423
vt 0.634821 0.528423
vt 0.651165 0.528423
vt 0.553107 0.528423
vt 0.536764 0.528423
vt 0.455049 0.528423
vt 0.471392 0.528423
vt 0.667507 0.528423
vt 0.487735 0.528423
vt 0.520421 0.528423
vt 0.504078 0.528423
vt 0.585793 0.642823
vt 0.569450 0.642823
vt 0.602136 0.642823
vt 0.634821 0.642823
vt 0.618479 0.642823
vt 0.651165 0.642823
vt 0.553107 0.642823
vt 0.536764 0.642823
vt 0.667507 0.642823
vt 0.471392 0.642823
vt 0.455049 0.642823
vt 0.487735 0.642823
vt 0.504078 0.642823
vt 0.520421 0.642823
vt 0.438706 0.610137
vt 0.438706 0.593794
vt 0.438706 0.577452
vt 0.438706 0.561109
vt 0.438706 0.544765
vt 0.438706 0.626480
vt 0.478105 0.566873
vt 0.478105 0.529372
vt 0.478105 0.604373
vt 0.478105 0.641874
vt 0.438706 0.528423
vt 0.478105 0.641874
vt 0.478105 0.604373
vt 0.478105 0.566873
vt 0.438706 0.642823
vt 0.478105 0.529372
vt 0.230947 0.373500
vt 0.232934 0.373500
vt 0.232934 0.433102
vt 0.230947 0.433102
vt 0.234920 0.373500
vt 0.234920 0.433102
vt 0.236907 0.373500
vt 0.236907 0.433102
vt 0.238894 0.373500
vt 0.238894 0.433102
vt 0.240881 0.373500
vt 0.240881 0.433102
vt 0.242867 0.373500
vt 0.242867 0.433102
vt 0.244854 0.373500
vt 0.244854 0.433102
vt 0.246841 0.373500
vt 0.246841 0.433102
vt 0.248827 0.373500
vt 0.248827 0.433102
vt 0.250814 0.373500
vt 0.250814 0.433102
vt 0.252801 0.373500
vt 0.252801 0.433102
vt 0.254787 0.373500
vt 0.254787 0.433102
vt 0.256774 0.373500
vt 0.256774 0.433102
vt 0.258761 0.373500
vt 0.258761 0.433102
vt 0.260748 0.373500
vt 0.260748 0.433102
vt 0.262734 0.373500
vt 0.262734 0.433102
vt 0.264721 0.373500
vt 0.264721 0.433102
vt 0.266708 0.373500
vt 0.266708 0.433102
vt 0.268694 0.373500
vt 0.268694 0.433102
vt 0.270681 0.373500
vt 0.270681 0.433102
vt 0.270905 0.334070
vt 0.274432 0.340993
vt 0.250814 0.348667
vt 0.265411 0.328576
vt 0.258488 0.325048
vt 0.250814 0.323833
vt 0.243140 0.325048
vt 0.236217 0.328576
vt 0.230723 0.334070
vt 0.227196 0.340993
vt 0.225980 0.348667
vt 0.227196 0.356341
vt 0.230723 0.363264
vt 0.236217 0.368758
vt 0.243140 0.372285
vt 0.250814 0.373500
vt 0.258488 0.372285
vt 0.265411 0.368758
vt 0.270905 0.363264
vt 0.274432 0.356341
vt 0.275648 0.348667
vt 0.274432 0.465609
vt 0.270905 0.472532
vt 0.250814 0.457935
vt 0.265411 0.478026
vt 0.258488 0.481554
vt 0.250814 0.482769
vt 0.243140 0.481554
vt 0.236217 0.478026
vt 0.230723 0.472532
vt 0.227196 0.465609
vt 0.225980 0.457935
vt 0.227196 0.450261
vt 0.230723 0.443338
vt 0.236217 0.437844
vt 0.243140 0.434317
vt 0.250814 0.433102
vt 0.258488 0.434317
vt 0.265411 0.437844
vt 0.270905 0.443338
vt 0.274432 0.450261
vt 0.275648 0.457935
vt 0.799116 0.559502
vt 0.819861 0.559502
vt 0.819861 0.580248
vt 0.799116 0.580248
vt 0.799116 0.642486
vt 0.819861 0.642486
vt 0.819861 0.663232
vt 0.799116 0.663232
vt 0.778370 0.663232
vt 0.757624 0.663232
vt 0.757624 0.642486
vt 0.778370 0.642486
vt 0.757624 0.559502
vt 0.778370 0.559502
vt 0.778370 0.580248
vt 0.757624 0.580248
vt 0.736878 0.580248
vt 0.736878 0.559502
vt 0.736878 0.663232
vt 0.736878 0.642486
vt 0.882099 0.559502
vt 0.902845 0.559502
vt 0.902845 0.580248
vt 0.882099 0.580248
vt 0.840607 0.559502
vt 0.861353 0.559502
vt 0.861353 0.580248
vt 0.840607 0.580248
vt 0.861353 0.663232
vt 0.840607 0.663232
vt 0.840607 0.642486
vt 0.861353 0.642486
vt 0.902845 0.663232
vt 0.882099 0.663232
vt 0.882099 0.642486
vt 0.902845 0.642486
vt 0.923591 0.642486
vt 0.923591 0.663232
vt 0.923591 0.559502
vt 0.923591 0.580248
vt 0.898485 0.421801
vt 0.898485 0.414111
vt 0.906176 0.414111
vt 0.906176 0.421801
vt 0.906198 0.414088
vt 0.906198 0.421824
vt 0.898463 0.421824
vt 0.898463 0.414088
vt 0.898485 0.421801
vt 0.898485 0.414111
vt 0.906176 0.414111
vt 0.906176 0.421801
vt 0.906198 0.414088
vt 0.906198 0.421824
vt 0.898463 0.421824
vt 0.898463 0.414088
vt 0.865778 0.681492
vt 0.852290 0.681492
vt 0.852290 0.668003
vt 0.865778 0.668003
vt 0.799116 0.600994
vt 0.799116 0.621740
vt 0.778370 0.621740
vt 0.778370 0.600994
vt 0.757624 0.621740
vt 0.757624 0.600994
vt 0.736878 0.621740
vt 0.736878 0.600994
vt 0.843284 0.607714
vt 0.843284 0.581505
vt 0.869493 0.581505
vt 0.869493 0.607714
vt 0.831158 0.599656
vt 0.831158 0.589564
vt 0.841250 0.589564
vt 0.841250 0.599656
vt 0.851342 0.589564
vt 0.851342 0.599656
vt 0.861434 0.589564
vt 0.861434 0.599656
vt 0.871526 0.589564
vt 0.871526 0.599656
vt 0.881618 0.589564
vt 0.881618 0.599656
vt 0.830823 0.390972
vt 0.830823 0.424956
vt 0.796839 0.424956
vt 0.796839 0.390972
vt 0.762855 0.424956
vt 0.762855 0.390972
vt 0.728871 0.424956
vt 0.728871 0.390972
vt 0.863509 0.601730
vt 0.849268 0.601730
vt 0.849268 0.587489
vt 0.863509 0.587489
vt 0.830823 0.390972
vt 0.830823 0.424956
vt 0.796839 0.424956
vt 0.796839 0.390972
vt 0.762855 0.424956
vt 0.762855 0.390972
vt 0.728871 0.424956
vt 0.728871 0.390972
vt 0.833011 0.602402
vt 0.833011 0.586817
vt 0.848596 0.586817
vt 0.848596 0.602402
vt 0.852290 0.600562
vt 0.865778 0.600562
vt 0.865778 0.614050
vt 0.852290 0.614050
vt 0.865778 0.627539
vt 0.852290 0.627539
vt 0.865778 0.641027
vt 0.852290 0.641027
vt 0.865778 0.654515
vt 0.852290 0.654515
vt 0.869493 0.633924
vt 0.843284 0.633924
vt 0.838802 0.681492
vt 0.838802 0.668003
vt 0.871526 0.609748
vt 0.861434 0.609748
vt 0.851342 0.609748
vt 0.841250 0.609748
vt 0.831158 0.609748
vt 0.762855 0.356989
vt 0.796839 0.356989
vt 0.838802 0.627539
vt 0.838802 0.614050
vt 0.762855 0.356989
vt 0.796839 0.356989
vt 0.838802 0.654515
vt 0.838802 0.641027
vt 0.877750 0.587489
vt 0.877750 0.601730
vt 0.848596 0.617987
vt 0.833011 0.617987
vt 0.838802 0.600562
vt 0.881618 0.609748
vt 0.830823 0.356989
vt 0.728871 0.356989
vt 0.830823 0.356989
vt 0.728871 0.356989
vt 0.869493 0.555296
vt 0.843284 0.555296
vt 0.841250 0.579472
vt 0.831158 0.579472
vt 0.851342 0.579472
vt 0.861434 0.579472
vt 0.871526 0.579472
vt 0.881618 0.579472
vt 0.830823 0.458940
vt 0.796839 0.458940
vt 0.762855 0.458940
vt 0.728871 0.458940
vt 0.835027 0.601730
vt 0.835027 0.587489
vt 0.830823 0.458940
vt 0.796839 0.458940
vt 0.762855 0.458940
vt 0.728871 0.458940
vt 0.848596 0.571232
vt 0.833011 0.571232
vt 0.879267 0.614050
vt 0.879267 0.600562
vt 0.879267 0.627539
vt 0.879267 0.641027
vt 0.879267 0.654515
vt 0.879267 0.668003
vt 0.879267 0.681492
vt 0.852290 0.587074
vt 0.865778 0.587074
vt 0.838802 0.587074
vt 0.879267 0.587074
vt 0.838802 0.573585
vt 0.852290 0.573585
vt 0.865778 0.573585
vt 0.879267 0.573585
vt 0.852290 0.533120
vt 0.865778 0.533120
vt 0.865778 0.546609
vt 0.852290 0.546609
vt 0.838802 0.533120
vt 0.838802 0.546609
vt 0.879267 0.533120
vt 0.879267 0.546609
vt 0.865778 0.560097
vt 0.852290 0.560097
vt 0.838802 0.560097
vt 0.879267 0.560097
vt 0.944337 0.580248
vt 0.944337 0.559502
vt 0.965083 0.559502
vt 0.965083 0.580248
vt 0.944337 0.642486
vt 0.944337 0.663232
vt 0.965083 0.642486
vt 0.965083 0.663232
vt 0.515606 0.529372
vt 0.553107 0.529372
vt 0.553107 0.566873
vt 0.515606 0.566873
vt 0.515606 0.604373
vt 0.553107 0.604373
vt 0.553107 0.641874
vt 0.515606 0.641874
vt 0.515606 0.566873
vt 0.553107 0.566873
vt 0.553107 0.604373
vt 0.515606 0.604373
vt 0.590607 0.566873
vt 0.590607 0.604373
vt 0.590607 0.566873
vt 0.590607 0.604373
vt 0.553107 0.641874
vt 0.515606 0.641874
vt 0.515606 0.529372
vt 0.553107 0.529372
vt 0.590607 0.529372
vt 0.590607 0.641874
vt 0.628108 0.529372
vt 0.628108 0.566873
vt 0.628108 0.604373
vt 0.628108 0.641874
vt 0.651165 0.610137
vt 0.651165 0.593795
vt 0.667507 0.593794
vt 0.667507 0.610137
vt 0.634821 0.610137
vt 0.634821 0.593795
vt 0.618479 0.610137
vt 0.618479 0.593795
vt 0.651165 0.577452
vt 0.651165 0.561109
vt 0.667507 0.561109
vt 0.667507 0.577452
vt 0.634821 0.577452
vt 0.634821 0.561109
vt 0.618479 0.577452
vt 0.618479 0.561109
vt 0.602136 0.593795
vt 0.602136 0.610137
vt 0.585793 0.610137
vt 0.585793 0.593795
vt 0.602136 0.561109
vt 0.602136 0.577452
vt 0.585793 0.577452
vt 0.585793 0.561109
vt 0.569450 0.610137
vt 0.569450 0.593795
vt 0.569450 0.577452
vt 0.569450 0.561109
vt 0.553107 0.610137
vt 0.553107 0.593795
vt 0.553107 0.577452
vt 0.553107 0.561109
vt 0.536764 0.610137
vt 0.536764 0.593794
vt 0.536764 0.577452
vt 0.536764 0.561109
vt 0.520421 0.610137
vt 0.520421 0.593794
vt 0.520421 0.577452
vt 0.520421 0.561109
vt 0.455049 0.610137
vt 0.455049 0.593794
vt 0.471392 0.593795
vt 0.471392 0.610137
vt 0.455049 0.577452
vt 0.455049 0.561109
vt 0.471392 0.561109
vt 0.471392 0.577452
vt 0.487735 0.561109
vt 0.487735 0.577452
vt 0.487735 0.593795
vt 0.487735 0.610137
vt 0.504078 0.561109
vt 0.504078 0.577452
vt 0.504078 0.593795
vt 0.504078 0.610137
vt 0.455049 0.544765
vt 0.471392 0.544765
vt 0.585793 0.544765
vt 0.602136 0.544765
vt 0.569450 0.544765
vt 0.634821 0.544765
vt 0.618478 0.544765
vt 0.618479 0.626480
vt 0.634821 0.626480
vt 0.602136 0.626480
vt 0.585793 0.626480
vt 0.569450 0.626480
vt 0.471392 0.626480
vt 0.455049 0.626480
vt 0.651165 0.544765
vt 0.651165 0.626480
vt 0.553107 0.626480
vt 0.536764 0.626480
vt 0.553107 0.544765
vt 0.536764 0.544765
vt 0.487735 0.626480
vt 0.487735 0.544765
vt 0.667507 0.544765
vt 0.667507 0.626480
vt 0.520421 0.626480
vt 0.504078 0.626480
vt 0.520421 0.544765
vt 0.504078 0.544765
vt 0.585793 0.528423
vt 0.602136 0.528423
vt 0.569450 0.528423
vt 0.618478 0.528423
vt 0.634821 0.528423
vt 0.651165 0.528423
vt 0.553107 0.528423
vt 0.536764 0.528423
vt 0.455049 0.528423
vt 0.471392 0.528423
vt 0.667507 0.528423
vt 0.487735 0.528423
vt 0.520421 0.528423
vt 0.504078 0.528423
vt 0.585793 0.642823
vt 0.569450 0.642823
vt 0.602136 0.642823
vt 0.634821 0.642823
vt 0.618479 0.642823
vt 0.651165 0.642823
vt 0.553107 0.642823
vt 0.536764 0.642823
vt 0.667507 0.642823
vt 0.471392 0.642823
vt 0.455049 0.642823
vt 0.487735 0.642823
vt 0.504078 0.642823
vt 0.520421 0.642823
vt 0.438706 0.610137
vt 0.438706 0.593794
vt 0.438706 0.577452
vt 0.438706 0.561109
vt 0.438706 0.544765
vt 0.438706 0.626480
vt 0.478105 0.566873
vt 0.478105 0.529372
vt 0.478105 0.604373
vt 0.478105 0.641874
vt 0.438706 0.528423
vt 0.478105 0.641874
vt 0.478105 0.604373
vt 0.478105 0.566873
vt 0.438706 0.642823
vt 0.478105 0.529372
vt 0.515606 0.529372
vt 0.553107 0.529372
vt 0.553107 0.566873
vt 0.515606 0.566873
vt 0.515606 0.604373
vt 0.553107 0.604373
vt 0.553107 0.641874
vt 0.515606 0.641874
vt 0.515606 0.566873
vt 0.553107 0.566873
vt 0.553107 0.604373
vt 0.515606 0.604373
vt 0.590607 0.566873
vt 0.590607 0.604373
vt 0.590607 0.566873
vt 0.590607 0.604373
vt 0.553107 0.641874
vt 0.515606 0.641874
vt 0.515606 0.529372
vt 0.553107 0.529372
vt 0.590607 0.529372
vt 0.590607 0.641874
vt 0.628108 0.529372
vt 0.628108 0.566873
vt 0.628108 0.604373
vt 0.628108 0.641874
vt 0.651165 0.610137
vt 0.651165 0.593795
vt 0.667507 0.593794
vt 0.667507 0.610137
vt 0.634821 0.610137
vt 0.634821 0.593795
vt 0.618479 0.610137
vt 0.618479 0.593795
vt 0.651165 0.577452
vt 0.651165 0.561109
vt 0.667507 0.561109
vt 0.667507 0.577452
vt 0.634821 0.577452
vt 0.634821 0.561109
vt 0.618479 0.577452
vt 0.618479 0.561109
vt 0.602136 0.593795
vt 0.602136 0.610137
vt 0.585793 0.610137
vt 0.585793 0.593795
vt 0.602136 0.561109
vt 0.602136 0.577452
vt 0.585793 0.577452
vt 0.585793 0.561109
vt 0.569450 0.610137
vt 0.569450 0.593795
vt 0.569450 0.577452
vt 0.569450 0.561109
vt 0.553107 0.610137
vt 0.553107 0.593795
vt 0.553107 0.577452
vt 0.553107 0.561109
vt 0.536764 0.610137
vt 0.536764 0.593794
vt 0.536764 0.577452
vt 0.536764 0.561109
vt 0.520421 0.610137
vt 0.520421 0.593794
vt 0.520421 0.577452
vt 0.520421 0.561109
vt 0.455049 0.610137
vt 0.455049 0.593794
vt 0.471392 0.593795
vt 0.471392 0.610137
vt 0.455049 0.577452
vt 0.455049 0.561109
vt 0.471392 0.561109
vt 0.471392 0.577452
vt 0.487735 0.561109
vt 0.487735 0.577452
vt 0.487735 0.593795
vt 0.487735 0.610137
vt 0.504078 0.561109
vt 0.504078 0.577452
vt 0.504078 0.593795
vt 0.504078 0.610137
vt 0.455049 0.544765
vt 0.471392 0.544765
vt 0.585793 0.544765
vt 0.602136 0.544765
vt 0.569450 0.544765
vt 0.634821 0.544765
vt 0.618478 0.544765
vt 0.618479 0.626480
vt 0.634821 0.626480
vt 0.602136 0.626480
vt 0.585793 0.626480
vt 0.569450 0.626480
vt 0.471392 0.626480
vt 0.455049 0.626480
vt 0.651165 0.544765
vt 0.651165 0.626480
vt 0.553107 0.626480
vt 0.536764 0.626480
vt 0.553107 0.544765
vt 0.536764 0.544765
vt 0.487735 0.626480
vt 0.487735 0.544765
vt 0.667507 0.544765
vt 0.667507 0.626480
vt 0.520421 0.626480
vt 0.504078 0.626480
vt 0.520421 0.544765
vt 0.504078 0.544765
vt 0.585793 0.528423
vt 0.602136 0.528423
vt 0.569450 0.528423
vt 0.618478 0.528423
vt 0.634821 0.528423
vt 0.651165 0.528423
vt 0.553107 0.528423
vt 0.536764 0.528423
vt 0.455049 0.528423
vt 0.471392 0.528423
vt 0.667507 0.528423
vt 0.487735 0.528423
vt 0.520421 0.528423
vt 0.504078 0.528423
vt 0.585793 0.642823
vt 0.569450 0.642823
vt 0.602136 0.642823
vt 0.634821 0.642823
vt 0.618479 0.642823
vt 0.651165 0.642823
vt 0.553107 0.642823
vt 0.536764 0.642823
vt 0.667507 0.642823
vt 0.471392 0.642823
vt 0.455049 0.642823
vt 0.487735 0.642823
vt 0.504078 0.642823
vt 0.520421 0.642823
vt 0.438706 0.610137
vt 0.438706 0.593794
vt 0.438706 0.577452
vt 0.438706 0.561109
vt 0.438706 0.544765
vt 0.438706 0.626480
vt 0.478105 0.566873
vt 0.478105 0.529372
vt 0.478105 0.604373
vt 0.478105 0.641874
vt 0.438706 0.528423
vt 0.478105 0.641874
vt 0.478105 0.604373
vt 0.478105 0.566873
vt 0.438706 0.642823
vt 0.478105 0.529372
vt 0.230947 0.373500
vt 0.232934 0.373500
vt 0.232934 0.433102
vt 0.230947 0.433102
vt 0.234920 0.373500
vt 0.234920 0.433102
vt 0.236907 0.373500
vt 0.236907 0.433102
vt 0.238894 0.373500
vt 0.238894 0.433102
vt 0.240881 0.373500
vt 0.240881 0.433102
vt 0.242867 0.373500
vt 0.242867 0.433102
vt 0.244854 0.373500
vt 0.244854 0.433102
vt 0.246841 0.373500
vt 0.246841 0.433102
vt 0.248827 0.373500
vt 0.248827 0.433102
vt 0.250814 0.373500
vt 0.250814 0.433102
vt 0.252801 0.373500
vt 0.252801 0.433102
vt 0.254787 0.373500
vt 0.254787 0.433102
vt 0.256774 0.373500
vt 0.256774 0.433102
vt 0.258761 0.373500
vt 0.258761 0.433102
vt 0.260748 0.373500
vt 0.260748 0.433102
vt 0.262734 0.373500
vt 0.262734 0.433102
vt 0.264721 0.373500
vt 0.264721 0.433102
vt 0.266708 0.373500
vt 0.266708 0.433102
vt 0.268694 0.373500
vt 0.268694 0.433102
vt 0.270681 0.373500
vt 0.270681 0.433102
vt 0.270905 0.334070
vt 0.274432 0.340993
vt 0.250814 0.348667
vt 0.265411 0.328576
vt 0.258488 0.325048
vt 0.250814 0.323833
vt 0.243140 0.325048
vt 0.236217 0.328576
vt 0.230723 0.334070
vt 0.227196 0.340993
vt 0.225980 0.348667
vt 0.227196 0.356341
vt 0.230723 0.363264
vt 0.236217 0.368758
vt 0.243140 0.372285
vt 0.250814 0.373500
vt 0.258488 0.372285
vt 0.265411 0.368758
vt 0.270905 0.363264
vt 0.274432 0.356341
vt 0.275648 0.348667
vt 0.274432 0.465609
vt 0.270905 0.472532
vt 0.250814 0.457935
vt 0.265411 0.478026
vt 0.258488 0.481554
vt 0.250814 0.482769
vt 0.243140 0.481554
vt 0.236217 0.478026
vt 0.230723 0.472532
vt 0.227196 0.465609
vt 0.225980 0.457935
vt 0.227196 0.450261
vt 0.230723 0.443338
vt 0.236217 0.437844
vt 0.243140 0.434317
vt 0.250814 0.433102
vt 0.258488 0.434317
vt 0.265411 0.437844
vt 0.270905 0.443338
vt 0.274432 0.450261
vt 0.275648 0.457935
vt 0.799116 0.559502
vt 0.819861 0.559502
vt 0.819861 0.580248
vt 0.799116 0.580248
vt 0.799116 0.642486
vt 0.819861 0.642486
vt 0.819861 0.663232
vt 0.799116 0.663232
vt 0.778370 0.663232
vt 0.757624 0.663232
vt 0.757624 0.642486
vt 0.778370 0.642486
vt 0.757624 0.559502
vt 0.778370 0.559502
vt 0.778370 0.580248
vt 0.757624 0.580248
vt 0.736878 0.580248
vt 0.736878 0.559502
vt 0.736878 0.663232
vt 0.736878 0.642486
vt 0.882099 0.559502
vt 0.902845 0.559502
vt 0.902845 0.580248
vt 0.882099 0.580248
vt 0.840607 0.559502
vt 0.861353 0.559502
vt 0.861353 0.580248
vt 0.840607 0.580248
vt 0.861353 0.663232
vt 0.840607 0.663232
vt 0.840607 0.642486
vt 0.861353 0.642486
vt 0.902845 0.663232
vt 0.882099 0.663232
vt 0.882099 0.642486
vt 0.902845 0.642486
vt 0.923591 0.642486
vt 0.923591 0.663232
vt 0.923591 0.559502
vt 0.923591 0.580248
vt 0.898485 0.421801
vt 0.898485 0.414111
vt 0.906176 0.414111
vt 0.906176 0.421801
vt 0.906198 0.414088
vt 0.906198 0.421824
vt 0.898463 0.421824
vt 0.898463 0.414088
vt 0.898485 0.421801
vt 0.898485 0.414111
vt 0.906176 0.414111
vt 0.906176 0.421801
vt 0.906198 0.414088
vt 0.906198 0.421824
vt 0.898463 0.421824
vt 0.898463 0.414088
vt 0.865778 0.681492
vt 0.852290 0.681492
vt 0.852290 0.668003
vt 0.865778 0.668003
vt 0.799116 0.600994
vt 0.799116 0.621740
vt 0.778370 0.621740
vt 0.778370 0.600994
vt 0.757624 0.621740
vt 0.757624 0.600994
vt 0.736878 0.621740
vt 0.736878 0.600994
vt 0.843284 0.607714
vt 0.843284 0.581505
vt 0.869493 0.581505
vt 0.869493 0.607714
vt 0.831158 0.599656
vt 0.831158 0.589564
vt 0.841250 0.589564
vt 0.841250 0.599656
vt 0.851342 0.589564
vt 0.851342 0.599656
vt 0.861434 0.589564
vt 0.861434 0.599656
vt 0.871526 0.589564
vt 0.871526 0.599656
vt 0.881618 0.589564
vt 0.881618 0.599656
vt 0.830823 0.390972
vt 0.830823 0.424956
vt 0.796839 0.424956
vt 0.796839 0.390972
vt 0.762855 0.424956
vt 0.762855 0.390972
vt 0.728871 0.424956
vt 0.728871 0.390972
vt 0.863509 0.601730
vt 0.849268 0.601730
vt 0.849268 0.587489
vt 0.863509 0.587489
vt 0.830823 0.390972
vt 0.830823 0.424956
vt 0.796839 0.424956
vt 0.796839 0.390972
vt 0.762855 0.424956
vt 0.762855 0.390972
vt 0.728871 0.424956
vt 0.728871 0.390972
vt 0.833011 0.602402
vt 0.833011 0.586817
vt 0.848596 0.586817
vt 0.848596 0.602402
vt 0.852290 0.600562
vt 0.865778 0.600562
vt 0.865778 0.614050
vt 0.852290 0.614050
vt 0.865778 0.627539
vt 0.852290 0.627539
vt 0.865778 0.641027
vt 0.852290 0.641027
vt 0.865778 0.654515
vt 0.852290 0.654515
vt 0.869493 0.633924
vt 0.843284 0.633924
vt 0.838802 0.681492
vt 0.838802 0.668003
vt 0.871526 0.609748
vt 0.861434 0.609748
vt 0.851342 0.609748
vt 0.841250 0.609748
vt 0.831158 0.609748
vt 0.762855 0.356989
vt 0.796839 0.356989
vt 0.838802 0.627539
vt 0.838802 0.614050
vt 0.762855 0.356989
vt 0.796839 0.356989
vt 0.838802 0.654515
vt 0.838802 0.641027
vt 0.877750 0.587489
vt 0.877750 0.601730
vt 0.848596 0.617987
vt 0.833011 0.617987
vt 0.838802 0.600562
vt 0.881618 0.609748
vt 0.830823 0.356989
vt 0.728871 0.356989
vt 0.830823 0.356989
vt 0.728871 0.356989
vt 0.869493 0.555296
vt 0.843284 0.555296
vt 0.841250 0.579472
vt 0.831158 0.579472
vt 0.851342 0.579472
vt 0.861434 0.579472
vt 0.871526 0.579472
vt 0.881618 0.579472
vt 0.830823 0.458940
vt 0.796839 0.458940
vt 0.762855 0.458940
vt 0.728871 0.458940
vt 0.835027 0.601730
vt 0.835027 0.587489
vt 0.830823 0.458940
vt 0.796839 0.458940
vt 0.762855 0.458940
vt 0.728871 0.458940
vt 0.848596 0.571232
vt 0.833011 0.571232
vt 0.879267 0.614050
vt 0.879267 0.600562
vt 0.879267 0.627539
vt 0.879267 0.641027
vt 0.879267 0.654515
vt 0.879267 0.668003
vt 0.879267 0.681492
vt 0.852290 0.587074
vt 0.865778 0.587074
vt 0.838802 0.587074
vt 0.879267 0.587074
vt 0.838802 0.573585
vt 0.852290 0.573585
vt 0.865778 0.573585
vt 0.879267 0.573585
vt 0.852290 0.533120
vt 0.865778 0.533120
vt 0.865778 0.546609
vt 0.852290 0.546609
vt 0.838802 0.533120
vt 0.838802 0.546609
vt 0.879267 0.533120
vt 0.879267 0.546609
vt 0.865778 0.560097
vt 0.852290 0.560097
vt 0.838802 0.560097
vt 0.879267 0.560097
vt 0.944337 0.580248
vt 0.944337 0.559502
vt 0.965083 0.559502
vt 0.965083 0.580248
vt 0.944337 0.642486
vt 0.944337 0.663232
vt 0.965083 0.642486
vt 0.965083 0.663232
vt 0.515606 0.529372
vt 0.553107 0.529372
vt 0.553107 0.566873
vt 0.515606 0.566873
vt 0.515606 0.604373
vt 0.553107 0.604373
vt 0.553107 0.641874
vt 0.515606 0.641874
vt 0.515606 0.566873
vt 0.553107 0.566873
vt 0.553107 0.604373
vt 0.515606 0.604373
vt 0.590607 0.566873
vt 0.590607 0.604373
vt 0.590607 0.566873
vt 0.590607 0.604373
vt 0.553107 0.641874
vt 0.515606 0.641874
vt 0.515606 0.529372
vt 0.553107 0.529372
vt 0.590607 0.529372
vt 0.590607 0.641874
vt 0.628108 0.529372
vt 0.628108 0.566873
vt 0.628108 0.604373
vt 0.628108 0.641874
vt 0.651165 0.610137
vt 0.651165 0.593795
vt 0.667507 0.593794
vt 0.667507 0.610137
vt 0.634821 0.610137
vt 0.634821 0.593795
vt 0.618479 0.610137
vt 0.618479 0.593795
vt 0.651165 0.577452
vt 0.651165 0.561109
vt 0.667507 0.561109
vt 0.667507 0.577452
vt 0.634821 0.577452
vt 0.634821 0.561109
vt 0.618479 0.577452
vt 0.618479 0.561109
vt 0.602136 0.593795
vt 0.602136 0.610137
vt 0.585793 0.610137
vt 0.585793 0.593795
vt 0.602136 0.561109
vt 0.602136 0.577452
vt 0.585793 0.577452
vt 0.585793 0.561109
vt 0.569450 0.610137
vt 0.569450 0.593795
vt 0.569450 0.577452
vt 0.569450 0.561109
vt 0.553107 0.610137
vt 0.553107 0.593795
vt 0.553107 0.577452
vt 0.553107 0.561109
vt 0.536764 0.610137
vt 0.536764 0.593794
vt 0.536764 0.577452
vt 0.536764 0.561109
vt 0.520421 0.610137
vt 0.520421 0.593794
vt 0.520421 0.577452
vt 0.520421 0.561109
vt 0.455049 0.610137
vt 0.455049 0.593794
vt 0.471392 0.593795
vt 0.471392 0.610137
vt 0.455049 0.577452
vt 0.455049 0.561109
vt 0.471392 0.561109
vt 0.471392 0.577452
vt 0.487735 0.561109
vt 0.487735 0.577452
vt 0.487735 0.593795
vt 0.487735 0.610137
vt 0.504078 0.561109
vt 0.504078 0.577452
vt 0.504078 0.593795
vt 0.504078 0.610137
vt 0.455049 0.544765
vt 0.471392 0.544765
vt 0.585793 0.544765
vt 0.602136 0.544765
vt 0.569450 0.544765
vt 0.634821 0.544765
vt 0.618478 0.544765
vt 0.618479 0.626480
vt 0.634821 0.626480
vt 0.602136 0.626480
vt 0.585793 0.626480
vt 0.569450 0.626480
vt 0.471392 0.626480
vt 0.455049 0.626480
vt 0.651165 0.544765
vt 0.651165 0.626480
vt 0.553107 0.626480
vt 0.536764 0.626480
vt 0.553107 0.544765
vt 0.536764 0.544765
vt 0.487735 0.626480
vt 0.487735 0.544765
vt 0.667507 0.544765
vt 0.667507 0.626480
vt 0.520421 0.626480
vt 0.504078 0.626480
vt 0.520421 0.544765
vt 0.504078 0.544765
vt 0.585793 0.528423
vt 0.602136 0.528423
vt 0.569450 0.528423
vt 0.618478 0.528423
vt 0.634821 0.528423
vt 0.651165 0.528423
vt 0.553107 0.528423
vt 0.536764 0.528423
vt 0.455049 0.528423
vt 0.471392 0.528423
vt 0.667507 0.528423
vt 0.487735 0.528423
vt 0.520421 0.528423
vt 0.504078 0.528423
vt 0.585793 0.642823
vt 0.569450 0.642823
vt 0.602136 0.642823
vt 0.634821 0.642823
vt 0.618479 0.642823
vt 0.651165 0.642823
vt 0.553107 0.642823
vt 0.536764 0.642823
vt 0.667507 0.642823
vt 0.471392 0.642823
vt 0.455049 0.642823
vt 0.487735 0.642823
vt 0.504078 0.642823
vt 0.520421 0.642823
vt 0.438706 0.610137
vt 0.438706 0.593794
vt 0.438706 0.577452
vt 0.438706 0.561109
vt 0.438706 0.544765
vt 0.438706 0.626480
vt 0.478105 0.566873
vt 0.478105 0.529372
vt 0.478105 0.604373
vt 0.478105 0.641874
vt 0.438706 0.528423
vt 0.478105 0.641874
vt 0.478105 0.604373
vt 0.478105 0.566873
vt 0.438706 0.642823
vt 0.478105 0.529372
vt 0.515606 0.529372
vt 0.553107 0.529372
vt 0.553107 0.566873
vt 0.515606 0.566873
vt 0.515606 0.604373
vt 0.553107 0.604373
vt 0.553107 0.641874
vt 0.515606 0.641874
vt 0.515606 0.566873
vt 0.553107 0.566873
vt 0.553107 0.604373
vt 0.515606 0.604373
vt 0.590607 0.566873
vt 0.590607 0.604373
vt 0.590607 0.566873
vt 0.590607 0.604373
vt 0.553107 0.641874
vt 0.515606 0.641874
vt 0.515606 0.529372
vt 0.553107 0.529372
vt 0.590607 0.529372
vt 0.590607 0.641874
vt 0.628108 0.529372
vt 0.628108 0.566873
vt 0.628108 0.604373
vt 0.628108 0.641874
vt 0.651165 0.610137
vt 0.651165 0.593795
vt 0.667507 0.593794
vt 0.667507 0.610137
vt 0.634821 0.610137
vt 0.634821 0.593795
vt 0.618479 0.610137
vt 0.618479 0.593795
vt 0.651165 0.577452
vt 0.651165 0.561109
vt 0.667507 0.561109
vt 0.667507 0.577452
vt 0.634821 0.577452
vt 0.634821 0.561109
vt 0.618479 0.577452
vt 0.618479 0.561109
vt 0.602136 0.593795
vt 0.602136 0.610137
vt 0.585793 0.610137
vt 0.585793 0.593795
vt 0.602136 0.561109
vt 0.602136 0.577452
vt 0.585793 0.577452
vt 0.585793 0.561109
vt 0.569450 0.610137
vt 0.569450 0.593795
vt 0.569450 0.577452
vt 0.569450 0.561109
vt 0.553107 0.610137
vt 0.553107 0.593795
vt 0.553107 0.577452
vt 0.553107 0.561109
vt 0.536764 0.610137
vt 0.536764 0.593794
vt 0.536764 0.577452
vt 0.536764 0.561109
vt 0.520421 0.610137
vt 0.520421 0.593794
vt 0.520421 0.577452
vt 0.520421 0.561109
vt 0.455049 0.610137
vt 0.455049 0.593794
vt 0.471392 0.593795
vt 0.471392 0.610137
vt 0.455049 0.577452
vt 0.455049 0.561109
vt 0.471392 0.561109
vt 0.471392 0.577452
vt 0.487735 0.561109
vt 0.487735 0.577452
vt 0.487735 0.593795
vt 0.487735 0.610137
vt 0.504078 0.561109
vt 0.504078 0.577452
vt 0.504078 0.593795
vt 0.504078 0.610137
vt 0.455049 0.544765
vt 0.471392 0.544765
vt 0.585793 0.544765
vt 0.602136 0.544765
vt 0.569450 0.544765
vt 0.634821 0.544765
vt 0.618478 0.544765
vt 0.618479 0.626480
vt 0.634821 0.626480
vt 0.602136 0.626480
vt 0.585793 0.626480
vt 0.569450 0.626480
vt 0.471392 0.626480
vt 0.455049 0.626480
vt 0.651165 0.544765
vt 0.651165 0.626480
vt 0.553107 0.626480
vt 0.536764 0.626480
vt 0.553107 0.544765
vt 0.536764 0.544765
vt 0.487735 0.626480
vt 0.487735 0.544765
vt 0.667507 0.544765
vt 0.667507 0.626480
vt 0.520421 0.626480
vt 0.504078 0.626480
vt 0.520421 0.544765
vt 0.504078 0.544765
vt 0.585793 0.528423
vt 0.602136 0.528423
vt 0.569450 0.528423
vt 0.618478 0.528423
vt 0.634821 0.528423
vt 0.651165 0.528423
vt 0.553107 0.528423
vt 0.536764 0.528423
vt 0.455049 0.528423
vt 0.471392 0.528423
vt 0.667507 0.528423
vt 0.487735 0.528423
vt 0.520421 0.528423
vt 0.504078 0.528423
vt 0.585793 0.642823
vt 0.569450 0.642823
vt 0.602136 0.642823
vt 0.634821 0.642823
vt 0.618479 0.642823
vt 0.651165 0.642823
vt 0.553107 0.642823
vt 0.536764 0.642823
vt 0.667507 0.642823
vt 0.471392 0.642823
vt 0.455049 0.642823
vt 0.487735 0.642823
vt 0.504078 0.642823
vt 0.520421 0.642823
vt 0.438706 0.610137
vt 0.438706 0.593794
vt 0.438706 0.577452
vt 0.438706 0.561109
vt 0.438706 0.544765
vt 0.438706 0.626480
vt 0.478105 0.566873
vt 0.478105 0.529372
vt 0.478105 0.604373
vt 0.478105 0.641874
vt 0.438706 0.528423
vt 0.478105 0.641874
vt 0.478105 0.604373
vt 0.478105 0.566873
vt 0.438706 0.642823
vt 0.478105 0.529372
vt 0.230947 0.373500
vt 0.232934 0.373500
vt 0.232934 0.433102
vt 0.230947 0.433102
vt 0.234920 0.373500
vt 0.234920 0.433102
vt 0.236907 0.373500
vt 0.236907 0.433102
vt 0.238894 0.373500
vt 0.238894 0.433102
vt 0.240881 0.373500
vt 0.240881 0.433102
vt 0.242867 0.373500
vt 0.242867 0.433102
vt 0.244854 0.373500
vt 0.244854 0.433102
vt 0.246841 0.373500
vt 0.246841 0.433102
vt 0.248827 0.373500
vt 0.248827 0.433102
vt 0.250814 0.373500
vt 0.250814 0.433102
vt 0.252801 0.373500
vt 0.252801 0.433102
vt 0.254787 0.373500
vt 0.254787 0.433102
vt 0.256774 0.373500
vt 0.256774 0.433102
vt 0.258761 0.373500
vt 0.258761 0.433102
vt 0.260748 0.373500
vt 0.260748 0.433102
vt 0.262734 0.373500
vt 0.262734 0.433102
vt 0.264721 0.373500
vt 0.264721 0.433102
vt 0.266708 0.373500
vt 0.266708 0.433102
vt 0.268694 0.373500
vt 0.268694 0.433102
vt 0.270681 0.373500
vt 0.270681 0.433102
vt 0.270905 0.334070
vt 0.274432 0.340993
vt 0.250814 0.348667
vt 0.265411 0.328576
vt 0.258488 0.325048
vt 0.250814 0.323833
vt 0.243140 0.325048
vt 0.236217 0.328576
vt 0.230723 0.334070
vt 0.227196 0.340993
vt 0.225980 0.348667
vt 0.227196 0.356341
vt 0.230723 0.363264
vt 0.236217 0.368758
vt 0.243140 0.372285
vt 0.250814 0.373500
vt 0.258488 0.372285
vt 0.265411 0.368758
vt 0.270905 0.363264
vt 0.274432 0.356341
vt 0.275648 0.348667
vt 0.274432 0.465609
vt 0.270905 0.472532
vt 0.250814 0.457935
vt 0.265411 0.478026
vt 0.258488 0.481554
vt 0.250814 0.482769
vt 0.243140 0.481554
vt 0.236217 0.478026
vt 0.230723 0.472532
vt 0.227196 0.465609
vt 0.225980 0.457935
vt 0.227196 0.450261
vt 0.230723 0.443338
vt 0.236217 0.437844
vt 0.243140 0.434317
vt 0.250814 0.433102
vt 0.258488 0.434317
vt 0.265411 0.437844
vt 0.270905 0.443338
vt 0.274432 0.450261
vt 0.275648 0.457935
vt 0.799116 0.559502
vt 0.819861 0.559502
vt 0.819861 0.580248
vt 0.799116 0.580248
vt 0.799116 0.642486
vt 0.819861 0.642486
vt 0.819861 0.663232
vt 0.799116 0.663232
vt 0.778370 0.663232
vt 0.757624 0.663232
vt 0.757624 0.642486
vt 0.778370 0.642486
vt 0.757624 0.559502
vt 0.778370 0.559502
vt 0.778370 0.580248
vt 0.757624 0.580248
vt 0.736878 0.580248
vt 0.736878 0.559502
vt 0.736878 0.663232
vt 0.736878 0.642486
vt 0.882099 0.559502
vt 0.902845 0.559502
vt 0.902845 0.580248
vt 0.882099 0.580248
vt 0.840607 0.559502
vt 0.861353 0.559502
vt 0.861353 0.580248
vt 0.840607 0.580248
vt 0.861353 0.663232
vt 0.840607 0.663232
vt 0.840607 0.642486
vt 0.861353 0.642486
vt 0.902845 0.663232
vt 0.882099 0.663232
vt 0.882099 0.642486
vt 0.902845 0.642486
vt 0.923591 0.642486
vt 0.923591 0.663232
vt 0.923591 0.559502
vt 0.923591 0.580248
vt 0.898485 0.421801
vt 0.898485 0.414111
vt 0.906176 0.414111
vt 0.906176 0.421801
vt 0.906198 0.414088
vt 0.906198 0.421824
vt 0.898463 0.421824
vt 0.898463 0.414088
vt 0.898485 0.421801
vt 0.898485 0.414111
vt 0.906176 0.414111
vt 0.906176 0.421801
vt 0.906198 0.414088
vt 0.906198 0.421824
vt 0.898463 0.421824
vt 0.898463 0.414088
vt 0.865778 0.681492
vt 0.852290 0.681492
vt 0.852290 0.668003
vt 0.865778 0.668003
vt 0.799116 0.600994
vt 0.799116 0.621740
vt 0.778370 0.621740
vt 0.778370 0.600994
vt 0.757624 0.621740
vt 0.757624 0.600994
vt 0.736878 0.621740
vt 0.736878 0.600994
vt 0.843284 0.607714
vt 0.843284 0.581505
vt 0.869493 0.581505
vt 0.869493 0.607714
vt 0.831158 0.599656
vt 0.831158 0.589564
vt 0.841250 0.589564
vt 0.841250 0.599656
vt 0.851342 0.589564
vt 0.851342 0.599656
vt 0.861434 0.589564
vt 0.861434 0.599656
vt 0.871526 0.589564
vt 0.871526 0.599656
vt 0.881618 0.589564
vt 0.881618 0.599656
vt 0.830823 0.390972
vt 0.830823 0.424956
vt 0.796839 0.424956
vt 0.796839 0.390972
vt 0.762855 0.424956
vt 0.762855 0.390972
vt 0.728871 0.424956
vt 0.728871 0.390972
vt 0.863509 0.601730
vt 0.849268 0.601730
vt 0.849268 0.587489
vt 0.863509 0.587489
vt 0.830823 0.390972
vt 0.830823 0.424956
vt 0.796839 0.424956
vt 0.796839 0.390972
vt 0.762855 0.424956
vt 0.762855 0.390972
vt 0.728871 0.424956
vt 0.728871 0.390972
vt 0.833011 0.602402
vt 0.833011 0.586817
vt 0.848596 0.586817
vt 0.848596 0.602402
vt 0.852290 0.600562
vt 0.865778 0.600562
vt 0.865778 0.614050
vt 0.852290 0.614050
vt 0.865778 0.627539
vt 0.852290 0.627539
vt 0.865778 0.641027
vt 0.852290 0.641027
vt 0.865778 0.654515
vt 0.852290 0.654515
vt 0.869493 0.633924
vt 0.843284 0.633924
vt 0.838802 0.681492
vt 0.838802 0.668003
vt 0.871526 0.609748
vt 0.861434 0.609748
vt 0.851342 0.609748
vt 0.841250 0.609748
vt 0.831158 0.609748
vt 0.762855 0.356989
vt 0.796839 0.356989
vt 0.838802 0.627539
vt 0.838802 0.614050
vt 0.762855 0.356989
vt 0.796839 0.356989
vt 0.838802 0.654515
vt 0.838802 0.641027
vt 0.877750 0.587489
vt 0.877750 0.601730
vt 0.848596 0.617987
vt 0.833011 0.617987
vt 0.838802 0.600562
vt 0.881618 0.609748
vt 0.830823 0.356989
vt 0.728871 0.356989
vt 0.830823 0.356989
vt 0.728871 0.356989
vt 0.869493 0.555296
vt 0.843284 0.555296
vt 0.841250 0.579472
vt 0.831158 0.579472
vt 0.851342 0.579472
vt 0.861434 0.579472
vt 0.871526 0.579472
vt 0.881618 0.579472
vt 0.830823 0.458940
vt 0.796839 0.458940
vt 0.762855 0.458940
vt 0.728871 0.458940
vt 0.835027 0.601730
vt 0.835027 0.587489
vt 0.830823 0.458940
vt 0.796839 0.458940
vt 0.762855 0.458940
vt 0.728871 0.458940
vt 0.848596 0.571232
vt 0.833011 0.571232
vt 0.879267 0.614050
vt 0.879267 0.600562
vt 0.879267 0.627539
vt 0.879267 0.641027
vt 0.879267 0.654515
vt 0.879267 0.668003
vt 0.879267 0.681492
vt 0.852290 0.587074
vt 0.865778 0.587074
vt 0.838802 0.587074
vt 0.879267 0.587074
vt 0.838802 0.573585
vt 0.852290 0.573585
vt 0.865778 0.573585
vt 0.879267 0.573585
vt 0.852290 0.533120
vt 0.865778 0.533120
vt 0.865778 0.546609
vt 0.852290 0.546609
vt 0.838802 0.533120
vt 0.838802 0.546609
vt 0.879267 0.533120
vt 0.879267 0.546609
vt 0.865778 0.560097
vt 0.852290 0.560097
vt 0.838802 0.560097
vt 0.879267 0.560097
vt 0.944337 0.580248
vt 0.944337 0.559502
vt 0.965083 0.559502
vt 0.965083 0.580248
vt 0.944337 0.642486
vt 0.944337 0.663232
vt 0.965083 0.642486
vt 0.965083 0.663232
vt 0.515606 0.529372
vt 0.553107 0.529372
vt 0.553107 0.566873
vt 0.515606 0.566873
vt 0.515606 0.604373
vt 0.553107 0.604373
vt 0.553107 0.641874
vt 0.515606 0.641874
vt 0.515606 0.566873
vt 0.553107 0.566873
vt 0.553107 0.604373
vt 0.515606 0.604373
vt 0.590607 0.566873
vt 0.590607 0.604373
vt 0.590607 0.566873
vt 0.590607 0.604373
vt 0.553107 0.641874
vt 0.515606 0.641874
vt 0.515606 0.529372
vt 0.553107 0.529372
vt 0.590607 0.529372
vt 0.590607 0.641874
vt 0.628108 0.529372
vt 0.628108 0.566873
vt 0.628108 0.604373
vt 0.628108 0.641874
vt 0.651165 0.610137
vt 0.651165 0.593795
vt 0.667507 0.593794
vt 0.667507 0.610137
vt 0.634821 0.610137
vt 0.634821 0.593795
vt 0.618479 0.610137
vt 0.618479 0.593795
vt 0.651165 0.577452
vt 0.651165 0.561109
vt 0.667507 0.561109
vt 0.667507 0.577452
vt 0.634821 0.577452
vt 0.634821 0.561109
vt 0.618479 0.577452
vt 0.618479 0.561109
vt 0.602136 0.593795
vt 0.602136 0.610137
vt 0.585793 0.610137
vt 0.585793 0.593795
vt 0.602136 0.561109
vt 0.602136 0.577452
vt 0.585793 0.577452
vt 0.585793 0.561109
vt 0.569450 0.610137
vt 0.569450 0.593795
vt 0.569450 0.577452
vt 0.569450 0.561109
vt 0.553107 0.610137
vt 0.553107 0.593795
vt 0.553107 0.577452
vt 0.553107 0.561109
vt 0.536764 0.610137
vt 0.536764 0.593794
vt 0.536764 0.577452
vt 0.536764 0.561109
vt 0.520421 0.610137
vt 0.520421 0.593794
vt 0.520421 0.577452
vt 0.520421 0.561109
vt 0.455049 0.610137
vt 0.455049 0.593794
vt 0.471392 0.593795
vt 0.471392 0.610137
vt 0.455049 0.577452
vt 0.455049 0.561109
vt 0.471392 0.561109
vt 0.471392 0.577452
vt 0.487735 0.561109
vt 0.487735 0.577452
vt 0.487735 0.593795
vt 0.487735 0.610137
vt 0.504078 0.561109
vt 0.504078 0.577452
vt 0.504078 0.593795
vt 0.504078 0.610137
vt 0.455049 0.544765
vt 0.471392 0.544765
vt 0.585793 0.544765
vt 0.602136 0.544765
vt 0.569450 0.544765
vt 0.634821 0.544765
vt 0.618478 0.544765
vt 0.618479 0.626480
vt 0.634821 0.626480
vt 0.602136 0.626480
vt 0.585793 0.626480
vt 0.569450 0.626480
vt 0.471392 0.626480
vt 0.455049 0.626480
vt 0.651165 0.544765
vt 0.651165 0.626480
vt 0.553107 0.626480
vt 0.536764 0.626480
vt 0.553107 0.544765
vt 0.536764 0.544765
vt 0.487735 0.626480
vt 0.487735 0.544765
vt 0.667507 0.544765
vt 0.667507 0.626480
vt 0.520421 0.626480
vt 0.504078 0.626480
vt 0.520421 0.544765
vt 0.504078 0.544765
vt 0.585793 0.528423
vt 0.602136 0.528423
vt 0.569450 0.528423
vt 0.618478 0.528423
vt 0.634821 0.528423
vt 0.651165 0.528423
vt 0.553107 0.528423
vt 0.536764 0.528423
vt 0.455049 0.528423
vt 0.471392 0.528423
vt 0.667507 0.528423
vt 0.487735 0.528423
vt 0.520421 0.528423
vt 0.504078 0.528423
vt 0.585793 0.642823
vt 0.569450 0.642823
vt 0.602136 0.642823
vt 0.634821 0.642823
vt 0.618479 0.642823
vt 0.651165 0.642823
vt 0.553107 0.642823
vt 0.536764 0.642823
vt 0.667507 0.642823
vt 0.471392 0.642823
vt 0.455049 0.642823
vt 0.487735 0.642823
vt 0.504078 0.642823
vt 0.520421 0.642823
vt 0.438706 0.610137
vt 0.438706 0.593794
vt 0.438706 0.577452
vt 0.438706 0.561109
vt 0.438706 0.544765
vt 0.438706 0.626480
vt 0.478105 0.566873
vt 0.478105 0.529372
vt 0.478105 0.604373
vt 0.478105 0.641874
vt 0.438706 0.528423
vt 0.478105 0.641874
vt 0.478105 0.604373
vt 0.478105 0.566873
vt 0.438706 0.642823
vt 0.478105 0.529372
vt 0.515606 0.529372
vt 0.553107 0.529372
vt 0.553107 0.566873
vt 0.515606 0.566873
vt 0.515606 0.604373
vt 0.553107 0.604373
vt 0.553107 0.641874
vt 0.515606 0.641874
vt 0.515606 0.566873
vt 0.553107 0.566873
vt 0.553107 0.604373
vt 0.515606 0.604373
vt 0.590607 0.566873
vt 0.590607 0.604373
vt 0.590607 0.566873
vt 0.590607 0.604373
vt 0.553107 0.641874
vt 0.515606 0.641874
vt 0.515606 0.529372
vt 0.553107 0.529372
vt 0.590607 0.529372
vt 0.590607 0.641874
vt 0.628108 0.529372
vt 0.628108 0.566873
vt 0.628108 0.604373
vt 0.628108 0.641874
vt 0.651165 0.610137
vt 0.651165 0.593795
vt 0.667507 0.593794
vt 0.667507 0.610137
vt 0.634821 0.610137
vt 0.634821 0.593795
vt 0.618479 0.610137
vt 0.618479 0.593795
vt 0.651165 0.577452
vt 0.651165 0.561109
vt 0.667507 0.561109
vt 0.667507 0.577452
vt 0.634821 0.577452
vt 0.634821 0.561109
vt 0.618479 0.577452
vt 0.618479 0.561109
vt 0.602136 0.593795
vt 0.602136 0.610137
vt 0.585793 0.610137
vt 0.585793 0.593795
vt 0.602136 0.561109
vt 0.602136 0.577452
vt 0.585793 0.577452
vt 0.585793 0.561109
vt 0.569450 0.610137
vt 0.569450 0.593795
vt 0.569450 0.577452
vt 0.569450 0.561109
vt 0.553107 0.610137
vt 0.553107 0.593795
vt 0.553107 0.577452
vt 0.553107 0.561109
vt 0.536764 0.610137
vt 0.536764 0.593794
vt 0.536764 0.577452
vt 0.536764 0.561109
vt 0.520421 0.610137
vt 0.520421 0.593794
vt 0.520421 0.577452
vt 0.520421 0.561109
vt 0.455049 0.610137
vt 0.455049 0.593794
vt 0.471392 0.593795
vt 0.471392 0.610137
vt 0.455049 0.577452
vt 0.455049 0.561109
vt 0.471392 0.561109
vt 0.471392 0.577452
vt 0.487735 0.561109
vt 0.487735 0.577452
vt 0.487735 0.593795
vt 0.487735 0.610137
vt 0.504078 0.561109
vt 0.504078 0.577452
vt 0.504078 0.593795
vt 0.504078 0.610137
vt 0.455049 0.544765
vt 0.471392 0.544765
vt 0.585793 0.544765
vt 0.602136 0.544765
vt 0.569450 0.544765
vt 0.634821 0.544765
vt 0.618478 0.544765
vt 0.618479 0.626480
vt 0.634821 0.626480
vt 0.602136 0.626480
vt 0.585793 0.626480
vt 0.569450 0.626480
vt 0.471392 0.626480
vt 0.455049 0.626480
vt 0.651165 0.544765
vt 0.651165 0.626480
vt 0.553107 0.626480
vt 0.536764 0.626480
vt 0.553107 0.544765
vt 0.536764 0.544765
vt 0.487735 0.626480
vt 0.487735 0.544765
vt 0.667507 0.544765
vt 0.667507 0.626480
vt 0.520421 0.626480
vt 0.504078 0.626480
vt 0.520421 0.544765
vt 0.504078 0.544765
vt 0.585793 0.528423
vt 0.602136 0.528423
vt 0.569450 0.528423
vt 0.618478 0.528423
vt 0.634821 0.528423
vt 0.651165 0.528423
vt 0.553107 0.528423
vt 0.536764 0.528423
vt 0.455049 0.528423
vt 0.471392 0.528423
vt 0.667507 0.528423
vt 0.487735 0.528423
vt 0.520421 0.528423
vt 0.504078 0.528423
vt 0.585793 0.642823
vt 0.569450 0.642823
vt 0.602136 0.642823
vt 0.634821 0.642823
vt 0.618479 0.642823
vt 0.651165 0.642823
vt 0.553107 0.642823
vt 0.536764 0.642823
vt 0.667507 0.642823
vt 0.471392 0.642823
vt 0.455049 0.642823
vt 0.487735 0.642823
vt 0.504078 0.642823
vt 0.520421 0.642823
vt 0.438706 0.610137
vt 0.438706 0.593794
vt 0.438706 0.577452
vt 0.438706 0.561109
vt 0.438706 0.544765
vt 0.438706 0.626480
vt 0.478105 0.566873
vt 0.478105 0.529372
vt 0.478105 0.604373
vt 0.478105 0.641874
vt 0.438706 0.528423
vt 0.478105 0.641874
vt 0.478105 0.604373
vt 0.478105 0.566873
vt 0.438706 0.642823
vt 0.478105 0.529372
vt 0.230947 0.373500
vt 0.232934 0.373500
vt 0.232934 0.433102
vt 0.230947 0.433102
vt 0.234920 0.373500
vt 0.234920 0.433102
vt 0.236907 0.373500
vt 0.236907 0.433102
vt 0.238894 0.373500
vt 0.238894 0.433102
vt 0.240881 0.373500
vt 0.240881 0.433102
vt 0.242867 0.373500
vt 0.242867 0.433102
vt 0.244854 0.373500
vt 0.244854 0.433102
vt 0.246841 0.373500
vt 0.246841 0.433102
vt 0.248827 0.373500
vt 0.248827 0.433102
vt 0.250814 0.373500
vt 0.250814 0.433102
vt 0.252801 0.373500
vt 0.252801 0.433102
vt 0.254787 0.373500
vt 0.254787 0.433102
vt 0.256774 0.373500
vt 0.256774 0.433102
vt 0.258761 0.373500
vt 0.258761 0.433102
vt 0.260748 0.373500
vt 0.260748 0.433102
vt 0.262734 0.373500
vt 0.262734 0.433102
vt 0.264721 0.373500
vt 0.264721 0.433102
vt 0.266708 0.373500
vt 0.266708 0.433102
vt 0.268694 0.373500
vt 0.268694 0.433102
vt 0.270681 0.373500
vt 0.270681 0.433102
vt 0.270905 0.334070
vt 0.274432 0.340993
vt 0.250814 0.348667
vt 0.265411 0.328576
vt 0.258488 0.325048
vt 0.250814 0.323833
vt 0.243140 0.325048
vt 0.236217 0.328576
vt 0.230723 0.334070
vt 0.227196 0.340993
vt 0.225980 0.348667
vt 0.227196 0.356341
vt 0.230723 0.363264
vt 0.236217 0.368758
vt 0.243140 0.372285
vt 0.250814 0.373500
vt 0.258488 0.372285
vt 0.265411 0.368758
vt 0.270905 0.363264
vt 0.274432 0.356341
vt 0.275648 0.348667
vt 0.274432 0.465609
vt 0.270905 0.472532
vt 0.250814 0.457935
vt 0.265411 0.478026
vt 0.258488 0.481554
vt 0.250814 0.482769
vt 0.243140 0.481554
vt 0.236217 0.478026
vt 0.230723 0.472532
vt 0.227196 0.465609
vt 0.225980 0.457935
vt 0.227196 0.450261
vt 0.230723 0.443338
vt 0.236217 0.437844
vt 0.243140 0.434317
vt 0.250814 0.433102
vt 0.258488 0.434317
vt 0.265411 0.437844
vt 0.270905 0.443338
vt 0.274432 0.450261
vt 0.275648 0.457935
f 1/161 5/162 6/163 2/103
f 3/101 7/181 8/182 4/183
f 13/186 14/189 20/155 19/102
f 16/169 15/166 17/104 18/158
f 1/161 2/103 17/104 15/166
f 3/101 4/183 13/186 19/102
f 16/169 18/158 11/160 10/172
f 20/155 14/189 9/192 12/159
f 25/170 26/173 28/174 27/171
f 30/164 29/167 31/168 32/165
f 33/187 34/185 38/184 37/188
f 36/193 35/190 39/191 40/194
f 29/167 25/170 27/171 31/168
f 35/190 33/187 37/188 39/191
f 36/193 40/194 23/195 22/196
f 28/174 26/173 21/175 24/176
f 7/181 38/184 34/185 8/182
f 5/162 30/164 32/165 6/163
f 26/1 25/2 41/3 42/4
f 35/5 36/6 44/7 43/8
f 29/9 30/10 46/11 45/12
f 34/13 33/14 48/15 47/16
f 49/129 50/130 95/131 96/132
f 50/97 49/98 52/99 51/100
f 51/100 52/99 54/153 53/154
f 53/154 54/153 56/156 55/157
f 55/17 56/18 58/19 57/20
f 57/21 58/22 60/23 59/24
f 59/24 60/23 62/25 61/26
f 61/26 62/25 64/27 63/28
f 63/28 64/27 66/29 65/30
f 65/30 66/29 68/31 67/32
f 67/33 68/34 70/35 69/36
f 69/36 70/35 72/37 71/38
f 71/38 72/37 74/39 73/40
f 73/41 74/42 76/43 75/44
f 75/45 76/46 78/47 77/48
f 77/48 78/47 80/49 79/50
f 79/50 80/49 82/51 81/52
f 81/53 82/54 84/55 83/56
f 85/106 86/105 88/149 87/148
f 87/148 88/149 90/145 89/144
f 89/144 90/145 92/141 91/140
f 91/140 92/141 94/136 93/135
f 93/135 94/136 96/132 95/131
f 55/17 57/20 10/57 11/58
f 2/133 6/134 95/131 50/130
f 63/28 65/30 5/59 1/60
f 59/24 61/26 15/61 16/62
f 18/158 17/104 51/100 53/154
f 61/26 63/28 1/60 15/61
f 2/103 50/97 51/100 17/104
f 57/21 59/24 16/62 10/63
f 18/158 53/154 55/157 11/160
f 42/64 41/65 77/48 79/50
f 27/147 28/151 87/148 89/144
f 45/66 46/67 69/36 71/38
f 32/139 31/143 91/140 93/135
f 25/68 29/69 73/41 75/44
f 89/144 91/140 31/143 27/147
f 81/53 83/56 21/70 26/71
f 85/106 87/148 28/151 24/109
f 65/30 67/32 30/72 5/59
f 6/134 32/139 93/135 95/131
f 25/73 75/45 77/48 41/65
f 79/50 81/52 26/74 42/64
f 30/75 67/33 69/36 46/67
f 71/38 73/40 29/76 45/66
f 52/99 49/98 3/101 19/102
f 54/153 52/99 19/102 20/155
f 56/156 54/153 20/155 12/159
f 9/77 58/19 56/18 12/78
f 14/79 60/23 58/22 9/80
f 14/79 13/81 62/25 60/23
f 4/82 64/27 62/25 13/81
f 4/82 8/83 66/29 64/27
f 34/84 68/31 66/29 8/83
f 70/35 68/34 34/85 47/86
f 72/37 70/35 47/86 48/87
f 33/88 74/39 72/37 48/87
f 76/43 74/42 33/89 35/90
f 78/47 76/46 35/91 43/92
f 80/49 78/47 43/92 44/93
f 36/94 82/51 80/49 44/93
f 22/95 84/55 82/54 36/96
f 40/152 88/149 86/105 23/113
f 90/145 88/149 40/152 39/150
f 39/150 37/146 92/141 90/145
f 94/136 92/141 37/146 38/142
f 96/132 94/136 38/142 7/137
f 49/129 96/132 7/137 3/138
f 86/105 85/106 102/107 103/108
f 85/106 24/109 101/110 102/107
f 23/113 86/105 103/108 104/114
f 102/107 101/110 99/115 98/111
f 103/108 102/107 98/111 97/112
f 104/114 103/108 97/112 100/116
f 83/117 84/118 105/119 106/120
f 21/125 83/117 106/120 107/126
f 84/118 22/121 108/122 105/119
f 106/120 105/119 109/123 110/124
f 107/126 106/120 110/124 111/128
f 105/119 108/122 112/127 109/123
f 100/116 97/112 109/123 112/127
f 97/112 98/111 110/124 109/123
f 98/111 99/115 111/128 110/124
f 101/178 107/177 111/179 99/180
f 23/195 104/197 108/198 22/196
f 108/198 104/197 100/199 112/200
f 21/175 107/177 101/178 24/176
f 173/201 174/202 175/203 176/204
f 186/205 187/206 188/207 189/208
f 190/209 191/210 187/206 186/205
f 176/204 175/203 177/211 178/212
f 187/206 191/210 192/213 193/214
f 177/211 175/203 179/215 180/216
f 178/212 177/211 181/217 182/218
f 191/210 190/209 194/219 195/220
f 192/213 191/210 195/220 196/221
f 177/211 180/216 183/222 181/217
f 192/213 196/221 197/223 198/224
f 183/222 180/216 184/225 185/226
f 199/227 200/228 201/229 202/230
f 200/228 199/227 203/231 204/232
f 204/232 203/231 205/233 206/234
f 207/235 208/236 209/237 210/238
f 208/236 207/235 211/239 212/240
f 212/240 211/239 213/241 214/242
f 133/243 134/244 138/245 137/246
f 136/247 135/248 139/249 140/250
f 137/246 138/245 142/251 141/252
f 140/250 139/249 143/253 144/254
f 141/252 142/251 146/255 145/256
f 144/254 143/253 147/257 148/258
f 145/256 146/255 150/259 149/260
f 148/258 147/257 152/261 151/262
f 149/260 150/259 168/263 167/264
f 151/262 152/261 165/265 166/266
f 154/267 153/268 159/269 160/270
f 155/271 156/272 158/273 157/274
f 157/274 158/273 162/275 161/276
f 160/270 159/269 164/277 163/278
f 161/276 162/275 172/279 171/280
f 163/278 164/277 169/281 170/282
f 166/266 165/265 171/280 172/279
f 167/264 168/263 170/282 169/281
f 153/268 155/271 157/274 159/269
f 207/235 200/228 204/232 211/239
f 211/239 204/232 206/234 213/241
f 135/248 133/243 137/246 139/249
f 139/249 137/246 141/252 143/253
f 143/253 141/252 145/256 147/257
f 159/269 157/274 161/276 164/277
f 147/257 145/256 149/260 152/261
f 123/283 124/284 158/273 156/272
f 136/247 140/250 114/285 113/286
f 114/285 140/250 144/254 118/287
f 215/288 212/240 214/242 216/289
f 217/290 205/233 203/231 218/291
f 115/292 116/293 138/245 134/244
f 117/294 142/251 138/245 116/293
f 154/267 160/270 125/295 126/296
f 208/236 212/240 215/288 219/297
f 218/291 203/231 199/227 220/298
f 150/259 146/255 119/299 120/300
f 121/301 148/258 151/262 122/302
f 142/251 117/294 119/299 146/255
f 125/295 160/270 163/278 127/303
f 118/287 144/254 148/258 121/301
f 158/273 124/284 128/304 162/275
f 200/228 207/235 210/238 201/229
f 165/265 167/264 169/281 171/280
f 208/236 219/297 221/305 209/237
f 220/298 199/227 202/230 222/306
f 168/263 129/307 130/308 170/282
f 131/309 166/266 172/279 132/310
f 152/261 149/260 167/264 165/265
f 164/277 161/276 171/280 169/281
f 150/259 120/300 129/307 168/263
f 127/303 163/278 170/282 130/308
f 122/302 151/262 166/266 131/309
f 162/275 128/304 132/310 172/279
f 113/286 114/285 174/311 173/312
f 114/285 118/287 175/313 174/311
f 215/288 216/289 223/314 224/315
f 219/297 215/288 224/315 225/316
f 118/287 121/301 179/317 175/313
f 121/301 122/302 180/318 179/317
f 124/284 123/283 182/319 181/320
f 221/305 219/297 225/316 226/321
f 128/304 124/284 181/320 183/322
f 122/302 131/309 184/323 180/318
f 131/309 132/310 185/324 184/323
f 132/310 128/304 183/322 185/324
f 117/294 116/293 188/325 187/326
f 116/293 115/292 189/327 188/325
f 217/290 218/291 227/328 228/329
f 218/291 220/298 229/330 227/328
f 120/300 119/299 193/331 192/332
f 119/299 117/294 187/326 193/331
f 220/298 222/306 230/333 229/330
f 126/296 125/295 195/334 194/335
f 125/295 127/303 196/336 195/334
f 127/303 130/308 197/337 196/336
f 130/308 129/307 198/338 197/337
f 129/307 120/300 192/332 198/338
f 153/268 154/267 202/339 201/340
f 134/244 133/243 206/234 205/233
f 156/272 155/271 210/341 209/342
f 135/248 136/247 214/242 213/241
f 133/243 135/248 213/241 206/234
f 136/247 113/286 216/289 214/242
f 115/292 134/244 205/233 217/290
f 155/271 153/268 201/340 210/341
f 123/283 156/272 209/342 221/343
f 154/267 126/296 222/344 202/339
f 113/286 173/312 223/314 216/289
f 173/201 176/204 224/345 223/346
f 176/204 178/212 225/347 224/345
f 178/212 182/218 226/348 225/347
f 182/319 123/283 221/343 226/349
f 186/205 189/208 228/350 227/351
f 189/327 115/292 217/290 228/329
f 190/209 186/205 227/351 229/352
f 126/296 194/335 230/353 222/344
f 194/219 190/209 229/352 230/354
f 291/355 292/356 293/357 294/358
f 304/359 305/360 306/361 307/362
f 308/363 309/364 305/360 304/359
f 294/358 293/357 295/365 296/366
f 305/360 309/364 310/367 311/368
f 295/365 293/357 297/369 298/370
f 296/366 295/365 299/371 300/372
f 309/364 308/363 312/373 313/374
f 310/367 309/364 313/374 314/375
f 295/365 298/370 301/376 299/371
f 310/367 314/375 315/377 316/378
f 301/376 298/370 302/379 303/380
f 317/381 318/382 319/383 320/384
f 318/382 317/381 321/385 322/386
f 322/386 321/385 323/387 324/388
f 325/389 326/390 327/391 328/392
f 326/390 325/389 329/393 330/394
f 330/394 329/393 331/395 332/396
f 251/397 252/398 256/399 255/400
f 254/401 253/402 257/403 258/404
f 255/400 256/399 260/405 259/406
f 258/404 257/403 261/407 262/408
f 259/406 260/405 264/409 263/410
f 262/408 261/407 265/411 266/412
f 263/410 264/409 268/413 267/414
f 266/412 265/411 270/415 269/416
f 267/414 268/413 286/417 285/418
f 269/416 270/415 283/419 284/420
f 272/421 271/422 277/423 278/424
f 273/425 274/426 276/427 275/428
f 275/428 276/427 280/429 279/430
f 278/424 277/423 282/431 281/432
f 279/430 280/429 290/433 289/434
f 281/432 282/431 287/435 288/436
f 284/420 283/419 289/434 290/433
f 285/418 286/417 288/436 287/435
f 271/422 273/425 275/428 277/423
f 325/389 318/382 322/386 329/393
f 329/393 322/386 324/388 331/395
f 253/402 251/397 255/400 257/403
f 257/403 255/400 259/406 261/407
f 261/407 259/406 263/410 265/411
f 277/423 275/428 279/430 282/431
f 265/411 263/410 267/414 270/415
f 241/437 242/438 276/427 274/426
f 254/401 258/404 232/439 231/440
f 232/439 258/404 262/408 236/441
f 333/442 330/394 332/396 334/443
f 335/444 323/387 321/385 336/445
f 233/446 234/447 256/399 252/398
f 235/448 260/405 256/399 234/447
f 272/421 278/424 243/449 244/450
f 326/390 330/394 333/442 337/451
f 336/445 321/385 317/381 338/452
f 268/413 264/409 237/453 238/454
f 239/455 266/412 269/416 240/456
f 260/405 235/448 237/453 264/409
f 243/449 278/424 281/432 245/457
f 236/441 262/408 266/412 239/455
f 276/427 242/438 246/458 280/429
f 318/382 325/389 328/392 319/383
f 283/419 285/418 287/435 289/434
f 326/390 337/451 339/459 327/391
f 338/452 317/381 320/384 340/460
f 286/417 247/461 248/462 288/436
f 249/463 284/420 290/433 250/464
f 270/415 267/414 285/418 283/419
f 282/431 279/430 289/434 287/435
f 268/413 238/454 247/461 286/417
f 245/457 281/432 288/436 248/462
f 240/456 269/416 284/420 249/463
f 280/429 246/458 250/464 290/433
f 231/440 232/439 292/465 291/466
f 232/439 236/441 293/467 292/465
f 333/442 334/443 341/468 342/469
f 337/451 333/442 342/469 343/470
f 236/441 239/455 297/471 293/467
f 239/455 240/456 298/472 297/471
f 242/438 241/437 300/473 299/474
f 339/459 337/451 343/470 344/475
f 246/458 242/438 299/474 301/476
f 240/456 249/463 302/477 298/472
f 249/463 250/464 303/478 302/477
f 250/464 246/458 301/476 303/478
f 235/448 234/447 306/479 305/480
f 234/447 233/446 307/481 306/479
f 335/444 336/445 345/482 346/483
f 336/445 338/452 347/484 345/482
f 238/454 237/453 311/485 310/486
f 237/453 235/448 305/480 311/485
f 338/452 340/460 348/487 347/484
f 244/450 243/449 313/488 312/489
f 243/449 245/457 314/490 313/488
f 245/457 248/462 315/491 314/490
f 248/462 247/461 316/492 315/491
f 247/461 238/454 310/486 316/492
f 271/422 272/421 320/493 319/494
f 252/398 251/397 324/388 323/387
f 274/426 273/425 328/495 327/496
f 253/402 254/401 332/396 331/395
f 251/397 253/402 331/395 324/388
f 254/401 231/440 334/443 332/396
f 233/446 252/398 323/387 335/444
f 273/425 271/422 319/494 328/495
f 241/437 274/426 327/496 339/497
f 272/421 244/450 340/498 320/493
f 231/440 291/466 341/468 334/443
f 291/355 294/358 342/499 341/500
f 294/358 296/366 343/501 342/499
f 296/366 300/372 344/502 343/501
f 300/473 241/437 339/497 344/503
f 304/359 307/362 346/504 345/505
f 307/481 233/446 335/444 346/483
f 308/363 304/359 345/505 347/506
f 244/450 312/489 348/507 340/498
f 312/373 308/363 347/506 348/508
f 349/509 350/510 370/511 369/512
f 350/510 351/513 371/514 370/511
f 351/513 352/515 372/516 371/514
f 352/515 353/517 373/518 372/516
f 353/517 354/519 374/520 373/518
f 354/519 355/521 375/522 374/520
f 355/521 356/523 376/524 375/522
f 356/523 357/525 377/526 376/524
f 357/525 358/527 378/528 377/526
f 358/527 359/529 379/530 378/528
f 359/529 360/531 380/532 379/530
f 360/531 361/533 381/534 380/532
f 361/533 362/535 382/536 381/534
f 362/535 363/537 383/538 382/536
f 363/537 364/539 384/540 383/538
f 364/539 365/541 385/542 384/540
f 365/541 366/543 386/544 385/542
f 366/543 367/545 387/546 386/544
f 367/545 368/547 388/548 387/546
f 368/547 349/549 369/550 388/548
f 350/551 349/552 389/553
f 351/554 350/551 389/553
f 352/555 351/554 389/553
f 353/556 352/555 389/553
f 354/557 353/556 389/553
f 355/558 354/557 389/553
f 356/559 355/558 389/553
f 357/560 356/559 389/553
f 358/561 357/560 389/553
f 359/562 358/561 389/553
f 360/563 359/562 389/553
f 361/564 360/563 389/553
f 362/565 361/564 389/553
f 363/566 362/565 389/553
f 364/567 363/566 389/553
f 365/568 364/567 389/553
f 366/569 365/568 389/553
f 367/570 366/569 389/553
f 368/571 367/570 389/553
f 349/552 368/571 389/553
f 369/572 370/573 390/574
f 370/573 371/575 390/574
f 371/575 372/576 390/574
f 372/576 373/577 390/574
f 373/577 374/578 390/574
f 374/578 375/579 390/574
f 375/579 376/580 390/574
f 376/580 377/581 390/574
f 377/581 378/582 390/574
f 378/582 379/583 390/574
f 379/583 380/584 390/574
f 380/584 381/585 390/574
f 381/585 382/586 390/574
f 382/586 383/587 390/574
f 383/587 384/588 390/574
f 384/588 385/589 390/574
f 385/589 386/590 390/574
f 386/590 387/591 390/574
f 387/591 388/592 390/574
f 388/592 369/572 390/574
f 391/593 395/594 396/595 392/596
f 393/597 397/598 398/599 394/600
f 403/601 404/602 410/603 409/604
f 406/605 405/606 407/607 408/608
f 391/593 392/596 407/607 405/606
f 393/597 394/600 403/601 409/604
f 406/605 408/608 401/609 400/610
f 410/603 404/602 399/611 402/612
f 415/613 416/614 418/615 417/616
f 420/617 419/618 421/619 422/620
f 423/621 424/622 428/623 427/624
f 426/625 425/626 429/627 430/628
f 419/618 415/613 417/616 421/619
f 425/626 423/621 427/624 429/627
f 426/625 430/628 413/629 412/630
f 418/615 416/614 411/631 414/632
f 397/598 428/623 424/622 398/599
f 395/594 420/617 422/620 396/595
f 416/633 415/634 431/635 432/636
f 425/637 426/638 434/639 433/640
f 419/641 420/642 436/643 435/644
f 424/645 423/646 438/647 437/648
f 439/649 440/650 485/651 486/652
f 440/653 439/654 442/655 441/656
f 441/656 442/655 444/657 443/658
f 443/658 444/657 446/659 445/660
f 445/661 446/662 448/663 447/664
f 447/665 448/666 450/667 449/668
f 449/668 450/667 452/669 451/670
f 451/670 452/669 454/671 453/672
f 453/672 454/671 456/673 455/674
f 455/674 456/673 458/675 457/676
f 457/677 458/678 460/679 459/680
f 459/680 460/679 462/681 461/682
f 461/682 462/681 464/683 463/684
f 463/685 464/686 466/687 465/688
f 465/689 466/690 468/691 467/692
f 467/692 468/691 470/693 469/694
f 469/694 470/693 472/695 471/696
f 471/697 472/698 474/699 473/700
f 475/701 476/702 478/703 477/704
f 477/704 478/703 480/705 479/706
f 479/706 480/705 482/707 481/708
f 481/708 482/707 484/709 483/710
f 483/710 484/709 486/652 485/651
f 445/661 447/664 400/711 401/712
f 392/713 396/714 485/651 440/650
f 453/672 455/674 395/715 391/716
f 449/668 451/670 405/717 406/718
f 408/608 407/607 441/656 443/658
f 451/670 453/672 391/716 405/717
f 392/596 440/653 441/656 407/607
f 447/665 449/668 406/718 400/719
f 408/608 443/658 445/660 401/609
f 432/720 431/721 467/692 469/694
f 417/722 418/723 477/704 479/706
f 435/724 436/725 459/680 461/682
f 422/726 421/727 481/708 483/710
f 415/728 419/729 463/685 465/688
f 479/706 481/708 421/727 417/722
f 471/697 473/700 411/730 416/731
f 475/701 477/704 418/723 414/732
f 455/674 457/676 420/733 395/715
f 396/714 422/726 483/710 485/651
f 415/734 465/689 467/692 431/721
f 469/694 471/696 416/735 432/720
f 420/736 457/677 459/680 436/725
f 461/682 463/684 419/737 435/724
f 442/655 439/654 393/597 409/604
f 444/657 442/655 409/604 410/603
f 446/659 444/657 410/603 402/612
f 399/738 448/663 446/662 402/739
f 404/740 450/667 448/666 399/741
f 404/740 403/742 452/669 450/667
f 394/743 454/671 452/669 403/742
f 394/743 398/744 456/673 454/671
f 424/745 458/675 456/673 398/744
f 460/679 458/678 424/746 437/747
f 462/681 460/679 437/747 438/748
f 423/749 464/683 462/681 438/748
f 466/687 464/686 423/750 425/751
f 468/691 466/690 425/752 433/753
f 470/693 468/691 433/753 434/754
f 426/755 472/695 470/693 434/754
f 412/756 474/699 472/698 426/757
f 430/758 478/703 476/702 413/759
f 480/705 478/703 430/758 429/760
f 429/760 427/761 482/707 480/705
f 484/709 482/707 427/761 428/762
f 486/652 484/709 428/762 397/763
f 439/649 486/652 397/763 393/764
f 476/702 475/701 492/765 493/766
f 475/701 414/732 491/767 492/765
f 413/759 476/702 493/766 494/768
f 492/765 491/767 489/769 488/770
f 493/766 492/765 488/770 487/771
f 494/768 493/766 487/771 490/772
f 473/773 474/774 495/775 496/776
f 411/777 473/773 496/776 497/778
f 474/774 412/779 498/780 495/775
f 496/776 495/775 499/781 500/782
f 497/778 496/776 500/782 501/783
f 495/775 498/780 502/784 499/781
f 490/772 487/771 499/781 502/784
f 487/771 488/770 500/782 499/781
f 488/770 489/769 501/783 500/782
f 491/785 497/786 501/787 489/788
f 413/629 494/789 498/790 412/630
f 498/790 494/789 490/791 502/792
f 411/631 497/786 491/785 414/632
f 563/793 564/794 565/795 566/796
f 576/797 577/798 578/799 579/800
f 580/801 581/802 577/798 576/797
f 566/796 565/795 567/803 568/804
f 577/798 581/802 582/805 583/806
f 567/803 565/795 569/807 570/808
f 568/804 567/803 571/809 572/810
f 581/802 580/801 584/811 585/812
f 582/805 581/802 585/812 586/813
f 567/803 570/808 573/814 571/809
f 582/805 586/813 587/815 588/816
f 573/814 570/808 574/817 575/818
f 589/819 590/820 591/821 592/822
f 590/820 589/819 593/823 594/824
f 594/824 593/823 595/825 596/826
f 597/827 598/828 599/829 600/830
f 598/828 597/827 601/831 602/832
f 602/832 601/831 603/833 604/834
f 523/835 524/836 528/837 527/838
f 526/839 525/840 529/841 530/842
f 527/838 528/837 532/843 531/844
f 530/842 529/841 533/845 534/846
f 531/844 532/843 536/847 535/848
f 534/846 533/845 537/849 538/850
f 535/848 536/847 540/851 539/852
f 538/850 537/849 542/853 541/854
f 539/852 540/851 558/855 557/856
f 541/854 542/853 555/857 556/858
f 544/859 543/860 549/861 550/862
f 545/863 546/864 548/865 547/866
f 547/866 548/865 552/867 551/868
f 550/862 549/861 554/869 553/870
f 551/868 552/867 562/871 561/872
f 553/870 554/869 559/873 560/874
f 556/858 555/857 561/872 562/871
f 557/856 558/855 560/874 559/873
f 543/860 545/863 547/866 549/861
f 597/827 590/820 594/824 601/831
f 601/831 594/824 596/826 603/833
f 525/840 523/835 527/838 529/841
f 529/841 527/838 531/844 533/845
f 533/845 531/844 535/848 537/849
f 549/861 547/866 551/868 554/869
f 537/849 535/848 539/852 542/853
f 513/875 514/876 548/865 546/864
f 526/839 530/842 504/877 503/878
f 504/877 530/842 534/846 508/879
f 605/880 602/832 604/834 606/881
f 607/882 595/825 593/823 608/883
f 505/884 506/885 528/837 524/836
f 507/886 532/843 528/837 506/885
f 544/859 550/862 515/887 516/888
f 598/828 602/832 605/880 609/889
f 608/883 593/823 589/819 610/890
f 540/851 536/847 509/891 510/892
f 511/893 538/850 541/854 512/894
f 532/843 507/886 509/891 536/847
f 515/887 550/862 553/870 517/895
f 508/879 534/846 538/850 511/893
f 548/865 514/876 518/896 552/867
f 590/820 597/827 600/830 591/821
f 555/857 557/856 559/873 561/872
f 598/828 609/889 611/897 599/829
f 610/890 589/819 592/822 612/898
f 558/855 519/899 520/900 560/874
f 521/901 556/858 562/871 522/902
f 542/853 539/852 557/856 555/857
f 554/869 551/868 561/872 559/873
f 540/851 510/892 519/899 558/855
f 517/895 553/870 560/874 520/900
f 512/894 541/854 556/858 521/901
f 552/867 518/896 522/902 562/871
f 503/878 504/877 564/903 563/904
f 504/877 508/879 565/905 564/903
f 605/880 606/881 613/906 614/907
f 609/889 605/880 614/907 615/908
f 508/879 511/893 569/909 565/905
f 511/893 512/894 570/910 569/909
f 514/876 513/875 572/911 571/912
f 611/897 609/889 615/908 616/913
f 518/896 514/876 571/912 573/914
f 512/894 521/901 574/915 570/910
f 521/901 522/902 575/916 574/915
f 522/902 518/896 573/914 575/916
f 507/886 506/885 578/917 577/918
f 506/885 505/884 579/919 578/917
f 607/882 608/883 617/920 618/921
f 608/883 610/890 619/922 617/920
f 510/892 509/891 583/923 582/924
f 509/891 507/886 577/918 583/923
f 610/890 612/898 620/925 619/922
f 516/888 515/887 585/926 584/927
f 515/887 517/895 586/928 585/926
f 517/895 520/900 587/929 586/928
f 520/900 519/899 588/930 587/929
f 519/899 510/892 582/924 588/930
f 543/860 544/859 592/931 591/932
f 524/836 523/835 596/826 595/825
f 546/864 545/863 600/933 599/934
f 525/840 526/839 604/834 603/833
f 523/835 525/840 603/833 596/826
f 526/839 503/878 606/881 604/834
f 505/884 524/836 595/825 607/882
f 545/863 543/860 591/932 600/933
f 513/875 546/864 599/934 611/935
f 544/859 516/888 612/936 592/931
f 503/878 563/904 613/906 606/881
f 563/793 566/796 614/937 613/938
f 566/796 568/804 615/939 614/937
f 568/804 572/810 616/940 615/939
f 572/911 513/875 611/935 616/941
f 576/797 579/800 618/942 617/943
f 579/919 505/884 607/882 618/921
f 580/801 576/797 617/943 619/944
f 516/888 584/927 620/945 612/936
f 584/811 580/801 619/944 620/946
f 681/947 682/948 683/949 684/950
f 694/951 695/952 696/953 697/954
f 698/955 699/956 695/952 694/951
f 684/950 683/949 685/957 686/958
f 695/952 699/956 700/959 701/960
f 685/957 683/949 687/961 688/962
f 686/958 685/957 689/963 690/964
f 699/956 698/955 702/965 703/966
f 700/959 699/956 703/966 704/967
f 685/957 688/962 691/968 689/963
f 700/959 704/967 705/969 706/970
f 691/968 688/962 692/971 693/972
f 707/973 708/974 709/975 710/976
f 708/974 707/973 711/977 712/978
f 712/978 711/977 713/979 714/980
f 715/981 716/982 717/983 718/984
f 716/982 715/981 719/985 720/986
f 720/986 719/985 721/987 722/988
f 641/989 642/990 646/991 645/992
f 644/993 643/994 647/995 648/996
f 645/992 646/991 650/997 649/998
f 648/996 647/995 651/999 652/1000
f 649/998 650/997 654/1001 653/1002
f 652/1000 651/999 655/1003 656/1004
f 653/1002 654/1001 658/1005 657/1006
f 656/1004 655/1003 660/1007 659/1008
f 657/1006 658/1005 676/1009 675/1010
f 659/1008 660/1007 673/1011 674/1012
f 662/1013 661/1014 667/1015 668/1016
f 663/1017 664/1018 666/1019 665/1020
f 665/1020 666/1019 670/1021 669/1022
f 668/1016 667/1015 672/1023 671/1024
f 669/1022 670/1021 680/1025 679/1026
f 671/1024 672/1023 677/1027 678/1028
f 674/1012 673/1011 679/1026 680/1025
f 675/1010 676/1009 678/1028 677/1027
f 661/1014 663/1017 665/1020 667/1015
f 715/981 708/974 712/978 719/985
f 719/985 712/978 714/980 721/987
f 643/994 641/989 645/992 647/995
f 647/995 645/992 649/998 651/999
f 651/999 649/998 653/1002 655/1003
f 667/1015 665/1020 669/1022 672/1023
f 655/1003 653/1002 657/1006 660/1007
f 631/1029 632/1030 666/1019 664/1018
f 644/993 648/996 622/1031 621/1032
f 622/1031 648/996 652/1000 626/1033
f 723/1034 720/986 722/988 724/1035
f 725/1036 713/979 711/977 726/1037
f 623/1038 624/1039 646/991 642/990
f 625/1040 650/997 646/991 624/1039
f 662/1013 668/1016 633/1041 634/1042
f 716/982 720/986 723/1034 727/1043
f 726/1037 711/977 707/973 728/1044
f 658/1005 654/1001 627/1045 628/1046
f 629/1047 656/1004 659/1008 630/1048
f 650/997 625/1040 627/1045 654/1001
f 633/1041 668/1016 671/1024 635/1049
f 626/1033 652/1000 656/1004 629/1047
f 666/1019 632/1030 636/1050 670/1021
f 708/974 715/981 718/984 709/975
f 673/1011 675/1010 677/1027 679/1026
f 716/982 727/1043 729/1051 717/983
f 728/1044 707/973 710/976 730/1052
f 676/1009 637/1053 638/1054 678/1028
f 639/1055 674/1012 680/1025 640/1056
f 660/1007 657/1006 675/1010 673/1011
f 672/1023 669/1022 679/1026 677/1027
f 658/1005 628/1046 637/1053 676/1009
f 635/1049 671/1024 678/1028 638/1054
f 630/1048 659/1008 674/1012 639/1055
f 670/1021 636/1050 640/1056 680/1025
f 621/1032 622/1031 682/1057 681/1058
f 622/1031 626/1033 683/1059 682/1057
f 723/1034 724/1035 731/1060 732/1061
f 727/1043 723/1034 732/1061 733/1062
f 626/1033 629/1047 687/1063 683/1059
f 629/1047 630/1048 688/1064 687/1063
f 632/1030 631/1029 690/1065 689/1066
f 729/1051 727/1043 733/1062 734/1067
f 636/1050 632/1030 689/1066 691/1068
f 630/1048 639/1055 692/1069 688/1064
f 639/1055 640/1056 693/1070 692/1069
f 640/1056 636/1050 691/1068 693/1070
f 625/1040 624/1039 696/1071 695/1072
f 624/1039 623/1038 697/1073 696/1071
f 725/1036 726/1037 735/1074 736/1075
f 726/1037 728/1044 737/1076 735/1074
f 628/1046 627/1045 701/1077 700/1078
f 627/1045 625/1040 695/1072 701/1077
f 728/1044 730/1052 738/1079 737/1076
f 634/1042 633/1041 703/1080 702/1081
f 633/1041 635/1049 704/1082 703/1080
f 635/1049 638/1054 705/1083 704/1082
f 638/1054 637/1053 706/1084 705/1083
f 637/1053 628/1046 700/1078 706/1084
f 661/1014 662/1013 710/1085 709/1086
f 642/990 641/989 714/980 713/979
f 664/1018 663/1017 718/1087 717/1088
f 643/994 644/993 722/988 721/987
f 641/989 643/994 721/987 714/980
f 644/993 621/1032 724/1035 722/988
f 623/1038 642/990 713/979 725/1036
f 663/1017 661/1014 709/1086 718/1087
f 631/1029 664/1018 717/1088 729/1089
f 662/1013 634/1042 730/1090 710/1085
f 621/1032 681/1058 731/1060 724/1035
f 681/947 684/950 732/1091 731/1092
f 684/950 686/958 733/1093 732/1091
f 686/958 690/964 734/1094 733/1093
f 690/1065 631/1029 729/1089 734/1095
f 694/951 697/954 736/1096 735/1097
f 697/1073 623/1038 725/1036 736/1075
f 698/955 694/951 735/1097 737/1098
f 634/1042 702/1081 738/1099 730/1090
f 702/965 698/955 737/1098 738/1100
f 739/1101 740/1102 760/1103 759/1104
f 740/1102 741/1105 761/1106 760/1103
f 741/1105 742/1107 762/1108 761/1106
f 742/1107 743/1109 763/1110 762/1108
f 743/1109 744/1111 764/1112 763/1110
f 744/1111 745/1113 765/1114 764/1112
f 745/1113 746/1115 766/1116 765/1114
f 746/1115 747/1117 767/1118 766/1116
f 747/1117 748/1119 768/1120 767/1118
f 748/1119 749/1121 769/1122 768/1120
f 749/1121 750/1123 770/1124 769/1122
f 750/1123 751/1125 771/1126 770/1124
f 751/1125 752/1127 772/1128 771/1126
f 752/1127 753/1129 773/1130 772/1128
f 753/1129 754/1131 774/1132 773/1130
f 754/1131 755/1133 775/1134 774/1132
f 755/1133 756/1135 776/1136 775/1134
f 756/1135 757/1137 777/1138 776/1136
f 757/1137 758/1139 778/1140 777/1138
f 758/1139 739/1141 759/1142 778/1140
f 740/1143 739/1144 779/1145
f 741/1146 740/1143 779/1145
f 742/1147 741/1146 779/1145
f 743/1148 742/1147 779/1145
f 744/1149 743/1148 779/1145
f 745/1150 744/1149 779/1145
f 746/1151 745/1150 779/1145
f 747/1152 746/1151 779/1145
f 748/1153 747/1152 779/1145
f 749/1154 748/1153 779/1145
f 750/1155 749/1154 779/1145
f 751/1156 750/1155 779/1145
f 752/1157 751/1156 779/1145
f 753/1158 752/1157 779/1145
f 754/1159 753/1158 779/1145
f 755/1160 754/1159 779/1145
f 756/1161 755/1160 779/1145
f 757/1162 756/1161 779/1145
f 758/1163 757/1162 779/1145
f 739/1144 758/1163 779/1145
f 759/1164 760/1165 780/1166
f 760/1165 761/1167 780/1166
f 761/1167 762/1168 780/1166
f 762/1168 763/1169 780/1166
f 763/1169 764/1170 780/1166
f 764/1170 765/1171 780/1166
f 765/1171 766/1172 780/1166
f 766/1172 767/1173 780/1166
f 767/1173 768/1174 780/1166
f 768/1174 769/1175 780/1166
f 769/1175 770/1176 780/1166
f 770/1176 771/1177 780/1166
f 771/1177 772/1178 780/1166
f 772/1178 773/1179 780/1166
f 773/1179 774/1180 780/1166
f 774/1180 775/1181 780/1166
f 775/1181 776/1182 780/1166
f 776/1182 777/1183 780/1166
f 777/1183 778/1184 780/1166
f 778/1184 759/1164 780/1166
f 781/1185 785/1186 786/1187 782/1188
f 783/1189 787/1190 788/1191 784/1192
f 793/1193 794/1194 800/1195 799/1196
f 796/1197 795/1198 797/1199 798/1200
f 781/1185 782/1188 797/1199 795/1198
f 783/1189 784/1192 793/1193 799/1196
f 796/1197 798/1200 791/1201 790/1202
f 800/1195 794/1194 789/1203 792/1204
f 805/1205 806/1206 808/1207 807/1208
f 810/1209 809/1210 811/1211 812/1212
f 813/1213 814/1214 818/1215 817/1216
f 816/1217 815/1218 819/1219 820/1220
f 809/1210 805/1205 807/1208 811/1211
f 815/1218 813/1213 817/1216 819/1219
f 816/1217 820/1220 803/1221 802/1222
f 808/1207 806/1206 801/1223 804/1224
f 787/1190 818/1215 814/1214 788/1191
f 785/1186 810/1209 812/1212 786/1187
f 806/1225 805/1226 821/1227 822/1228
f 815/1229 816/1230 824/1231 823/1232
f 809/1233 810/1234 826/1235 825/1236
f 814/1237 813/1238 828/1239 827/1240
f 829/1241 830/1242 875/1243 876/1244
f 830/1245 829/1246 832/1247 831/1248
f 831/1248 832/1247 834/1249 833/1250
f 833/1250 834/1249 836/1251 835/1252
f 835/1253 836/1254 838/1255 837/1256
f 837/1257 838/1258 840/1259 839/1260
f 839/1260 840/1259 842/1261 841/1262
f 841/1262 842/1261 844/1263 843/1264
f 843/1264 844/1263 846/1265 845/1266
f 845/1266 846/1265 848/1267 847/1268
f 847/1269 848/1270 850/1271 849/1272
f 849/1272 850/1271 852/1273 851/1274
f 851/1274 852/1273 854/1275 853/1276
f 853/1277 854/1278 856/1279 855/1280
f 855/1281 856/1282 858/1283 857/1284
f 857/1284 858/1283 860/1285 859/1286
f 859/1286 860/1285 862/1287 861/1288
f 861/1289 862/1290 864/1291 863/1292
f 865/1293 866/1294 868/1295 867/1296
f 867/1296 868/1295 870/1297 869/1298
f 869/1298 870/1297 872/1299 871/1300
f 871/1300 872/1299 874/1301 873/1302
f 873/1302 874/1301 876/1244 875/1243
f 835/1253 837/1256 790/1303 791/1304
f 782/1305 786/1306 875/1243 830/1242
f 843/1264 845/1266 785/1307 781/1308
f 839/1260 841/1262 795/1309 796/1310
f 798/1200 797/1199 831/1248 833/1250
f 841/1262 843/1264 781/1308 795/1309
f 782/1188 830/1245 831/1248 797/1199
f 837/1257 839/1260 796/1310 790/1311
f 798/1200 833/1250 835/1252 791/1201
f 822/1312 821/1313 857/1284 859/1286
f 807/1314 808/1315 867/1296 869/1298
f 825/1316 826/1317 849/1272 851/1274
f 812/1318 811/1319 871/1300 873/1302
f 805/1320 809/1321 853/1277 855/1280
f 869/1298 871/1300 811/1319 807/1314
f 861/1289 863/1292 801/1322 806/1323
f 865/1293 867/1296 808/1315 804/1324
f 845/1266 847/1268 810/1325 785/1307
f 786/1306 812/1318 873/1302 875/1243
f 805/1326 855/1281 857/1284 821/1313
f 859/1286 861/1288 806/1327 822/1312
f 810/1328 847/1269 849/1272 826/1317
f 851/1274 853/1276 809/1329 825/1316
f 832/1247 829/1246 783/1189 799/1196
f 834/1249 832/1247 799/1196 800/1195
f 836/1251 834/1249 800/1195 792/1204
f 789/1330 838/1255 836/1254 792/1331
f 794/1332 840/1259 838/1258 789/1333
f 794/1332 793/1334 842/1261 840/1259
f 784/1335 844/1263 842/1261 793/1334
f 784/1335 788/1336 846/1265 844/1263
f 814/1337 848/1267 846/1265 788/1336
f 850/1271 848/1270 814/1338 827/1339
f 852/1273 850/1271 827/1339 828/1340
f 813/1341 854/1275 852/1273 828/1340
f 856/1279 854/1278 813/1342 815/1343
f 858/1283 856/1282 815/1344 823/1345
f 860/1285 858/1283 823/1345 824/1346
f 816/1347 862/1287 860/1285 824/1346
f 802/1348 864/1291 862/1290 816/1349
f 820/1350 868/1295 866/1294 803/1351
f 870/1297 868/1295 820/1350 819/1352
f 819/1352 817/1353 872/1299 870/1297
f 874/1301 872/1299 817/1353 818/1354
f 876/1244 874/1301 818/1354 787/1355
f 829/1241 876/1244 787/1355 783/1356
f 866/1294 865/1293 882/1357 883/1358
f 865/1293 804/1324 881/1359 882/1357
f 803/1351 866/1294 883/1358 884/1360
f 882/1357 881/1359 879/1361 878/1362
f 883/1358 882/1357 878/1362 877/1363
f 884/1360 883/1358 877/1363 880/1364
f 863/1365 864/1366 885/1367 886/1368
f 801/1369 863/1365 886/1368 887/1370
f 864/1366 802/1371 888/1372 885/1367
f 886/1368 885/1367 889/1373 890/1374
f 887/1370 886/1368 890/1374 891/1375
f 885/1367 888/1372 892/1376 889/1373
f 880/1364 877/1363 889/1373 892/1376
f 877/1363 878/1362 890/1374 889/1373
f 878/1362 879/1361 891/1375 890/1374
f 881/1377 887/1378 891/1379 879/1380
f 803/1221 884/1381 888/1382 802/1222
f 888/1382 884/1381 880/1383 892/1384
f 801/1223 887/1378 881/1377 804/1224
f 953/1385 954/1386 955/1387 956/1388
f 966/1389 967/1390 968/1391 969/1392
f 970/1393 971/1394 967/1390 966/1389
f 956/1388 955/1387 957/1395 958/1396
f 967/1390 971/1394 972/1397 973/1398
f 957/1395 955/1387 959/1399 960/1400
f 958/1396 957/1395 961/1401 962/1402
f 971/1394 970/1393 974/1403 975/1404
f 972/1397 971/1394 975/1404 976/1405
f 957/1395 960/1400 963/1406 961/1401
f 972/1397 976/1405 977/1407 978/1408
f 963/1406 960/1400 964/1409 965/1410
f 979/1411 980/1412 981/1413 982/1414
f 980/1412 979/1411 983/1415 984/1416
f 984/1416 983/1415 985/1417 986/1418
f 987/1419 988/1420 989/1421 990/1422
f 988/1420 987/1419 991/1423 992/1424
f 992/1424 991/1423 993/1425 994/1426
f 913/1427 914/1428 918/1429 917/1430
f 916/1431 915/1432 919/1433 920/1434
f 917/1430 918/1429 922/1435 921/1436
f 920/1434 919/1433 923/1437 924/1438
f 921/1436 922/1435 926/1439 925/1440
f 924/1438 923/1437 927/1441 928/1442
f 925/1440 926/1439 930/1443 929/1444
f 928/1442 927/1441 932/1445 931/1446
f 929/1444 930/1443 948/1447 947/1448
f 931/1446 932/1445 945/1449 946/1450
f 934/1451 933/1452 939/1453 940/1454
f 935/1455 936/1456 938/1457 937/1458
f 937/1458 938/1457 942/1459 941/1460
f 940/1454 939/1453 944/1461 943/1462
f 941/1460 942/1459 952/1463 951/1464
f 943/1462 944/1461 949/1465 950/1466
f 946/1450 945/1449 951/1464 952/1463
f 947/1448 948/1447 950/1466 949/1465
f 933/1452 935/1455 937/1458 939/1453
f 987/1419 980/1412 984/1416 991/1423
f 991/1423 984/1416 986/1418 993/1425
f 915/1432 913/1427 917/1430 919/1433
f 919/1433 917/1430 921/1436 923/1437
f 923/1437 921/1436 925/1440 927/1441
f 939/1453 937/1458 941/1460 944/1461
f 927/1441 925/1440 929/1444 932/1445
f 903/1467 904/1468 938/1457 936/1456
f 916/1431 920/1434 894/1469 893/1470
f 894/1469 920/1434 924/1438 898/1471
f 995/1472 992/1424 994/1426 996/1473
f 997/1474 985/1417 983/1415 998/1475
f 895/1476 896/1477 918/1429 914/1428
f 897/1478 922/1435 918/1429 896/1477
f 934/1451 940/1454 905/1479 906/1480
f 988/1420 992/1424 995/1472 999/1481
f 998/1475 983/1415 979/1411 1000/1482
f 930/1443 926/1439 899/1483 900/1484
f 901/1485 928/1442 931/1446 902/1486
f 922/1435 897/1478 899/1483 926/1439
f 905/1479 940/1454 943/1462 907/1487
f 898/1471 924/1438 928/1442 901/1485
f 938/1457 904/1468 908/1488 942/1459
f 980/1412 987/1419 990/1422 981/1413
f 945/1449 947/1448 949/1465 951/1464
f 988/1420 999/1481 1001/1489 989/1421
f 1000/1482 979/1411 982/1414 1002/1490
f 948/1447 909/1491 910/1492 950/1466
f 911/1493 946/1450 952/1463 912/1494
f 932/1445 929/1444 947/1448 945/1449
f 944/1461 941/1460 951/1464 949/1465
f 930/1443 900/1484 909/1491 948/1447
f 907/1487 943/1462 950/1466 910/1492
f 902/1486 931/1446 946/1450 911/1493
f 942/1459 908/1488 912/1494 952/1463
f 893/1470 894/1469 954/1495 953/1496
f 894/1469 898/1471 955/1497 954/1495
f 995/1472 996/1473 1003/1498 1004/1499
f 999/1481 995/1472 1004/1499 1005/1500
f 898/1471 901/1485 959/1501 955/1497
f 901/1485 902/1486 960/1502 959/1501
f 904/1468 903/1467 962/1503 961/1504
f 1001/1489 999/1481 1005/1500 1006/1505
f 908/1488 904/1468 961/1504 963/1506
f 902/1486 911/1493 964/1507 960/1502
f 911/1493 912/1494 965/1508 964/1507
f 912/1494 908/1488 963/1506 965/1508
f 897/1478 896/1477 968/1509 967/1510
f 896/1477 895/1476 969/1511 968/1509
f 997/1474 998/1475 1007/1512 1008/1513
f 998/1475 1000/1482 1009/1514 1007/1512
f 900/1484 899/1483 973/1515 972/1516
f 899/1483 897/1478 967/1510 973/1515
f 1000/1482 1002/1490 1010/1517 1009/1514
f 906/1480 905/1479 975/1518 974/1519
f 905/1479 907/1487 976/1520 975/1518
f 907/1487 910/1492 977/1521 976/1520
f 910/1492 909/1491 978/1522 977/1521
f 909/1491 900/1484 972/1516 978/1522
f 933/1452 934/1451 982/1523 981/1524
f 914/1428 913/1427 986/1418 985/1417
f 936/1456 935/1455 990/1525 989/1526
f 915/1432 916/1431 994/1426 993/1425
f 913/1427 915/1432 993/1425 986/1418
f 916/1431 893/1470 996/1473 994/1426
f 895/1476 914/1428 985/1417 997/1474
f 935/1455 933/1452 981/1524 990/1525
f 903/1467 936/1456 989/1526 1001/1527
f 934/1451 906/1480 1002/1528 982/1523
f 893/1470 953/1496 1003/1498 996/1473
f 953/1385 956/1388 1004/1529 1003/1530
f 956/1388 958/1396 1005/1531 1004/1529
f 958/1396 962/1402 1006/1532 1005/1531
f 962/1503 903/1467 1001/1527 1006/1533
f 966/1389 969/1392 1008/1534 1007/1535
f 969/1511 895/1476 997/1474 1008/1513
f 970/1393 966/1389 1007/1535 1009/1536
f 906/1480 974/1519 1010/1537 1002/1528
f 974/1403 970/1393 1009/1536 1010/1538
f 1071/1539 1072/1540 1073/1541 1074/1542
f 1084/1543 1085/1544 1086/1545 1087/1546
f 1088/1547 1089/1548 1085/1544 1084/1543
f 1074/1542 1073/1541 1075/1549 1076/1550
f 1085/1544 1089/1548 1090/1551 1091/1552
f 1075/1549 1073/1541 1077/1553 1078/1554
f 1076/1550 1075/1549 1079/1555 1080/1556
f 1089/1548 1088/1547 1092/1557 1093/1558
f 1090/1551 1089/1548 1093/1558 1094/1559
f 1075/1549 1078/1554 1081/1560 1079/1555
f 1090/1551 1094/1559 1095/1561 1096/1562
f 1081/1560 1078/1554 1082/1563 1083/1564
f 1097/1565 1098/1566 1099/1567 1100/1568
f 1098/1566 1097/1565 1101/1569 1102/1570
f 1102/1570 1101/1569 1103/1571 1104/1572
f 1105/1573 1106/1574 1107/1575 1108/1576
f 1106/1574 1105/1573 1109/1577 1110/1578
f 1110/1578 1109/1577 1111/1579 1112/1580
f 1031/1581 1032/1582 1036/1583 1035/1584
f 1034/1585 1033/1586 1037/1587 1038/1588
f 1035/1584 1036/1583 1040/1589 1039/1590
f 1038/1588 1037/1587 1041/1591 1042/1592
f 1039/1590 1040/1589 1044/1593 1043/1594
f 1042/1592 1041/1591 1045/1595 1046/1596
f 1043/1594 1044/1593 1048/1597 1047/1598
f 1046/1596 1045/1595 1050/1599 1049/1600
f 1047/1598 1048/1597 1066/1601 1065/1602
f 1049/1600 1050/1599 1063/1603 1064/1604
f 1052/1605 1051/1606 1057/1607 1058/1608
f 1053/1609 1054/1610 1056/1611 1055/1612
f 1055/1612 1056/1611 1060/1613 1059/1614
f 1058/1608 1057/1607 1062/1615 1061/1616
f 1059/1614 1060/1613 1070/1617 1069/1618
f 1061/1616 1062/1615 1067/1619 1068/1620
f 1064/1604 1063/1603 1069/1618 1070/1617
f 1065/1602 1066/1601 1068/1620 1067/1619
f 1051/1606 1053/1609 1055/1612 1057/1607
f 1105/1573 1098/1566 1102/1570 1109/1577
f 1109/1577 1102/1570 1104/1572 1111/1579
f 1033/1586 1031/1581 1035/1584 1037/1587
f 1037/1587 1035/1584 1039/1590 1041/1591
f 1041/1591 1039/1590 1043/1594 1045/1595
f 1057/1607 1055/1612 1059/1614 1062/1615
f 1045/1595 1043/1594 1047/1598 1050/1599
f 1021/1621 1022/1622 1056/1611 1054/1610
f 1034/1585 1038/1588 1012/1623 1011/1624
f 1012/1623 1038/1588 1042/1592 1016/1625
f 1113/1626 1110/1578 1112/1580 1114/1627
f 1115/1628 1103/1571 1101/1569 1116/1629
f 1013/1630 1014/1631 1036/1583 1032/1582
f 1015/1632 1040/1589 1036/1583 1014/1631
f 1052/1605 1058/1608 1023/1633 1024/1634
f 1106/1574 1110/1578 1113/1626 1117/1635
f 1116/1629 1101/1569 1097/1565 1118/1636
f 1048/1597 1044/1593 1017/1637 1018/1638
f 1019/1639 1046/1596 1049/1600 1020/1640
f 1040/1589 1015/1632 1017/1637 1044/1593
f 1023/1633 1058/1608 1061/1616 1025/1641
f 1016/1625 1042/1592 1046/1596 1019/1639
f 1056/1611 1022/1622 1026/1642 1060/1613
f 1098/1566 1105/1573 1108/1576 1099/1567
f 1063/1603 1065/1602 1067/1619 1069/1618
f 1106/1574 1117/1635 1119/1643 1107/1575
f 1118/1636 1097/1565 1100/1568 1120/1644
f 1066/1601 1027/1645 1028/1646 1068/1620
f 1029/1647 1064/1604 1070/1617 1030/1648
f 1050/1599 1047/1598 1065/1602 1063/1603
f 1062/1615 1059/1614 1069/1618 1067/1619
f 1048/1597 1018/1638 1027/1645 1066/1601
f 1025/1641 1061/1616 1068/1620 1028/1646
f 1020/1640 1049/1600 1064/1604 1029/1647
f 1060/1613 1026/1642 1030/1648 1070/1617
f 1011/1624 1012/1623 1072/1649 1071/1650
f 1012/1623 1016/1625 1073/1651 1072/1649
f 1113/1626 1114/1627 1121/1652 1122/1653
f 1117/1635 1113/1626 1122/1653 1123/1654
f 1016/1625 1019/1639 1077/1655 1073/1651
f 1019/1639 1020/1640 1078/1656 1077/1655
f 1022/1622 1021/1621 1080/1657 1079/1658
f 1119/1643 1117/1635 1123/1654 1124/1659
f 1026/1642 1022/1622 1079/1658 1081/1660
f 1020/1640 1029/1647 1082/1661 1078/1656
f 1029/1647 1030/1648 1083/1662 1082/1661
f 1030/1648 1026/1642 1081/1660 1083/1662
f 1015/1632 1014/1631 1086/1663 1085/1664
f 1014/1631 1013/1630 1087/1665 1086/1663
f 1115/1628 1116/1629 1125/1666 1126/1667
f 1116/1629 1118/1636 1127/1668 1125/1666
f 1018/1638 1017/1637 1091/1669 1090/1670
f 1017/1637 1015/1632 1085/1664 1091/1669
f 1118/1636 1120/1644 1128/1671 1127/1668
f 1024/1634 1023/1633 1093/1672 1092/1673
f 1023/1633 1025/1641 1094/1674 1093/1672
f 1025/1641 1028/1646 1095/1675 1094/1674
f 1028/1646 1027/1645 1096/1676 1095/1675
f 1027/1645 1018/1638 1090/1670 1096/1676
f 1051/1606 1052/1605 1100/1677 1099/1678
f 1032/1582 1031/1581 1104/1572 1103/1571
f 1054/1610 1053/1609 1108/1679 1107/1680
f 1033/1586 1034/1585 1112/1580 1111/1579
f 1031/1581 1033/1586 1111/1579 1104/1572
f 1034/1585 1011/1624 1114/1627 1112/1580
f 1013/1630 1032/1582 1103/1571 1115/1628
f 1053/1609 1051/1606 1099/1678 1108/1679
f 1021/1621 1054/1610 1107/1680 1119/1681
f 1052/1605 1024/1634 1120/1682 1100/1677
f 1011/1624 1071/1650 1121/1652 1114/1627
f 1071/1539 1074/1542 1122/1683 1121/1684
f 1074/1542 1076/1550 1123/1685 1122/1683
f 1076/1550 1080/1556 1124/1686 1123/1685
f 1080/1657 1021/1621 1119/1681 1124/1687
f 1084/1543 1087/1546 1126/1688 1125/1689
f 1087/1665 1013/1630 1115/1628 1126/1667
f 1088/1547 1084/1543 1125/1689 1127/1690
f 1024/1634 1092/1673 1128/1691 1120/1682
f 1092/1557 1088/1547 1127/1690 1128/1692
f 1129/1693 1130/1694 1150/1695 1149/1696
f 1130/1694 1131/1697 1151/1698 1150/1695
f 1131/1697 1132/1699 1152/1700 1151/1698
f 1132/1699 1133/1701 1153/1702 1152/1700
f 1133/1701 1134/1703 1154/1704 1153/1702
f 1134/1703 1135/1705 1155/1706 1154/1704
f 1135/1705 1136/1707 1156/1708 1155/1706
f 1136/1707 1137/1709 1157/1710 1156/1708
f 1137/1709 1138/1711 1158/1712 1157/1710
f 1138/1711 1139/1713 1159/1714 1158/1712
f 1139/1713 1140/1715 1160/1716 1159/1714
f 1140/1715 1141/1717 1161/1718 1160/1716
f 1141/1717 1142/1719 1162/1720 1161/1718
f 1142/1719 1143/1721 1163/1722 1162/1720
f 1143/1721 1144/1723 1164/1724 1163/1722
f 1144/1723 1145/1725 1165/1726 1164/1724
f 1145/1725 1146/1727 1166/1728 1165/1726
f 1146/1727 1147/1729 1167/1730 1166/1728
f 1147/1729 1148/1731 1168/1732 1167/1730
f 1148/1731 1129/1733 1149/1734 1168/1732
f 1130/1735 1129/1736 1169/1737
f 1131/1738 1130/1735 1169/1737
f 1132/1739 1131/1738 1169/1737
f 1133/1740 1132/1739 1169/1737
f 1134/1741 1133/1740 1169/1737
f 1135/1742 1134/1741 1169/1737
f 1136/1743 1135/1742 1169/1737
f 1137/1744 1136/1743 1169/1737
f 1138/1745 1137/1744 1169/1737
f 1139/1746 1138/1745 1169/1737
f 1140/1747 1139/1746 1169/1737
f 1141/1748 1140/1747 1169/1737
f 1142/1749 1141/1748 1169/1737
f 1143/1750 1142/1749 1169/1737
f 1144/1751 1143/1750 1169/1737
f 1145/1752 1144/1751 1169/1737
f 1146/1753 1145/1752 1169/1737
f 1147/1754 1146/1753 1169/1737
f 1148/1755 1147/1754 1169/1737
f 1129/1736 1148/1755 1169/1737
f 1149/1756 1150/1757 1170/1758
f 1150/1757 1151/1759 1170/1758
f 1151/1759 1152/1760 1170/1758
f 1152/1760 1153/1761 1170/1758
f 1153/1761 1154/1762 1170/1758
f 1154/1762 1155/1763 1170/1758
f 1155/1763 1156/1764 1170/1758
f 1156/1764 1157/1765 1170/1758
f 1157/1765 1158/1766 1170/1758
f 1158/1766 1159/1767 1170/1758
f 1159/1767 1160/1768 1170/1758
f 1160/1768 1161/1769 1170/1758
f 1161/1769 1162/1770 1170/1758
f 1162/1770 1163/1771 1170/1758
f 1163/1771 1164/1772 1170/1758
f 1164/1772 1165/1773 1170/1758
f 1165/1773 1166/1774 1170/1758
f 1166/1774 1167/1775 1170/1758
f 1167/1775 1168/1776 1170/1758
f 1168/1776 1149/1756 1170/1758
f 1171/1777 1175/1778 1176/1779 1172/1780
f 1173/1781 1177/1782 1178/1783 1174/1784
f 1183/1785 1184/1786 1190/1787 1189/1788
f 1186/1789 1185/1790 1187/1791 1188/1792
f 1171/1777 1172/1780 1187/1791 1185/1790
f 1173/1781 1174/1784 1183/1785 1189/1788
f 1186/1789 1188/1792 1181/1793 1180/1794
f 1190/1787 1184/1786 1179/1795 1182/1796
f 1195/1797 1196/1798 1198/1799 1197/1800
f 1200/1801 1199/1802 1201/1803 1202/1804
f 1203/1805 1204/1806 1208/1807 1207/1808
f 1206/1809 1205/1810 1209/1811 1210/1812
f 1199/1802 1195/1797 1197/1800 1201/1803
f 1205/1810 1203/1805 1207/1808 1209/1811
f 1206/1809 1210/1812 1193/1813 1192/1814
f 1198/1799 1196/1798 1191/1815 1194/1816
f 1177/1782 1208/1807 1204/1806 1178/1783
f 1175/1778 1200/1801 1202/1804 1176/1779
f 1196/1817 1195/1818 1211/1819 1212/1820
f 1205/1821 1206/1822 1214/1823 1213/1824
f 1199/1825 1200/1826 1216/1827 1215/1828
f 1204/1829 1203/1830 1218/1831 1217/1832
f 1219/1833 1220/1834 1265/1835 1266/1836
f 1220/1837 1219/1838 1222/1839 1221/1840
f 1221/1840 1222/1839 1224/1841 1223/1842
f 1223/1842 1224/1841 1226/1843 1225/1844
f 1225/1845 1226/1846 1228/1847 1227/1848
f 1227/1849 1228/1850 1230/1851 1229/1852
f 1229/1852 1230/1851 1232/1853 1231/1854
f 1231/1854 1232/1853 1234/1855 1233/1856
f 1233/1856 1234/1855 1236/1857 1235/1858
f 1235/1858 1236/1857 1238/1859 1237/1860
f 1237/1861 1238/1862 1240/1863 1239/1864
f 1239/1864 1240/1863 1242/1865 1241/1866
f 1241/1866 1242/1865 1244/1867 1243/1868
f 1243/1869 1244/1870 1246/1871 1245/1872
f 1245/1873 1246/1874 1248/1875 1247/1876
f 1247/1876 1248/1875 1250/1877 1249/1878
f 1249/1878 1250/1877 1252/1879 1251/1880
f 1251/1881 1252/1882 1254/1883 1253/1884
f 1255/1885 1256/1886 1258/1887 1257/1888
f 1257/1888 1258/1887 1260/1889 1259/1890
f 1259/1890 1260/1889 1262/1891 1261/1892
f 1261/1892 1262/1891 1264/1893 1263/1894
f 1263/1894 1264/1893 1266/1836 1265/1835
f 1225/1845 1227/1848 1180/1895 1181/1896
f 1172/1897 1176/1898 1265/1835 1220/1834
f 1233/1856 1235/1858 1175/1899 1171/1900
f 1229/1852 1231/1854 1185/1901 1186/1902
f 1188/1792 1187/1791 1221/1840 1223/1842
f 1231/1854 1233/1856 1171/1900 1185/1901
f 1172/1780 1220/1837 1221/1840 1187/1791
f 1227/1849 1229/1852 1186/1902 1180/1903
f 1188/1792 1223/1842 1225/1844 1181/1793
f 1212/1904 1211/1905 1247/1876 1249/1878
f 1197/1906 1198/1907 1257/1888 1259/1890
f 1215/1908 1216/1909 1239/1864 1241/1866
f 1202/1910 1201/1911 1261/1892 1263/1894
f 1195/1912 1199/1913 1243/1869 1245/1872
f 1259/1890 1261/1892 1201/1911 1197/1906
f 1251/1881 1253/1884 1191/1914 1196/1915
f 1255/1885 1257/1888 1198/1907 1194/1916
f 1235/1858 1237/1860 1200/1917 1175/1899
f 1176/1898 1202/1910 1263/1894 1265/1835
f 1195/1918 1245/1873 1247/1876 1211/1905
f 1249/1878 1251/1880 1196/1919 1212/1904
f 1200/1920 1237/1861 1239/1864 1216/1909
f 1241/1866 1243/1868 1199/1921 1215/1908
f 1222/1839 1219/1838 1173/1781 1189/1788
f 1224/1841 1222/1839 1189/1788 1190/1787
f 1226/1843 1224/1841 1190/1787 1182/1796
f 1179/1922 1228/1847 1226/1846 1182/1923
f 1184/1924 1230/1851 1228/1850 1179/1925
f 1184/1924 1183/1926 1232/1853 1230/1851
f 1174/1927 1234/1855 1232/1853 1183/1926
f 1174/1927 1178/1928 1236/1857 1234/1855
f 1204/1929 1238/1859 1236/1857 1178/1928
f 1240/1863 1238/1862 1204/1930 1217/1931
f 1242/1865 1240/1863 1217/1931 1218/1932
f 1203/1933 1244/1867 1242/1865 1218/1932
f 1246/1871 1244/1870 1203/1934 1205/1935
f 1248/1875 1246/1874 1205/1936 1213/1937
f 1250/1877 1248/1875 1213/1937 1214/1938
f 1206/1939 1252/1879 1250/1877 1214/1938
f 1192/1940 1254/1883 1252/1882 1206/1941
f 1210/1942 1258/1887 1256/1886 1193/1943
f 1260/1889 1258/1887 1210/1942 1209/1944
f 1209/1944 1207/1945 1262/1891 1260/1889
f 1264/1893 1262/1891 1207/1945 1208/1946
f 1266/1836 1264/1893 1208/1946 1177/1947
f 1219/1833 1266/1836 1177/1947 1173/1948
f 1256/1886 1255/1885 1272/1949 1273/1950
f 1255/1885 1194/1916 1271/1951 1272/1949
f 1193/1943 1256/1886 1273/1950 1274/1952
f 1272/1949 1271/1951 1269/1953 1268/1954
f 1273/1950 1272/1949 1268/1954 1267/1955
f 1274/1952 1273/1950 1267/1955 1270/1956
f 1253/1957 1254/1958 1275/1959 1276/1960
f 1191/1961 1253/1957 1276/1960 1277/1962
f 1254/1958 1192/1963 1278/1964 1275/1959
f 1276/1960 1275/1959 1279/1965 1280/1966
f 1277/1962 1276/1960 1280/1966 1281/1967
f 1275/1959 1278/1964 1282/1968 1279/1965
f 1270/1956 1267/1955 1279/1965 1282/1968
f 1267/1955 1268/1954 1280/1966 1279/1965
f 1268/1954 1269/1953 1281/1967 1280/1966
f 1271/1969 1277/1970 1281/1971 1269/1972
f 1193/1813 1274/1973 1278/1974 1192/1814
f 1278/1974 1274/1973 1270/1975 1282/1976
f 1191/1815 1277/1970 1271/1969 1194/1816
f 1343/1977 1344/1978 1345/1979 1346/1980
f 1356/1981 1357/1982 1358/1983 1359/1984
f 1360/1985 1361/1986 1357/1982 1356/1981
f 1346/1980 1345/1979 1347/1987 1348/1988
f 1357/1982 1361/1986 1362/1989 1363/1990
f 1347/1987 1345/1979 1349/1991 1350/1992
f 1348/1988 1347/1987 1351/1993 1352/1994
f 1361/1986 1360/1985 1364/1995 1365/1996
f 1362/1989 1361/1986 1365/1996 1366/1997
f 1347/1987 1350/1992 1353/1998 1351/1993
f 1362/1989 1366/1997 1367/1999 1368/2000
f 1353/1998 1350/1992 1354/2001 1355/2002
f 1369/2003 1370/2004 1371/2005 1372/2006
f 1370/2004 1369/2003 1373/2007 1374/2008
f 1374/2008 1373/2007 1375/2009 1376/2010
f 1377/2011 1378/2012 1379/2013 1380/2014
f 1378/2012 1377/2011 1381/2015 1382/2016
f 1382/2016 1381/2015 1383/2017 1384/2018
f 1303/2019 1304/2020 1308/2021 1307/2022
f 1306/2023 1305/2024 1309/2025 1310/2026
f 1307/2022 1308/2021 1312/2027 1311/2028
f 1310/2026 1309/2025 1313/2029 1314/2030
f 1311/2028 1312/2027 1316/2031 1315/2032
f 1314/2030 1313/2029 1317/2033 1318/2034
f 1315/2032 1316/2031 1320/2035 1319/2036
f 1318/2034 1317/2033 1322/2037 1321/2038
f 1319/2036 1320/2035 1338/2039 1337/2040
f 1321/2038 1322/2037 1335/2041 1336/2042
f 1324/2043 1323/2044 1329/2045 1330/2046
f 1325/2047 1326/2048 1328/2049 1327/2050
f 1327/2050 1328/2049 1332/2051 1331/2052
f 1330/2046 1329/2045 1334/2053 1333/2054
f 1331/2052 1332/2051 1342/2055 1341/2056
f 1333/2054 1334/2053 1339/2057 1340/2058
f 1336/2042 1335/2041 1341/2056 1342/2055
f 1337/2040 1338/2039 1340/2058 1339/2057
f 1323/2044 1325/2047 1327/2050 1329/2045
f 1377/2011 1370/2004 1374/2008 1381/2015
f 1381/2015 1374/2008 1376/2010 1383/2017
f 1305/2024 1303/2019 1307/2022 1309/2025
f 1309/2025 1307/2022 1311/2028 1313/2029
f 1313/2029 1311/2028 1315/2032 1317/2033
f 1329/2045 1327/2050 1331/2052 1334/2053
f 1317/2033 1315/2032 1319/2036 1322/2037
f 1293/2059 1294/2060 1328/2049 1326/2048
f 1306/2023 1310/2026 1284/2061 1283/2062
f 1284/2061 1310/2026 1314/2030 1288/2063
f 1385/2064 1382/2016 1384/2018 1386/2065
f 1387/2066 1375/2009 1373/2007 1388/2067
f 1285/2068 1286/2069 1308/2021 1304/2020
f 1287/2070 1312/2027 1308/2021 1286/2069
f 1324/2043 1330/2046 1295/2071 1296/2072
f 1378/2012 1382/2016 1385/2064 1389/2073
f 1388/2067 1373/2007 1369/2003 1390/2074
f 1320/2035 1316/2031 1289/2075 1290/2076
f 1291/2077 1318/2034 1321/2038 1292/2078
f 1312/2027 1287/2070 1289/2075 1316/2031
f 1295/2071 1330/2046 1333/2054 1297/2079
f 1288/2063 1314/2030 1318/2034 1291/2077
f 1328/2049 1294/2060 1298/2080 1332/2051
f 1370/2004 1377/2011 1380/2014 1371/2005
f 1335/2041 1337/2040 1339/2057 1341/2056
f 1378/2012 1389/2073 1391/2081 1379/2013
f 1390/2074 1369/2003 1372/2006 1392/2082
f 1338/2039 1299/2083 1300/2084 1340/2058
f 1301/2085 1336/2042 1342/2055 1302/2086
f 1322/2037 1319/2036 1337/2040 1335/2041
f 1334/2053 1331/2052 1341/2056 1339/2057
f 1320/2035 1290/2076 1299/2083 1338/2039
f 1297/2079 1333/2054 1340/2058 1300/2084
f 1292/2078 1321/2038 1336/2042 1301/2085
f 1332/2051 1298/2080 1302/2086 1342/2055
f 1283/2062 1284/2061 1344/2087 1343/2088
f 1284/2061 1288/2063 1345/2089 1344/2087
f 1385/2064 1386/2065 1393/2090 1394/2091
f 1389/2073 1385/2064 1394/2091 1395/2092
f 1288/2063 1291/2077 1349/2093 1345/2089
f 1291/2077 1292/2078 1350/2094 1349/2093
f 1294/2060 1293/2059 1352/2095 1351/2096
f 1391/2081 1389/2073 1395/2092 1396/2097
f 1298/2080 1294/2060 1351/2096 1353/2098
f 1292/2078 1301/2085 1354/2099 1350/2094
f 1301/2085 1302/2086 1355/2100 1354/2099
f 1302/2086 1298/2080 1353/2098 1355/2100
f 1287/2070 1286/2069 1358/2101 1357/2102
f 1286/2069 1285/2068 1359/2103 1358/2101
f 1387/2066 1388/2067 1397/2104 1398/2105
f 1388/2067 1390/2074 1399/2106 1397/2104
f 1290/2076 1289/2075 1363/2107 1362/2108
f 1289/2075 1287/2070 1357/2102 1363/2107
f 1390/2074 1392/2082 1400/2109 1399/2106
f 1296/2072 1295/2071 1365/2110 1364/2111
f 1295/2071 1297/2079 1366/2112 1365/2110
f 1297/2079 1300/2084 1367/2113 1366/2112
f 1300/2084 1299/2083 1368/2114 1367/2113
f 1299/2083 1290/2076 1362/2108 1368/2114
f 1323/2044 1324/2043 1372/2115 1371/2116
f 1304/2020 1303/2019 1376/2010 1375/2009
f 1326/2048 1325/2047 1380/2117 1379/2118
f 1305/2024 1306/2023 1384/2018 1383/2017
f 1303/2019 1305/2024 1383/2017 1376/2010
f 1306/2023 1283/2062 1386/2065 1384/2018
f 1285/2068 1304/2020 1375/2009 1387/2066
f 1325/2047 1323/2044 1371/2116 1380/2117
f 1293/2059 1326/2048 1379/2118 1391/2119
f 1324/2043 1296/2072 1392/2120 1372/2115
f 1283/2062 1343/2088 1393/2090 1386/2065
f 1343/1977 1346/1980 1394/2121 1393/2122
f 1346/1980 1348/1988 1395/2123 1394/2121
f 1348/1988 1352/1994 1396/2124 1395/2123
f 1352/2095 1293/2059 1391/2119 1396/2125
f 1356/1981 1359/1984 1398/2126 1397/2127
f 1359/2103 1285/2068 1387/2066 1398/2105
f 1360/1985 1356/1981 1397/2127 1399/2128
f 1296/2072 1364/2111 1400/2129 1392/2120
f 1364/1995 1360/1985 1399/2128 1400/2130
f 1461/2131 1462/2132 1463/2133 1464/2134
f 1474/2135 1475/2136 1476/2137 1477/2138
f 1478/2139 1479/2140 1475/2136 1474/2135
f 1464/2134 1463/2133 1465/2141 1466/2142
f 1475/2136 1479/2140 1480/2143 1481/2144
f 1465/2141 1463/2133 1467/2145 1468/2146
f 1466/2142 1465/2141 1469/2147 1470/2148
f 1479/2140 1478/2139 1482/2149 1483/2150
f 1480/2143 1479/2140 1483/2150 1484/2151
f 1465/2141 1468/2146 1471/2152 1469/2147
f 1480/2143 1484/2151 1485/2153 1486/2154
f 1471/2152 1468/2146 1472/2155 1473/2156
f 1487/2157 1488/2158 1489/2159 1490/2160
f 1488/2158 1487/2157 1491/2161 1492/2162
f 1492/2162 1491/2161 1493/2163 1494/2164
f 1495/2165 1496/2166 1497/2167 1498/2168
f 1496/2166 1495/2165 1499/2169 1500/2170
f 1500/2170 1499/2169 1501/2171 1502/2172
f 1421/2173 1422/2174 1426/2175 1425/2176
f 1424/2177 1423/2178 1427/2179 1428/2180
f 1425/2176 1426/2175 1430/2181 1429/2182
f 1428/2180 1427/2179 1431/2183 1432/2184
f 1429/2182 1430/2181 1434/2185 1433/2186
f 1432/2184 1431/2183 1435/2187 1436/2188
f 1433/2186 1434/2185 1438/2189 1437/2190
f 1436/2188 1435/2187 1440/2191 1439/2192
f 1437/2190 1438/2189 1456/2193 1455/2194
f 1439/2192 1440/2191 1453/2195 1454/2196
f 1442/2197 1441/2198 1447/2199 1448/2200
f 1443/2201 1444/2202 1446/2203 1445/2204
f 1445/2204 1446/2203 1450/2205 1449/2206
f 1448/2200 1447/2199 1452/2207 1451/2208
f 1449/2206 1450/2205 1460/2209 1459/2210
f 1451/2208 1452/2207 1457/2211 1458/2212
f 1454/2196 1453/2195 1459/2210 1460/2209
f 1455/2194 1456/2193 1458/2212 1457/2211
f 1441/2198 1443/2201 1445/2204 1447/2199
f 1495/2165 1488/2158 1492/2162 1499/2169
f 1499/2169 1492/2162 1494/2164 1501/2171
f 1423/2178 1421/2173 1425/2176 1427/2179
f 1427/2179 1425/2176 1429/2182 1431/2183
f 1431/2183 1429/2182 1433/2186 1435/2187
f 1447/2199 1445/2204 1449/2206 1452/2207
f 1435/2187 1433/2186 1437/2190 1440/2191
f 1411/2213 1412/2214 1446/2203 1444/2202
f 1424/2177 1428/2180 1402/2215 1401/2216
f 1402/2215 1428/2180 1432/2184 1406/2217
f 1503/2218 1500/2170 1502/2172 1504/2219
f 1505/2220 1493/2163 1491/2161 1506/2221
f 1403/2222 1404/2223 1426/2175 1422/2174
f 1405/2224 1430/2181 1426/2175 1404/2223
f 1442/2197 1448/2200 1413/2225 1414/2226
f 1496/2166 1500/2170 1503/2218 1507/2227
f 1506/2221 1491/2161 1487/2157 1508/2228
f 1438/2189 1434/2185 1407/2229 1408/2230
f 1409/2231 1436/2188 1439/2192 1410/2232
f 1430/2181 1405/2224 1407/2229 1434/2185
f 1413/2225 1448/2200 1451/2208 1415/2233
f 1406/2217 1432/2184 1436/2188 1409/2231
f 1446/2203 1412/2214 1416/2234 1450/2205
f 1488/2158 1495/2165 1498/2168 1489/2159
f 1453/2195 1455/2194 1457/2211 1459/2210
f 1496/2166 1507/2227 1509/2235 1497/2167
f 1508/2228 1487/2157 1490/2160 1510/2236
f 1456/2193 1417/2237 1418/2238 1458/2212
f 1419/2239 1454/2196 1460/2209 1420/2240
f 1440/2191 1437/2190 1455/2194 1453/2195
f 1452/2207 1449/2206 1459/2210 1457/2211
f 1438/2189 1408/2230 1417/2237 1456/2193
f 1415/2233 1451/2208 1458/2212 1418/2238
f 1410/2232 1439/2192 1454/2196 1419/2239
f 1450/2205 1416/2234 1420/2240 1460/2209
f 1401/2216 1402/2215 1462/2241 1461/2242
f 1402/2215 1406/2217 1463/2243 1462/2241
f 1503/2218 1504/2219 1511/2244 1512/2245
f 1507/2227 1503/2218 1512/2245 1513/2246
f 1406/2217 1409/2231 1467/2247 1463/2243
f 1409/2231 1410/2232 1468/2248 1467/2247
f 1412/2214 1411/2213 1470/2249 1469/2250
f 1509/2235 1507/2227 1513/2246 1514/2251
f 1416/2234 1412/2214 1469/2250 1471/2252
f 1410/2232 1419/2239 1472/2253 1468/2248
f 1419/2239 1420/2240 1473/2254 1472/2253
f 1420/2240 1416/2234 1471/2252 1473/2254
f 1405/2224 1404/2223 1476/2255 1475/2256
f 1404/2223 1403/2222 1477/2257 1476/2255
f 1505/2220 1506/2221 1515/2258 1516/2259
f 1506/2221 1508/2228 1517/2260 1515/2258
f 1408/2230 1407/2229 1481/2261 1480/2262
f 1407/2229 1405/2224 1475/2256 1481/2261
f 1508/2228 1510/2236 1518/2263 1517/2260
f 1414/2226 1413/2225 1483/2264 1482/2265
f 1413/2225 1415/2233 1484/2266 1483/2264
f 1415/2233 1418/2238 1485/2267 1484/2266
f 1418/2238 1417/2237 1486/2268 1485/2267
f 1417/2237 1408/2230 1480/2262 1486/2268
f 1441/2198 1442/2197 1490/2269 1489/2270
f 1422/2174 1421/2173 1494/2164 1493/2163
f 1444/2202 1443/2201 1498/2271 1497/2272
f 1423/2178 1424/2177 1502/2172 1501/2171
f 1421/2173 1423/2178 1501/2171 1494/2164
f 1424/2177 1401/2216 1504/2219 1502/2172
f 1403/2222 1422/2174 1493/2163 1505/2220
f 1443/2201 1441/2198 1489/2270 1498/2271
f 1411/2213 1444/2202 1497/2272 1509/2273
f 1442/2197 1414/2226 1510/2274 1490/2269
f 1401/2216 1461/2242 1511/2244 1504/2219
f 1461/2131 1464/2134 1512/2275 1511/2276
f 1464/2134 1466/2142 1513/2277 1512/2275
f 1466/2142 1470/2148 1514/2278 1513/2277
f 1470/2249 1411/2213 1509/2273 1514/2279
f 1474/2135 1477/2138 1516/2280 1515/2281
f 1477/2257 1403/2222 1505/2220 1516/2259
f 1478/2139 1474/2135 1515/2281 1517/2282
f 1414/2226 1482/2265 1518/2283 1510/2274
f 1482/2149 1478/2139 1517/2282 1518/2284
f 1519/2285 1520/2286 1540/2287 1539/2288
f 1520/2286 1521/2289 1541/2290 1540/2287
f 1521/2289 1522/2291 1542/2292 1541/2290
f 1522/2291 1523/2293 1543/2294 1542/2292
f 1523/2293 1524/2295 1544/2296 1543/2294
f 1524/2295 1525/2297 1545/2298 1544/2296
f 1525/2297 1526/2299 1546/2300 1545/2298
f 1526/2299 1527/2301 1547/2302 1546/2300
f 1527/2301 1528/2303 1548/2304 1547/2302
f 1528/2303 1529/2305 1549/2306 1548/2304
f 1529/2305 1530/2307 1550/2308 1549/2306
f 1530/2307 1531/2309 1551/2310 1550/2308
f 1531/2309 1532/2311 1552/2312 1551/2310
f 1532/2311 1533/2313 1553/2314 1552/2312
f 1533/2313 1534/2315 1554/2316 1553/2314
f 1534/2315 1535/2317 1555/2318 1554/2316
f 1535/2317 1536/2319 1556/2320 1555/2318
f 1536/2319 1537/2321 1557/2322 1556/2320
f 1537/2321 1538/2323 1558/2324 1557/2322
f 1538/2323 1519/2325 1539/2326 1558/2324
f 1520/2327 1519/2328 1559/2329
f 1521/2330 1520/2327 1559/2329
f 1522/2331 1521/2330 1559/2329
f 1523/2332 1522/2331 1559/2329
f 1524/2333 1523/2332 1559/2329
f 1525/2334 1524/2333 1559/2329
f 1526/2335 1525/2334 1559/2329
f 1527/2336 1526/2335 1559/2329
f 1528/2337 1527/2336 1559/2329
f 1529/2338 1528/2337 1559/2329
f 1530/2339 1529/2338 1559/2329
f 1531/2340 1530/2339 1559/2329
f 1532/2341 1531/2340 1559/2329
f 1533/2342 1532/2341 1559/2329
f 1534/2343 1533/2342 1559/2329
f 1535/2344 1534/2343 1559/2329
f 1536/2345 1535/2344 1559/2329
f 1537/2346 1536/2345 1559/2329
f 1538/2347 1537/2346 1559/2329
f 1519/2328 1538/2347 1559/2329
f 1539/2348 1540/2349 1560/2350
f 1540/2349 1541/2351 1560/2350
f 1541/2351 1542/2352 1560/2350
f 1542/2352 1543/2353 1560/2350
f 1543/2353 1544/2354 1560/2350
f 1544/2354 1545/2355 1560/2350
f 1545/2355 1546/2356 1560/2350
f 1546/2356 1547/2357 1560/2350
f 1547/2357 1548/2358 1560/2350
f 1548/2358 1549/2359 1560/2350
f 1549/2359 1550/2360 1560/2350
f 1550/2360 1551/2361 1560/2350
f 1551/2361 1552/2362 1560/2350
f 1552/2362 1553/2363 1560/2350
f 1553/2363 1554/2364 1560/2350
f 1554/2364 1555/2365 1560/2350
f 1555/2365 1556/2366 1560/2350
f 1556/2366 1557/2367 1560/2350
f 1557/2367 1558/2368 1560/2350
f 1558/2368 1539/2348 1560/2350
